{"obs_size": 14289583, "obs_mean": [5241.809717901794, 567.9914727392675, 2.7650641729713175, 0.06478922288950666, 0.09813306103530102, 630.9269985065368, 0.5381131854582735, 5252.034861289739, 568.3374787073911, 2.613605309546122, 0.06478095785895961, 0.09811982650445379, 632.2428276552204, 0.5381666402021943, 5244.076140224333, 568.7181897470346, 2.4390462618818196, 0.06477233465455948, 0.09812317415504723, 633.7194179532958, 0.5381697801118865, 5250.577321533081, 569.1852364061289, 2.2543673947658234, 0.06476356937127581, 0.09810769052063995, 635.3692885993879, 0.5385776062884748, 5245.214410225079, 569.7078942751514, 2.0526188902783233, 0.06475393832927842, 0.09814027299474057, 637.545704999509, 0.5386218879165602, 5249.106235592275, 570.2691362652081, 1.8359423784444935, 0.06474388898816054, 0.09809224428809414, 640.1476078150106, 0.5397330437844412, 5254.829865356966, 570.9338893934133, 1.6027557277213758, 0.06443344799551651, 0.09812852088909736, 643.4685756991425, 0.542015854836388, 5254.368789813674, 571.6891095422448, 1.3514741472861733, 0.06412237528814614, 0.09824371901706319, 648.6721822926053, 0.5485342929181704, 5306.913140525107, 571.8140797390658, 1.0981220375710052, 0.06290915232712578, 0.09861151699108396, 656.7692385442824], "obs_std": [10939.257406934992, 555.5646785856742, 25.572850097401695, 3.2138881897718328, 0.11522089111583834, 531.1895587105377, 0.7778920890738974, 10946.79701029521, 555.4338381023257, 24.578105333277243, 3.213887769517223, 0.11369130032676912, 530.8346319878585, 0.7754504529887212, 10945.016107520603, 555.3640161486392, 23.41105325472668, 3.21388733025994, 0.11398410150634518, 530.6218788448725, 0.7707513448302697, 10943.831388343471, 555.3978268815043, 22.093884006035335, 3.213886969352205, 0.11244085569703387, 530.1892367250736, 0.7694243370310999, 10939.887579389811, 555.4165589145867, 20.521633508346678, 3.213886513351846, 0.11236661413867834, 530.1805919856478, 0.7658738993244851, 10942.976860979757, 555.4990871289766, 18.732259848449342, 3.2138860575678385, 0.11019538101778457, 530.4073394727009, 0.7658541378956872, 10939.158227373888, 555.5912202281884, 16.616174656168546, 3.006356431982992, 0.10925170383420273, 531.2315952017866, 0.7729082587886738, 10946.38036886814, 555.9139508151831, 13.989993954413686, 2.783396148513851, 0.10890235174593299, 533.3971445201092, 0.7848605231793201, 10978.877706994823, 556.1094460026542, 10.591292200165777, 1.6074065781739781, 0.10964971897775215, 537.0423390724844]}