{"obs_size": 14264008, "obs_mean": [5241.034162782078, 569.0189368934734, 2.454351890436405, 0.06505906832729841, 0.09975929683122756, 633.8575158537003, 0.5509320031929733, 5246.459926194583, 569.2401990380264, 2.354463485999167, 0.0650509888484451, 0.09984602399844535, 634.8148067371656, 0.5509833377828013, 5242.16594781836, 569.619193146835, 2.2328677185262378, 0.06474080251322985, 0.09981548653022441, 635.8717835956045, 0.5503721477862673, 5251.62690426397, 570.0097373753575, 2.084005561410229, 0.06473159952771555, 0.09978059307559224, 637.0237550524281, 0.5504406315532467, 5250.701378707884, 570.5031838176199, 1.9003355859026438, 0.06442073796201776, 0.09976153873616787, 638.395567662466, 0.5501436408336645, 5248.120648854263, 571.006795986093, 1.7219289977964118, 0.06411007208528799, 0.09976961946193645, 640.0036853710825, 0.5511606164971706, 5257.733213370675, 571.5519663898114, 1.5134920002849128, 0.06379923516490744, 0.09983511188727635, 641.8884185136948, 0.5508281568546913, 5252.649138017459, 572.3297151824366, 1.2942280318407, 0.06288493553572885, 0.0998382221285203, 644.7788746284097, 0.5521209419540823, 5303.863060414479, 572.8852426330664, 1.0626431925725224, 0.06287359138351012, 0.0999772640513117, 665.8732338627382], "obs_std": [10983.085581283336, 559.6977199527151, 23.645240086698678, 3.2167795325103263, 0.12491794567627308, 534.8931552231146, 0.8351371894551212, 10988.438738573197, 559.7486708792411, 23.020816408056934, 3.2167790822288467, 0.12416645774205669, 534.6230964508649, 0.8325498547213124, 10988.269732350935, 559.7972260592551, 22.190770630342975, 3.009063986068847, 0.12403585219346548, 534.2193785814407, 0.8331034052591375, 10996.045983557404, 559.7390214262562, 21.02343729906325, 3.0090632323043973, 0.1225403973741497, 534.0354980788127, 0.8274808554252898, 11003.205563243322, 559.8087566109947, 19.54000020231047, 2.7859035355047874, 0.12306764426261005, 533.1527160788086, 0.8224735654534348, 10990.80087712785, 559.8521719080586, 17.88737045439354, 2.543237864962978, 0.1221994169024569, 532.4637949162405, 0.825661400244711, 11002.8212250555, 559.9067302109105, 15.936319273724438, 2.27483131926623, 0.1221235600112125, 532.2519655291364, 0.8165012353280476, 10990.422732099818, 560.2279451382165, 13.533774100549781, 1.138094510604223, 0.12151370668677237, 532.7414149081511, 0.8154301346347971, 11006.929279099393, 560.5093464387014, 10.315014741818331, 1.138092712857902, 0.1227830568773853, 549.6945373699003]}