{"obs_size": 14240282, "obs_mean": [5233.568782258694, 561.3497570483505, 2.166831457410745, 0.06611440301176093, 0.1032299144369471, 628.5458042234503, 0.5703320135795334, 5232.450428103146, 561.674796257546, 2.0727624635523374, 0.0661058596327745, 0.10325998124215618, 629.3848570847117, 0.5692187839398415, 5238.479082333613, 562.058980362889, 1.9929077247206197, 0.0657954370950745, 0.10331778799668496, 630.3375055327874, 0.5703169881748407, 5236.316547600092, 562.383169167577, 1.892184298035671, 0.06548475037728332, 0.10332968927174306, 631.467872637535, 0.5701366302296728, 5238.22990039678, 562.7597332693271, 1.7702678219434138, 0.06547503217107083, 0.10330950154266669, 632.5636901301472, 0.5696507641492206, 5242.490197526652, 563.1593312548163, 1.6248069385142794, 0.06516319752011343, 0.10332561852806058, 633.8058860440575, 0.5703651928382044, 5240.645079832596, 563.6141505484233, 1.437329260754808, 0.06485028972530991, 0.10331680728766471, 635.1493814367301, 0.5695132425748624, 5245.011235682129, 564.1753081856103, 1.262132519566677, 0.06483900357556936, 0.1033372379796969, 636.9349113507712, 0.5711036082712683, 5260.771622346741, 564.7133890326048, 1.0497670621972233, 0.06331992262064101, 0.10342364242688475, 662.3162976191968], "obs_std": [11057.414540265147, 557.2626365390919, 21.240790404685253, 3.7750516203992266, 0.16647141627394796, 530.0877724096744, 0.9276577538463882, 11056.775955732455, 557.2999337150743, 20.667433431810352, 3.7750506805049904, 0.16571977433682825, 530.0114508989548, 0.9251001601514239, 11067.896434556184, 557.3154790986936, 20.026377044469733, 3.599395748266122, 0.16631016689571287, 529.8873593873902, 0.9200296392334685, 11060.007276105462, 557.338854703382, 19.271653533358332, 3.41471739550784, 0.16617386365659667, 529.8459853549607, 0.9190391634911731, 11062.953917547826, 557.3311106029896, 18.28138732055266, 3.4147168134934773, 0.1654253186971534, 529.6062435930963, 0.9162622057081478, 11073.207126907884, 557.3603038268134, 16.871049130881353, 3.219461571914576, 0.16550039382476575, 529.1863382644744, 0.909192614343868, 11063.49232315579, 557.4226379181104, 15.035149099737724, 3.0115731102125145, 0.16507914155349582, 528.7631981766282, 0.8980191378909557, 11062.18809868284, 557.5019788467708, 12.798450009021467, 3.011572093348036, 0.164137663478587, 528.6099639333797, 0.9002871232312433, 11076.94519363841, 557.6258658136279, 9.809659130514172, 1.6102172893472757, 0.16378980128292647, 549.3203624654133]}