{"obs_size": 14264008, "obs_mean": [5208.257592589553, 560.1372921972562, 2.479829021408289, 0.0633215639886156, 0.09901388483945057, 628.4784829564026, 0.5544562786981023, 5208.858194764956, 560.4399217947719, 2.383120508625627, 0.06331461550597317, 0.09905942474443412, 629.5831527372045, 0.5549012795702305, 5210.626596342206, 560.7919546876306, 2.2636590641283996, 0.06330681781404823, 0.0990384860496439, 630.7008524258162, 0.5547696613041726, 5212.254618349429, 561.2000713964826, 2.11702489230236, 0.06329894493974814, 0.0990132510416425, 632.0769124230633, 0.5550335734528431, 5215.60134845361, 561.6057136255112, 1.9397599188110382, 0.06329024517850287, 0.0990111231896397, 633.5919939129745, 0.5549889945378572, 5214.680382351194, 562.0390932899084, 1.7604802240716635, 0.06328129691375142, 0.09900747977497017, 635.3617232730999, 0.5557104461102366, 5218.78110338873, 562.5321990144706, 1.5585109739142042, 0.06327255867755574, 0.09904422230729255, 637.1759380638799, 0.5557602792286748, 5222.382052940392, 563.0968808346153, 1.3417156664522343, 0.06296216512975338, 0.09902418814851975, 639.3958158476881, 0.5563817917796969, 5224.685383662384, 563.6214395000338, 1.1127387197202918, 0.06295253883593743, 0.09905831003740423, 650.050555884709], "obs_std": [10920.135454203999, 558.2646310151518, 23.402740564062228, 1.6088633985912038, 0.1127441921358335, 525.8329745318689, 0.7815670576654185, 10920.154705595924, 558.3655871983837, 22.787870010429575, 1.6088626428991053, 0.11217942822992659, 525.807156120565, 0.7830864231545109, 10920.505072562628, 558.4231496018919, 21.97125614362396, 1.6088615822669534, 0.11148290758803113, 525.6741916186477, 0.7841799059225448, 10925.018205836153, 558.3435430913167, 20.83222780451911, 1.6088609380337977, 0.11021566973568339, 525.7632211872766, 0.7809244293215911, 10928.178466876085, 558.3295331503718, 19.368307003017026, 1.6088598771277764, 0.1099608356193955, 525.3525200099537, 0.7769408253935313, 10923.273780735202, 558.2744235787645, 17.727572371508696, 1.6088589420201334, 0.10935450744384403, 525.1521104129438, 0.778254683080092, 10928.449977769305, 558.2355740558695, 15.801036068447118, 1.6088582687885546, 0.10860300962870788, 525.0263312542611, 0.7740184733173575, 10933.449423424647, 558.3233051486723, 13.434610385608993, 1.1380794114584225, 0.10835025471511035, 525.0121671391776, 0.7729324187348302, 10932.246978178566, 558.2969688315576, 10.26822504849758, 1.13807838095272, 0.10759812215156953, 525.621233527068]}