{"obs_size": 14264008, "obs_mean": [5186.277368298465, 561.0912791131358, 2.4711077699900343, 0.0679701736587736, 0.10248400218774482, 627.7641259344034, 0.5662780283073733, 5189.309393282801, 561.3650063151956, 2.3704332611142678, 0.06735939555075525, 0.10253751333489196, 628.8176127483044, 0.5662811997161376, 5192.785478480949, 561.7417721582881, 2.248746214948842, 0.06734949968670365, 0.10252201064834011, 629.8453128002079, 0.565900858931128, 5191.849618014505, 562.1427232794597, 2.1054682526818547, 0.06673720718455409, 0.10251472936267277, 630.998258342714, 0.5663556681965184, 5194.9657786236785, 562.5768603046213, 1.9196932587250373, 0.06642568037154331, 0.10254966112771453, 632.3264328284141, 0.5655690426562073, 5192.263408128473, 563.0407278234841, 1.7464145421118664, 0.06581325488839691, 0.10251883758127582, 634.0401373566689, 0.567059631766924, 5198.578954379372, 563.5075344180963, 1.5379205479974491, 0.06489913242183619, 0.10263113453000093, 635.9471608482942, 0.5666781417257021, 5199.497880524243, 564.1457395424903, 1.322648795485813, 0.06368354933025316, 0.10267011084324948, 638.7367734547897, 0.5690620921553394, 5220.980962733337, 564.5916710085972, 1.0951991894564277, 0.06367199447028667, 0.10291754933150762, 662.5267731579082], "obs_std": [10915.307184325136, 556.4887661180411, 23.492756872469293, 4.688974916730846, 0.15466915913928997, 532.029933245946, 0.8923811360548167, 10922.916138782604, 556.5636780818184, 22.871203060857763, 4.404553273990232, 0.15340975953864816, 532.0119405663946, 0.8900948454763351, 10923.62517787773, 556.6393416647497, 22.047653814398902, 4.404552777803545, 0.15350020848205906, 531.7179575799942, 0.8901036104459796, 10926.540613306868, 556.5595027271994, 20.89880824413531, 4.100449331768761, 0.15320203219929343, 531.5314701093915, 0.8851784239507895, 10929.01524008454, 556.5797155452626, 19.42453220484808, 3.9396043199295514, 0.15414975799925906, 530.8474652667503, 0.8755445209804983, 10921.660339372875, 556.5413417918484, 17.78389887720216, 3.5963990354020874, 0.1522606553987215, 530.5845057267234, 0.8823580495976618, 10931.136219734544, 556.4980445542341, 15.844213379738408, 3.0090674612029065, 0.15329221084211864, 530.5512998505412, 0.8690489643607059, 10930.127567120177, 556.6626282942558, 13.460613819038064, 1.970200852068791, 0.1531250836696157, 531.2215400129596, 0.8757418502304106, 10939.398579742096, 556.7236633847016, 10.273682702108328, 1.970199872809146, 0.15483271714314412, 552.8684717651089]}