{"obs_size": 799948, "obs_mean": [2228.558261116926, 462.53202583167905, 3.101456594678654, 0.06984928032820978, 0.15269145358447614, 475.4471321819156, 0.8233388707766209, 2229.9108150037605, 462.7806182401856, 3.000285018526204, 0.0698375949586605, 0.15251056474670735, 476.31523653038204, 0.8231717949167615, 2226.1404968431, 463.0955299594474, 2.892449259201848, 0.06982560737821779, 0.15246204206773434, 477.4919667495261, 0.8235491431943468, 2228.676151487301, 463.2279035637316, 2.7764604699305453, 0.06981251271581497, 0.15245298391895512, 478.8244102566577, 0.8239301392091234, 2226.5904769326007, 463.6342537264922, 2.6360725947186565, 0.06980004919193575, 0.1524103980283689, 480.1514184822022, 0.8239325418653082, 2226.271905163807, 464.03010195662716, 2.4562246546025492, 0.06978581323034819, 0.1522990605401842, 481.44356355995393, 0.8239402623671475, 2220.796522058026, 464.38705140834156, 2.2502025131633556, 0.06977178890001699, 0.15221531917199496, 483.08270447913395, 0.8248296626781935, 2218.25754564538, 464.7118050173261, 2.004076514973473, 0.0697570513220745, 0.15210466737463013, 484.9629092841162, 0.8243473625786725, 2219.297265145571, 465.18049048188135, 1.7582867886412616, 0.06974106533923544, 0.15169605677993953, 495.71572374202844], "obs_std": [4062.9237265440283, 474.6570307178917, 22.36200938164228, 0.0636137310773596, 0.20198690145109302, 373.87107028428477, 1.0775569181927003, 4050.8483200553214, 474.81664446360804, 21.76124010185644, 0.06357676337263964, 0.2009036030508497, 373.96285947064985, 1.0780317896169849, 4033.425771721312, 474.8401393376631, 21.061403982599973, 0.06354205868613368, 0.20030451619269277, 373.84826909430325, 1.0802709114798998, 4042.1547055607375, 474.8019975611067, 20.255445545019406, 0.06349822369067784, 0.19986184303960888, 373.6155172781308, 1.0751467208855825, 4033.4779957997853, 475.0176140613533, 19.267831686811228, 0.06346940356600662, 0.19958525000896613, 373.97195413465136, 1.0745151758175955, 4035.8543613194165, 475.03426859812697, 17.806559391671698, 0.06343017668165248, 0.1988053953970986, 373.7344775083863, 1.072725910291008, 4018.9625156252337, 475.17357683269887, 16.05107256305841, 0.06339285422254363, 0.1981883671298564, 373.39025566009514, 1.076050816078973, 4012.441133252089, 475.2015923071547, 13.683254352481184, 0.06335559790410719, 0.19703182382088502, 373.1266587021243, 1.0766992912298943, 4020.8250109799237, 475.21225594088816, 10.832705853621112, 0.06331101672480544, 0.19456320164339347, 371.52057445795907]}