{"obs_size": 14276622, "obs_mean": [5157.676611659145, 557.6165335889679, 2.7107051654095766, 0.0646766268358926, 0.10188814824585274, 619.8865484335201, 0.5571793470471996, 5159.566003074041, 557.96474859389, 2.5904433835959235, 0.06466879301680006, 0.10187422741388052, 621.1249949569251, 0.5574959638211124, 5160.752140397242, 558.3846668350538, 2.435873345949763, 0.0646601399556628, 0.10188579138853807, 622.403499939268, 0.5575389537524869, 5163.366221853925, 558.7959975405947, 2.2567989122356815, 0.06465109556589049, 0.10188204737206139, 623.9751813632081, 0.557546628747316, 5162.222090320626, 559.2278637761789, 2.063396859565239, 0.06464165650901842, 0.10184953832643409, 625.5111878964083, 0.557532335170022, 5167.482415005256, 559.8049093826256, 1.856641367965055, 0.06463170562665983, 0.10180276726175211, 627.3061546159375, 0.5580033176615442, 5169.016615897234, 560.3748905728539, 1.6325303002348874, 0.06432086806389477, 0.10176982837179605, 629.2325304795896, 0.5580728321447294, 5173.649285720021, 560.8783320732313, 1.3939896286390436, 0.06400963650638727, 0.10174296036394347, 631.4020349786297, 0.5584630173019808, 5176.413841735526, 561.4050559719238, 1.134384450327255, 0.0639981843001162, 0.10174720171942657, 637.3997783751138], "obs_std": [10844.297029650448, 553.8627515852587, 24.794921468450195, 2.784680405705572, 0.12678671004732053, 525.8396547278032, 0.8164349039315149, 10846.582633898257, 553.7841541704414, 24.045617856910162, 2.784679947374472, 0.12549401744692176, 525.7256755588818, 0.8173036776492534, 10846.248452645308, 553.8294498868321, 22.980530019767905, 2.784679501747098, 0.1253270771002421, 525.3729936973639, 0.8190378940807983, 10849.238572407934, 553.8504350030577, 21.6947455907646, 2.7846790506524255, 0.12497494485964968, 525.2013171728761, 0.8131682193633376, 10845.77568727553, 553.7738721926517, 20.184502892099953, 2.7846785824708613, 0.12374796384345636, 524.8400208954854, 0.8141745563549706, 10853.334361301006, 553.8225683625487, 18.40964462075527, 2.784678018908276, 0.12177453246957574, 524.5588441203404, 0.8142638304564737, 10852.908501652571, 553.8061670757105, 16.33240735397196, 2.5421202417852196, 0.11959144010775204, 524.1834315565184, 0.8110979694780109, 10862.167064224504, 553.6742394918986, 13.86453723757419, 2.273833452807763, 0.11870950523607889, 524.0932265877755, 0.8119824561254734, 10859.468815107633, 553.5109922698056, 10.464742705029673, 2.2738325650588185, 0.11763283261237603, 522.5642634567868]}