{"obs_size": 14251917, "obs_mean": [5261.414823393438, 569.6599905823194, 2.3036929698650366, 0.06434089396795599, 0.09909157146171992, 637.4265668751304, 0.5480496790011201, 5259.7052861151105, 569.9307267927536, 2.2207106594853165, 0.06403149177027274, 0.0990845920971899, 638.4177561034489, 0.5484067932756413, 5263.491268198165, 570.2720786263351, 2.115458713378698, 0.06402342637191265, 0.09912108614792045, 639.4783245546079, 0.548335920844941, 5262.767045646116, 570.6756358460409, 1.9906973917964859, 0.06371310574199313, 0.0991080227899174, 640.6199968614708, 0.5479961493601521, 5268.048945188945, 571.2196489777482, 1.8388404170470538, 0.0637039626582942, 0.0990996790379145, 641.6238264157244, 0.5479511043321786, 5266.984623373985, 571.7187839362242, 1.6505235050133957, 0.06339293668508665, 0.09905567900346285, 642.9174476934328, 0.5476095868366725, 5271.038882162237, 572.4022212590771, 1.4670888133855957, 0.06338292239339513, 0.09905926171812475, 644.605119758127, 0.5484088507532419, 5275.014301530401, 573.1867768385123, 1.2536267928026805, 0.06307151553360299, 0.09910314810983058, 647.0187793040458, 0.5482162906225501, 5321.455458666776, 573.8606006476181, 1.029398571434285, 0.06275910427664717, 0.09907288833677519, 668.7555131967607], "obs_std": [11012.775566794502, 559.0336129987886, 22.69312287270766, 2.7870856937380726, 0.1204461221923345, 535.6300503002659, 0.8147269312177385, 11007.519054483888, 559.0692164781929, 22.109178507949768, 2.544316545419683, 0.1203845364509662, 535.6541660189022, 0.8137433904842697, 11021.200106602939, 558.9544816426576, 21.381321808227636, 2.544315850646787, 0.11899722033764312, 535.3314641370821, 0.8107376468695662, 11004.773202437655, 559.1356867456861, 20.46590215360984, 2.2757952610041277, 0.11876076532778067, 534.8353652503824, 0.8095340695553827, 11020.97165999707, 559.2233493709632, 19.12047501316477, 2.275794272505067, 0.11788898230154159, 534.0412295522685, 0.8080494378195112, 11008.33664812523, 559.2914466263747, 17.475336403316014, 1.9710249727102132, 0.11693064852850822, 533.2095283414845, 0.8063165129785892, 11010.684102689711, 559.576738252697, 15.56529184995258, 1.9710241608689487, 0.11500797469077768, 532.6414460697604, 0.8038479672638454, 11018.093574088382, 559.8653474472319, 13.166487658937035, 1.6095464865310407, 0.1148276678482633, 533.263434204762, 0.7987870301914964, 11018.129070168656, 560.2305010307483, 9.93983678826588, 1.1385690699066766, 0.11366311466597497, 550.545538395157]}