{"obs_size": 799948, "obs_mean": [1930.3354279619434, 414.2634733757694, 3.487262922089936, 0.07348633981958393, 0.17413621036867857, 455.8248651003949, 0.9839732282599204, 1930.8854614441645, 414.6196927800307, 3.3939431063019097, 0.0734695665805733, 0.17405108644937278, 456.69417065691687, 0.9822939991100148, 1930.9432110104435, 414.7800794551646, 3.296349262702076, 0.07345187077659607, 0.17397178866250784, 457.9409410636608, 0.9840520096306656, 1933.848768286632, 415.21097371329137, 3.1839619575272393, 0.07343429654802115, 0.17387090887408102, 459.2266215678831, 0.9837788906279646, 1931.443587013292, 415.38919529769436, 3.05624615600014, 0.07341500474030421, 0.1738801943113845, 460.6142626670692, 0.9841434855766586, 1930.477988125904, 415.72986119097743, 2.881154775060379, 0.07339471408891172, 0.17380393032172406, 462.04571430226383, 0.9844889855341957, 1926.6246956835787, 416.16646832044086, 2.6818630710996216, 0.07337369139618702, 0.17368485094532216, 463.6420813544438, 0.9839812450310224, 1922.606549980659, 416.51048193132556, 2.448312890337872, 0.0733517424107531, 0.17358811313485786, 465.55284522161867, 0.9835483868952635, 1924.8639582154997, 417.0338659512868, 2.2063409121592903, 0.07332997622220115, 0.1733147826408737, 476.1626319169167], "obs_std": [3852.7482342098083, 465.4692665460028, 21.589275759608647, 0.06524698781761477, 0.22325962377885347, 372.2018431263442, 1.2378689484958774, 3844.4273456241276, 465.6520249643625, 21.02771854332558, 0.06516775265582038, 0.22295520536084998, 372.20326223861986, 1.221384798105814, 3844.4679378725327, 465.46097823219947, 20.44800218045334, 0.06508952827922189, 0.22288847925577332, 372.4171230420963, 1.2368717686645838, 3855.6184987595066, 465.76960214678076, 19.687635698419367, 0.06500958058569738, 0.22156062228719534, 372.2301953811403, 1.2233702807812004, 3846.4701946679174, 465.7966297370622, 18.783316984012654, 0.06493442108240777, 0.22253127068461798, 372.37701381308517, 1.2275849882824845, 3841.3680074554018, 465.7098339156368, 17.527287585615266, 0.06485462861303615, 0.2217743943169463, 372.1731272090352, 1.2333434790851332, 3840.4389224249067, 465.74853424382786, 15.924358613685081, 0.06478356831716521, 0.22160687133707016, 371.971632998104, 1.2288363946962801, 3828.087125601837, 465.73918679969347, 13.779751074184386, 0.06469863089641162, 0.22056805378862376, 371.5919921431989, 1.225830711089832, 3839.423082543134, 465.7272565316226, 11.111875943764707, 0.06461980152486348, 0.2190551522309402, 369.39569257570935]}