{"obs_size": 14289583, "obs_mean": [5164.491827970186, 557.9254547875889, 2.786013209762664, 0.07377436925738852, 0.10381717193552757, 621.6059659880941, 0.5704007170818316, 5167.322358744074, 558.3311191796148, 2.6441852082037665, 0.07376403912858087, 0.10382059666324739, 622.8799258357643, 0.571163929416302, 5169.149208717192, 558.7174140071128, 2.4614017078035095, 0.07315205385567254, 0.10390025350921706, 624.2235459540458, 0.570392937988493, 5170.819523942576, 559.2084831306834, 2.2933315828740417, 0.07253980757500789, 0.10384373914683176, 625.6909668582541, 0.5719142991086834, 5172.201946260804, 559.6824874455749, 2.085415228701915, 0.07132594993038698, 0.10398489985131175, 627.7261999813453, 0.5713316655216859, 5177.004660880585, 560.2322035569548, 1.878812208865717, 0.0710138751088195, 0.10409291442703385, 630.0621644808009, 0.5737417388597278, 5176.545093063942, 560.7308953662258, 1.6527209366431477, 0.07040068485400323, 0.10433774896517224, 633.1559272246557, 0.578838418237982, 5182.405891730556, 561.1899497697027, 1.4014363470228628, 0.06948660022116215, 0.10479705018516006, 639.4365190232157, 0.5998592058284977, 5191.267837062441, 557.9573188384853, 1.1788757586557985, 0.06616610586537819, 0.10681568016022668, 654.280476828565], "obs_std": [10949.058147792763, 555.990446293041, 25.40834415703198, 6.817175915611969, 0.1720094465266502, 530.4594788367311, 0.9702278323851997, 10953.721510836309, 555.9666570339416, 24.422624550269692, 6.817175499912074, 0.17164522389970854, 530.1168156513407, 0.9655856601835313, 10946.867367414505, 555.932037104517, 23.26032642540245, 6.625112752659928, 0.1733125696487665, 529.9561995603527, 0.9547850571167181, 10952.794098502867, 556.01576014127, 21.964910524334133, 6.427313248646614, 0.17102737940187837, 529.5598132224537, 0.9573660933582177, 10960.021912530427, 555.9877150684688, 20.405249658386772, 6.012223733203808, 0.17286616305136268, 529.7817751271718, 0.9463373226960323, 10966.901170311161, 556.0201700042326, 18.63633867008416, 5.903892994843541, 0.17283172516582068, 530.0863264800128, 0.9441543783656917, 10955.021391677832, 555.9655149499262, 16.55479453880233, 5.68103753567654, 0.17368910753148684, 531.1986571270845, 0.9562792182074988, 10960.374791358341, 556.080502274675, 13.977634330374938, 5.329309893443227, 0.17714302305788346, 535.3113307397845, 1.0107904083255943, 10993.555864945984, 553.8495303417394, 10.673594022809725, 3.768532920239133, 0.19147216754558793, 549.7372926684411]}