{"obs_size": 14264008, "obs_mean": [5243.5632165366715, 569.4420166477754, 2.447220865271529, 0.06463174728898939, 0.09908587325350669, 636.5953654092159, 0.5485901206028954, 5249.065091008802, 569.6738388677292, 2.347912311883168, 0.06462393637364222, 0.09916528173876576, 637.5373490875345, 0.5485511574306952, 5245.7271630683335, 570.0655847921565, 2.2265394130457583, 0.06431436103268606, 0.09911950429248302, 638.4870905775774, 0.5479183463021522, 5249.7789181064045, 570.4685934696615, 2.076853714608124, 0.06430531308508257, 0.09910064854127935, 639.6150757776645, 0.5478399991082961, 5252.4480600065335, 570.9662047301151, 1.8941760969287174, 0.06399406269753358, 0.09906129922305196, 641.0073465578974, 0.547587367940388, 5248.117961279126, 571.506153740239, 1.713593542572326, 0.0636832961892702, 0.09908813205383875, 642.575197906408, 0.5484427339076537, 5258.543961344127, 572.0725932711199, 1.5066962946178941, 0.06337250218621025, 0.0991296504256034, 644.3483665525623, 0.5480443818456037, 5253.922981423648, 572.8766099962926, 1.2869004279862994, 0.06275978382935017, 0.0991086955405516, 647.1190006152517, 0.5492285405336765, 5312.1276396616895, 573.4436150063852, 1.0538760914884513, 0.06274875373311065, 0.09923127869670442, 667.3414929558323], "obs_std": [10981.06484953474, 558.7554885574497, 23.613383354613966, 3.009063360029621, 0.11927357159314218, 536.6679971262117, 0.8245437936084777, 10990.426080794274, 558.7868374918356, 22.98604353737859, 3.0090628702094104, 0.11885706007636171, 536.2762989112038, 0.822744445995193, 10987.670475284027, 558.8483504862469, 22.156009087334073, 2.7859037154646784, 0.11858045803597574, 535.6998467449567, 0.8221070450665582, 10989.374893271286, 558.7546900830915, 21.002134421008464, 2.7859029381837765, 0.11694059459258624, 535.4228508687827, 0.818625854516531, 10996.362752289158, 558.8354638626173, 19.51895643871865, 2.5432362806295195, 0.11763535110640962, 534.6592025728852, 0.8122511947646371, 10980.345859653296, 558.9055961712777, 17.855329801016943, 2.2748295551542386, 0.1166008206953087, 533.9248356939969, 0.8139048456031135, 10988.587887299307, 558.9851876005213, 15.914092128089122, 1.9701899045454652, 0.11646595951877765, 533.4732778028412, 0.8058457492516038, 10978.451927090817, 559.3336745938044, 13.516274847314097, 1.1380905207143717, 0.11521974163066975, 533.7720070733008, 0.8051090480065078, 11018.881288023706, 559.6377667359233, 10.268588626769082, 1.1380887787604679, 0.1160878981685057, 550.809513923995]}