{"obs_size": 14264008, "obs_mean": [5225.209953688767, 566.1415675734338, 2.4588407409754685, 0.06657182935968155, 0.10022227646114644, 632.4225003078604, 0.5558234346195403, 5232.406479585745, 566.4014978118353, 2.358738371431088, 0.06656357489747157, 0.10029589073611096, 633.4521228857557, 0.5558843020138919, 5230.021795704784, 566.7868119535547, 2.2377999227145695, 0.06625341813648263, 0.1002815277421335, 634.5106812141885, 0.5553833238876825, 5237.600539517026, 567.1875632010301, 2.0902036790781384, 0.06594315533685419, 0.10024251261139207, 635.6514623447512, 0.5555331869556289, 5238.092788330344, 567.6924548135419, 1.9062125455902716, 0.06563216397285604, 0.10020045492024444, 636.9942662298431, 0.5550651471872827, 5235.881765300179, 568.2243891758893, 1.7287409681766863, 0.06471880062645263, 0.10023177009316117, 638.6422803331259, 0.556071490495558, 5245.005727685441, 568.7754645117978, 1.5218497493832028, 0.06410679236881542, 0.10029781761528746, 640.489891178834, 0.5557362834485682, 5240.804203459001, 569.5450710627755, 1.3030815742672046, 0.06319248361099628, 0.10030174581400894, 643.338823008276, 0.5573564571052237, 5285.67063216328, 570.0770970543482, 1.0729619613225119, 0.06318112235103336, 0.10048761100155118, 665.3382077203879], "obs_std": [10971.293835171875, 558.266653543025, 23.56833093810132, 4.100444726225158, 0.12757577992313662, 534.2625485851918, 0.8571231198018906, 10981.000372524633, 558.3273503816777, 22.942544459123923, 4.100444470910769, 0.12666924601921542, 534.1779845576082, 0.854779736189905, 10984.212050671475, 558.383129307767, 22.118825921456278, 3.939599658265388, 0.12724521180612922, 533.7913302873575, 0.8552535382582944, 10991.595918882102, 558.3189943877868, 20.96294936556138, 3.7719019000698952, 0.12527612025362447, 533.5013965518372, 0.8510256382229208, 10998.048439468352, 558.395083159928, 19.47700105654829, 3.596392847511617, 0.1250729750217158, 532.6314824653139, 0.8418793085207367, 10985.4333868273, 558.4492513154174, 17.825655672885368, 3.0090604860862227, 0.12497620351336013, 532.0819996642673, 0.8439692427661545, 10993.808087940704, 558.5139767813688, 15.882717903231704, 2.5432352872054644, 0.12466148302118733, 531.8811040226125, 0.833155122713034, 10987.798918711233, 558.8220281913628, 13.489591718748175, 1.608865177154103, 0.1240234703487549, 532.3869149594659, 0.830740075238323, 10999.238884784114, 559.0581685415891, 10.28887551179851, 1.6088638766383798, 0.12518383017571785, 551.5444529784062]}