{"obs_size": 14251917, "obs_mean": [5208.070405240434, 557.764164638343, 2.355865389898075, 0.0643059499978924, 0.09966065438481019, 628.7211878323924, 0.5611073732747686, 5207.252695392664, 558.0637767536816, 2.2747643001288873, 0.06399745681272966, 0.09963762861431207, 629.6789776244578, 0.5616650658995542, 5213.2454989219805, 558.372678777178, 2.1726068149288267, 0.06368867717613758, 0.09967083659833335, 630.7396733538369, 0.5615424264679619, 5210.080286275378, 558.7325171764612, 2.050241030732918, 0.0636800560888831, 0.0996582564489401, 632.0158760291653, 0.5617850300419209, 5215.0214341119, 559.1687389142107, 1.9030010489115252, 0.06367129792399903, 0.09966621542189713, 633.3921072992482, 0.5622158875188488, 5215.521689621844, 559.5432147127997, 1.7185015180764804, 0.06366238945701874, 0.09964226019047084, 634.9408085016228, 0.5621003664278986, 5217.07395500412, 560.0372966668275, 1.54075406136592, 0.06365301941093991, 0.09962388317333003, 636.6373102710239, 0.5630820168963914, 5223.283136087193, 560.5938843876231, 1.3330366714877724, 0.0630410648951377, 0.0996834608127461, 638.5072268883289, 0.5628659649786009, 5222.263396129644, 561.094495919391, 1.1150446638161027, 0.0627298746081748, 0.09966637043507802, 652.3149645766235], "obs_std": [10953.06234614801, 557.6188376232229, 22.47283377931475, 2.7870876038876986, 0.11836599047309532, 525.5183633138595, 0.7959823973732705, 10947.751282497598, 557.7195458919664, 21.901943641916137, 2.544318897800458, 0.11764977704856604, 525.5731943256806, 0.7935779726925548, 10960.434488847597, 557.6074034849466, 21.19395119295523, 2.275798788353776, 0.11693628275858677, 525.3024660650533, 0.7921201945569796, 10946.438693879523, 557.765476446436, 20.288139328637726, 2.2757977137326013, 0.11595261905895825, 525.272029467034, 0.7922635188547972, 10959.739300722445, 557.7592402662401, 18.95899759404259, 2.2757967158342276, 0.11552653145512941, 525.2100383177558, 0.7946138674119227, 10957.570138426081, 557.6752320363, 17.330849525705084, 2.2757959083643104, 0.11386026021685275, 525.1033358599794, 0.7919282708306331, 10958.250056951665, 557.7218208422008, 15.45174464754317, 2.2757952146636597, 0.11141775479052048, 524.8231588349349, 0.7883529312297526, 10971.867470834573, 557.72364919992, 13.101974851863261, 1.6095495950385184, 0.11077574248636952, 524.6774500339927, 0.7853442767158754, 10960.056280003659, 557.7045694150506, 9.970413528982858, 1.1385733710644497, 0.11071544500032542, 527.4165630571988]}