{"obs_size": 14289583, "obs_mean": [5155.29627539481, 555.3811487711013, 2.81984988645225, 0.06615706157500256, 0.10034903917070175, 623.8299887453252, 0.5635752852270032, 5157.822921009932, 555.7821946238738, 2.675195420328221, 0.06614818628983854, 0.10034771878899444, 625.269987269003, 0.5639754803901508, 5161.995846762215, 556.1524357988613, 2.4991289808806876, 0.0661390921271186, 0.10031795694185061, 626.7509520533479, 0.5640241445814166, 5160.977925056172, 556.6189957397637, 2.324287349742816, 0.06612993142074948, 0.10032601958020748, 628.2150806314827, 0.5650546184587754, 5162.104598510721, 557.0510658708515, 2.1249697069536597, 0.0658198335231407, 0.10043131595757541, 630.2029485609222, 0.5646110572995715, 5166.222948319063, 557.5278309381038, 1.9146715477981409, 0.06550886812429017, 0.1003625733064428, 632.2636513893635, 0.5653537081522977, 5167.606578430262, 558.0176803619811, 1.6895790450987969, 0.0648979492771139, 0.10042906386666388, 634.7767266072553, 0.5674426255125892, 5173.793058864634, 558.4907096309247, 1.4404686966722542, 0.064586918704703, 0.10060807626401712, 638.6819324074489, 0.5747838200736889, 5173.7675487023525, 558.2596682492414, 1.2044730766461134, 0.06367446670228938, 0.10123670303269224, 646.0457298376049], "obs_std": [10864.499853989437, 556.251000110481, 25.323182728006014, 3.936076041684768, 0.1223157899605937, 526.3076519452502, 0.8153552097003273, 10869.461484564286, 556.218614494991, 24.337941836209744, 3.9360755250484787, 0.12101391612150403, 526.1704863118528, 0.8158763690553943, 10878.161383000222, 556.1895189660555, 23.18010482673913, 3.936074922057407, 0.12062043567822217, 526.1847806597484, 0.8102064248295395, 10870.704293857738, 556.2396285539304, 21.88050693142676, 3.9360745067781515, 0.119438702379581, 525.7474138990832, 0.8095157863831115, 10873.738235265919, 556.198950754338, 20.32679968871164, 3.768527163350579, 0.11950410797949934, 525.8614711600677, 0.8068512854252725, 10880.764827490673, 556.1676868443084, 18.564829421079168, 3.5931753466437177, 0.117653975224428, 525.8593904491679, 0.805786290662981, 10876.12467016609, 556.068517189019, 16.48253349346969, 3.213898168917212, 0.11675737213159701, 526.1378389980497, 0.8131755202885813, 10889.452412490507, 556.0875255502547, 13.897452895412991, 3.006369097142519, 0.11735175514681022, 526.9689805469317, 0.8269242067412854, 10888.873178808626, 555.6507402414728, 10.600595325690527, 2.2727960831050087, 0.11981532893321267, 528.6328443163848]}