{"obs_size": 328331402, "obs_mean": [5259.711499821044, 551.1822108108927, 1.8671368966407906, 0.06050158152629798, 0.0914405762592484, 622.3094148094328, 0.4991951304660831, 5260.657631403339, 551.4000287368189, 1.7953017908411941, 0.060327265553401746, 0.09144200965085227, 623.0021612598238, 0.499288409465734, 5262.471857236097, 551.6346702104355, 1.7162171439209462, 0.060087286337962224, 0.09143775293092704, 623.7591486863597, 0.49944336939276557, 5262.767376520157, 551.8830107605733, 1.6289439990878487, 0.05978156447129457, 0.09143245333598336, 624.5791233661683, 0.49954432166364415, 5264.546583223481, 552.1365901851809, 1.5237793946982878, 0.059540839797947526, 0.09142896087970878, 625.4730758205341, 0.49964007831641366, 5265.546893968411, 552.4129540615793, 1.3852439127951586, 0.05935189328931281, 0.09142428404327266, 626.5083079498999, 0.49967813388211646, 5266.973809308857, 552.7539791305129, 1.2284314797279117, 0.059031681098454344, 0.09142030723720992, 627.6598897738793, 0.4997016639986501, 5268.94438019002, 553.1216119803254, 1.0586890954767714, 0.05871095804907024, 0.0914027475281815, 628.9486893188702, 0.49978993453687176, 5270.831155923986, 553.5203607025078, 0.8773891447641673, 0.058455511257913144, 0.09139495395853406, 634.9450293568743], "obs_std": [10837.158706770228, 520.0731144612777, 20.15374797130764, 3.063376892204093, 0.10026687906782762, 488.99885775867057, 0.7297066707279396, 10839.036361235178, 520.0794367445543, 19.604261761195115, 2.9417535172311124, 0.1001080242214557, 488.9180849263708, 0.7283536153847838, 10840.3294770822, 520.0973792846132, 18.974000013064046, 2.7645326847073513, 0.09991710496023609, 488.8242997565717, 0.7267144127709269, 10836.895264368164, 520.0965826592145, 18.240874378588515, 2.5200116694182664, 0.0996029676395644, 488.7366073003677, 0.7254536963356988, 10840.337688154756, 520.1016509704813, 17.309960657030675, 2.3106677744224697, 0.09949840695953002, 488.59164501524805, 0.7240580615426844, 10841.61303348331, 520.0749095184555, 15.929054345920202, 2.1336914188839784, 0.09929601338815362, 488.4102877089719, 0.721528635634417, 10843.027072249037, 520.0694117662343, 14.20690196500656, 1.790048789645558, 0.0991543866618816, 488.2385870300818, 0.7203147228016501, 10844.59834336265, 520.04972734909, 12.065862918939867, 1.3623177381447344, 0.09888054311842849, 487.9862755457333, 0.7171651732072382, 10844.806311157576, 520.0220796410684, 9.235531336972903, 0.8879491329829791, 0.0986756696053922, 486.4461942396691]}