{"obs_size": 14276570, "obs_mean": [5225.449970343982, 569.8708524526548, 2.59495446035007, 0.06434328134097304, 0.098759358444291, 638.0989659211829, 0.5447931663558292, 5232.893934145963, 570.1754590213195, 2.476114991205871, 0.06433560279773748, 0.09875367026400614, 639.1821146012849, 0.544321084686348, 5232.262866856088, 570.6404841639134, 2.3280671757992293, 0.06432708998436568, 0.09874551736236428, 640.1787150825407, 0.5441324070838237, 5239.276887134463, 571.0724898207343, 2.1489850853531345, 0.06431814518137725, 0.09871738208953547, 641.5458971637662, 0.5437126253715463, 5234.662479783083, 571.6857037789889, 1.9669754009541507, 0.06430908561244723, 0.09870220213973029, 643.0665917388665, 0.5442928149408889, 5245.347705613125, 572.40075452297, 1.7618652099208703, 0.06429949529264352, 0.09871998023096668, 645.0220094835983, 0.5445052721347403, 5245.393916537511, 573.1498945474998, 1.546342713971213, 0.06398838356867917, 0.09870207089959288, 647.6947339153543, 0.5457561134782851, 5245.015733179054, 573.8931061172256, 1.3172060235756908, 0.06367701362996098, 0.09878055420629844, 651.6832280746723, 0.5488764554791999, 5298.584923570803, 574.4786546768587, 1.0636668331398926, 0.06366505772136397, 0.09895053829561332, 668.2484287614793], "obs_std": [10951.732760383964, 558.6996853909179, 24.542061760072333, 2.78467255442269, 0.12004650541439321, 540.5441507713223, 0.809907569321935, 10957.86406343599, 558.5857777642481, 23.78879951589128, 2.7846721463886066, 0.11917733995145502, 539.9094149157643, 0.8091609670040177, 10965.515675471868, 558.6276939905893, 22.722689742523954, 2.7846717333828384, 0.11904450937536973, 538.8475491414758, 0.8093124205446229, 10961.711112228555, 558.7100015337478, 21.44720549091061, 2.7846712700299743, 0.11911368885072607, 538.0840751989499, 0.7987819043582295, 10961.524296818972, 558.8550522482119, 19.948737910506427, 2.7846708539516656, 0.11727640664579887, 537.2877655892871, 0.8029418269519001, 10961.834237855132, 559.1176361050667, 18.191042957984052, 2.784670354114132, 0.116295683038104, 537.1769948628095, 0.7986441582544211, 10957.216933410387, 559.4143456040239, 16.128630177135292, 2.5421108717201633, 0.11357784311112701, 537.5140247149621, 0.7963781270690093, 10963.855810172967, 559.6888307128639, 13.686550713245344, 2.2738218701829065, 0.11409241217671746, 540.1291329365285, 0.8064414164342161, 10972.881502953314, 560.0376443760794, 10.304756500365556, 2.273820663778286, 0.11355036004311413, 553.8252770804035]}