{"obs_size": 14251917, "obs_mean": [5227.362975661428, 561.6488145419314, 2.2963418184374778, 0.06319424425325469, 0.09826089626427101, 632.8478337079848, 0.5457113691442432, 5228.128802817227, 561.9385614580832, 2.2110904098024142, 0.0631873980176219, 0.0982439352190308, 633.7697712671192, 0.5457856171910161, 5234.0410464143415, 562.2564089448458, 2.1094870956657967, 0.06318039387775774, 0.09825802048791113, 634.8327862097432, 0.545965730224235, 5230.728324777661, 562.6276739473012, 1.9873394575620946, 0.0631726681333543, 0.09825187320989943, 636.0283124992446, 0.5462002327827288, 5236.392346102432, 563.0569661611138, 1.8355906086177738, 0.06316493295843009, 0.0982573359474376, 637.4192453481614, 0.5464887041511759, 5236.229726996892, 563.4519048209445, 1.655851840843586, 0.06315652231549693, 0.09823731775065754, 638.9593982501675, 0.546627394686631, 5237.90466503403, 563.9504703823354, 1.4709256305660494, 0.06314780474213458, 0.09823820078653228, 640.6027746936236, 0.5469533066323756, 5243.781381380557, 564.5246205124546, 1.2654980379130751, 0.0628378207030058, 0.09823755911783766, 642.4659937705195, 0.5471435833509302, 5243.341334175411, 565.0388957499541, 1.0460399116834598, 0.0628283860259724, 0.0982266667977359, 653.1903645657861], "obs_std": [10921.662625076271, 553.8868510788035, 22.44124822143991, 1.6095307310012303, 0.11303510939185801, 526.5479604489395, 0.7657260198827234, 10921.005582160129, 553.9475032453264, 21.86868861583094, 1.609529824230887, 0.11227577453270898, 526.5750557750431, 0.7630979716090477, 10932.888956659308, 553.8407896268823, 21.15943416953835, 1.6095290811935044, 0.11122590489081145, 526.2995325816751, 0.7627319525545938, 10917.095411419094, 554.0018362995595, 20.252324349711184, 1.6095282930086068, 0.10994464737980304, 526.1987086413151, 0.7641984288663699, 10933.05643047852, 553.9676002582455, 18.918990283016505, 1.6095276756541652, 0.1098844404680748, 526.1592644842173, 0.7640988534007878, 10929.207335999448, 553.8833566181744, 17.28896985262399, 1.609526908494229, 0.10838362279665319, 526.0293740997218, 0.7639910555656672, 10930.384825641318, 553.919915281956, 15.397380084283906, 1.6095262703230728, 0.10582515421320786, 525.7757177670223, 0.7584902148969215, 10943.025764774125, 553.9340395006275, 13.03510835607304, 1.1385423523585922, 0.10486078122178742, 525.5694448256822, 0.7566157642826999, 10932.390568361257, 553.9031423914056, 9.879572151365181, 1.1385412486294453, 0.10427989266522464, 526.977914406618]}