{"obs_size": 14289583, "obs_mean": [5149.347342447598, 555.3892119875017, 2.8160209433683265, 0.0664370680396416, 0.10015740126552294, 623.7129972195403, 0.5626647524983721, 5152.299087838404, 555.7937177732897, 2.6704809370574356, 0.06642820307738204, 0.10015508589536838, 625.1525994335416, 0.5629721791741561, 5156.218802096645, 556.1634822373753, 2.4964440879765353, 0.06641927158448954, 0.10012236158304971, 626.616265725645, 0.5630095450651099, 5155.452013774224, 556.6338750403004, 2.3204738024895475, 0.06641012989085165, 0.10012002393015933, 628.104572823662, 0.564076460103841, 5156.606676465549, 557.0582012785118, 2.1217417611136726, 0.06609976258622131, 0.10020877031205185, 630.0954565015202, 0.5636194517362761, 5160.320300412868, 557.5431835204708, 1.9115198813009449, 0.0657889850721398, 0.10016029656302748, 632.1763424979387, 0.5643512805797085, 5162.0256902771225, 558.0437464830148, 1.6846542687774724, 0.06517821546857679, 0.10022086779593162, 634.6776008964944, 0.5662562913137537, 5168.3527124780385, 558.552854971345, 1.436760540877925, 0.06486735670943711, 0.10038848720686973, 638.5049030094158, 0.5731390450652056, 5168.516332301802, 558.4236456725155, 1.1993802058464547, 0.06395541772542293, 0.10097632212381599, 645.5554566751672], "obs_std": [10845.722750777377, 557.3159635800145, 25.30498477837137, 4.096774803331266, 0.1212309971345864, 526.1546818500456, 0.8113052597739671, 10852.136212262763, 557.2943725976814, 24.321342509528133, 4.096774305393861, 0.11991871376970265, 526.0094529071926, 0.8107486812270952, 10859.621065509125, 557.2648751522272, 23.16532699366192, 4.096773748205948, 0.11951150963139552, 525.987846215977, 0.8053004833523454, 10852.96443343042, 557.3342617302941, 21.865297712352504, 4.0967733494469485, 0.11818587092438297, 525.5582463255529, 0.8058330174190926, 10855.96732516871, 557.2884833969102, 20.31100886691492, 3.9360723524047914, 0.1179476213531191, 525.6569535955829, 0.8025508645143106, 10861.142026087775, 557.2714180554534, 18.547908441737647, 3.7685246722633114, 0.11628598166322986, 525.6685213193415, 0.7998556467725859, 10857.90757017827, 557.1847890497529, 16.46457388761451, 3.408813794446873, 0.11542165602534461, 525.895434994045, 0.8057904519885842, 10870.99580059658, 557.2383871713411, 13.880610337563153, 3.2138957145170584, 0.11587468507016044, 526.599352754564, 0.8202292524768585, 10870.24271724928, 556.8701616787873, 10.581904957741676, 2.5409593108099107, 0.11863325924139859, 527.8867742494867]}