{"obs_size": 14264008, "obs_mean": [5191.367543181523, 559.1711732775249, 2.5087251072770016, 0.06441343956180676, 0.10054636426893566, 631.6826735663628, 0.564590696808365, 5194.907759319932, 559.4508591133712, 2.4135871208148516, 0.06410470867221395, 0.10061613696346851, 632.7842640237369, 0.5643009748031643, 5195.289316773479, 559.7947142205752, 2.2931102534434924, 0.06409612244189222, 0.10056200441587042, 633.9773146318565, 0.5643362165108233, 5196.893246464522, 560.1951155663961, 2.1485011786308585, 0.06408732282673503, 0.100543685998143, 635.4035670088821, 0.564767852275466, 5201.1761942500125, 560.5864946934971, 1.9684078275895527, 0.0640777289863501, 0.10050971190853247, 636.9609797047675, 0.5645695871735418, 5198.647987333095, 560.9855054764411, 1.7931533689549248, 0.06406796314087382, 0.1005302479711182, 638.8339579343067, 0.5660672207979707, 5204.3434832080175, 561.4347135110974, 1.5914952515450076, 0.06345643412679851, 0.10059008008134909, 640.6897222243107, 0.565381447556689, 5205.80255306962, 561.9611126129485, 1.3752879975950658, 0.0631450757270415, 0.1005946891180931, 643.0044185952008, 0.5663751165170456, 5208.95911416618, 562.391337974572, 1.1502129695945207, 0.06283332502057805, 0.10072735204642479, 659.4434404463279], "obs_std": [10932.663185149388, 559.0901383437393, 23.42301691644135, 2.7859143447915655, 0.12091122264798669, 531.4799387988572, 0.8167099375260961, 10942.272559731495, 559.2102132957571, 22.810707642697796, 2.5432493682247843, 0.12064517039733134, 531.5352698199601, 0.8152744763910876, 10938.053096153888, 559.2483730718529, 21.99299613329657, 2.5432484435691, 0.12005279551548816, 531.476782213628, 0.8157781051375955, 10942.70741055024, 559.1514030981538, 20.853054533885636, 2.543247764600677, 0.11902061772802433, 531.6931420019941, 0.8148788354038489, 10948.192173327916, 559.1165183224562, 19.389533242591522, 2.5432467897621294, 0.11861063645707506, 531.3749417872159, 0.8102526193357823, 10939.805599456744, 559.0294845239533, 17.754230146871233, 2.5432461074735784, 0.11795300601348625, 531.2778244322258, 0.8143615603758235, 10950.077186067852, 558.931107182938, 15.829855862971971, 1.9702031133804798, 0.11790897646620128, 531.3963400473573, 0.8054379264173562, 10947.930711213616, 558.973141425236, 13.472858849737856, 1.608881249982034, 0.11800491709781684, 531.7833904184176, 0.8090196658517134, 10952.699105399834, 558.8669525235632, 10.331097524691241, 1.1381104046199577, 0.11788947098021603, 540.8840916314766]}