{"obs_size": 799948, "obs_mean": [1864.747285649403, 410.69989299304456, 4.8264024661603, 0.07553250710170016, 0.18016004884942566, 485.8240807660737, 1.1413865901284128, 1862.9801015790533, 411.22825733672687, 4.6826518723717045, 0.075513965541499, 0.18014422527839188, 487.26204090182813, 1.141310768950036, 1861.8677007080234, 411.51228204833313, 4.480241215679019, 0.07549619364007566, 0.18006501964127308, 489.1934218040774, 1.1410656955202818, 1858.2775429868655, 411.89305679869193, 4.245579712681324, 0.07547812377928495, 0.17986069669153085, 491.15181432711773, 1.1419054126019026, 1854.289653079126, 412.2766142299249, 3.9681004265277244, 0.07546004824437548, 0.1798510186762084, 493.4668714241437, 1.1424931295534873, 1850.975858746648, 412.6950514283428, 3.689524819113242, 0.07543852241769641, 0.17985401801617049, 495.89928855210735, 1.1426436143349925, 1852.1912945700133, 413.25906433918203, 3.373155505107832, 0.07541580065453271, 0.17958469354757536, 498.71258488969795, 1.141670377324662, 1851.271292909842, 413.73945181436795, 3.04439288553756, 0.07539159290977973, 0.1792584508843005, 501.67984881267796, 1.141663184357079, 1854.7982184584046, 414.2844422387455, 2.698974183321916, 0.07536521960176486, 0.17897413577882917, 509.65484315234175], "obs_std": [3880.705099823279, 500.35034984236586, 27.446248448233657, 0.06979765605303113, 0.24662451345590355, 433.0379822951879, 1.439451610283358, 3870.876976188097, 500.427599391587, 26.741754563096897, 0.06970570859235399, 0.24730043755576353, 432.9869756474476, 1.4362400223019447, 3875.310555503425, 500.36124107190693, 25.625006000312784, 0.06962519202962919, 0.24662894025886317, 433.43170792790227, 1.4280015818128793, 3861.923500944722, 500.30178053780156, 24.293701812140515, 0.06955701036015682, 0.2450920494491688, 433.29684767318423, 1.427454985186937, 3852.810089950307, 500.2677779410116, 22.698980061367315, 0.06949835988303962, 0.24589186649184155, 433.2599360408334, 1.4335950426592161, 3838.6192160547835, 500.1647123490711, 20.83779253698372, 0.06940498381854016, 0.24585901089190645, 432.69681900882404, 1.4275635626628784, 3852.5117996182325, 500.23793014090217, 18.642181532195355, 0.06931184027632499, 0.24426465011074389, 432.90410184161874, 1.4258901486674478, 3838.2623606857173, 500.22110480311284, 15.965637647847819, 0.06918976095738909, 0.24256079626356802, 432.1575918484826, 1.422902512447067, 3846.880937323757, 500.12587847441387, 12.550342378616403, 0.06905976565026163, 0.23999969705929156, 430.556631491088]}