{"obs_size": 14240282, "obs_mean": [5282.33563503923, 572.3324164507416, 2.1281876299921585, 0.06326601362256148, 0.09807751113545309, 643.3227134171482, 0.5431030013310554, 5289.968383265451, 572.6379510602387, 2.0423994412470208, 0.06325941282624298, 0.09809085429438924, 643.915801969512, 0.5424364822972324, 5289.237255873857, 573.0570021717268, 1.95413826776745, 0.063252582214602, 0.09810086604808865, 644.7930421995009, 0.5429129399263771, 5294.101271303226, 573.448249901231, 1.8531506609209003, 0.06324483586477547, 0.09811708356049494, 645.841758101275, 0.5427451040646938, 5293.100229902619, 573.9431714905645, 1.731913665754653, 0.06323690137295851, 0.09810204426232631, 646.8317587376843, 0.5424504325125427, 5297.669517220086, 574.4721586974189, 1.578661363588165, 0.06322867392977999, 0.09808075462957896, 647.8218831748279, 0.5421774873559929, 5299.277293541324, 575.0848276038355, 1.3951345205101977, 0.06321941246332873, 0.09804019146945284, 649.1669664683104, 0.542060213625028, 5293.821537416411, 575.823848221545, 1.2075165365404983, 0.06321012460168389, 0.09806190476614075, 651.2615411243486, 0.5425386740937176, 5347.646071500618, 576.4528255830888, 0.9985106334270627, 0.06259775441821373, 0.09804356607685175, 671.6436966147596], "obs_std": [11048.709095486636, 559.5369522968131, 21.36521607583556, 1.9718197485009876, 0.11338410616263153, 538.4957845618281, 0.7841377612451889, 11052.844486935079, 559.5636075394473, 20.792459192526888, 1.971819043625316, 0.11315617566311117, 537.3878893737642, 0.7812116177720396, 11058.486914254561, 559.6348513154513, 20.14013797706753, 1.9718184427276286, 0.11238374185198202, 536.7992077395613, 0.7780081623559001, 11053.44187055397, 559.7450200234664, 19.384118731974255, 1.9718177300824504, 0.1122210822274178, 536.3630105510709, 0.776583036903382, 11058.392423155048, 559.904577976654, 18.38230664847971, 1.971817034858537, 0.11172971911031755, 535.7115471377392, 0.7780830008368553, 11053.236906187853, 560.1331621675241, 16.960557115798277, 1.9718164478323412, 0.11055655791739695, 534.7956955708664, 0.7736456260137686, 11054.94276175564, 560.4215113540139, 15.100332479586385, 1.971815682233733, 0.10939975824038461, 534.1868939231584, 0.7701782220740205, 11041.110011485904, 560.7243293123433, 12.81835122265581, 1.9718150015411373, 0.10856249309805642, 534.3867553326452, 0.7685496719739177, 11060.122045772629, 561.0755903330611, 9.802562652090486, 1.1390121682250416, 0.10633862762077081, 548.842653519621]}