{"obs_size": 14276570, "obs_mean": [5178.80456060065, 561.1362846958336, 2.627337308611242, 0.06981946408360779, 0.10249976093928724, 625.3280633037708, 0.5641296033291197, 5180.777859267006, 561.5215310820456, 2.5087601573767366, 0.06920876709350424, 0.10249807387972072, 626.5216557175806, 0.563932738395872, 5180.657222225722, 561.9299194414345, 2.367419345122813, 0.06889738594831321, 0.10251663429927557, 627.6569881550411, 0.5642880540634372, 5185.700557341616, 562.3349625295152, 2.183068201956072, 0.06858677481818877, 0.10252753810313002, 629.1227467816117, 0.5636559065658208, 5182.579380336417, 562.804536033515, 2.0092145382259186, 0.06767398511905239, 0.10248147264882307, 630.6975465410346, 0.5648055750786372, 5188.684770904906, 563.3630589840557, 1.8031306539315817, 0.06676039174795532, 0.10257700163435673, 632.5998115071951, 0.5648319565554213, 5189.722747323018, 563.9578615872019, 1.5925377734287718, 0.06554597090338263, 0.10259281019509628, 635.090331697593, 0.5667854892316851, 5193.239308852059, 564.4509546760881, 1.3676138596315501, 0.06493281731291875, 0.1027770894263126, 638.5647993275719, 0.5715465754029508, 5215.060948231634, 564.8306304665616, 1.1141130537657153, 0.06461888655069795, 0.10320214721687414, 658.8556309380047], "obs_std": [10901.949730993501, 557.1411801805317, 24.46824231439366, 5.451558067494628, 0.1575639068462806, 530.9269003104225, 0.8891776270268437, 10903.829961671683, 557.1317711193763, 23.725117603176795, 5.209162002807144, 0.15723323799391195, 530.7437821739155, 0.8881836139169146, 10906.458234553234, 557.2138058991915, 22.67111119276382, 5.083630971693701, 0.15668687673364518, 530.2369253075393, 0.8888492507601925, 10907.732089712674, 557.2550000764555, 21.400236796560762, 4.954920953648092, 0.15745664027511627, 529.9612599235384, 0.8772296773594414, 10906.664471406644, 557.2584405853669, 19.920525332451813, 4.5469839112505435, 0.15561562808987578, 529.664604583821, 0.885433446261855, 10912.694911377985, 557.3434146289193, 18.178426904847754, 4.098643838324231, 0.15583096588606823, 529.5886335113181, 0.8777736889666199, 10910.917010487015, 557.4211850184029, 16.13297396846513, 3.4103727299246156, 0.1538853098670004, 529.8318048059734, 0.8738002023681928, 10919.379432862543, 557.4196694787942, 13.717794435939796, 3.007743225013587, 0.154434597998069, 531.4305528148661, 0.8864029898697185, 10921.597783692392, 557.4169432828012, 10.378503550243073, 2.7846820212724586, 0.15777978899756961, 549.0092614632496]}