{"obs_size": 14240282, "obs_mean": [5225.5993418447115, 560.6392372707226, 2.200507897245293, 0.06630264570800848, 0.09985896018997352, 636.9999872199203, 0.5642290073328646, 5227.554535199531, 560.9759900119955, 2.115414708781751, 0.06629585272827677, 0.09986066209313935, 637.8145114594886, 0.5639312450413548, 5230.815268104185, 561.2961765785258, 2.02937996593045, 0.06568568711730062, 0.0998745977231349, 638.7548809305978, 0.5649412359951996, 5229.492572640179, 561.6153181517052, 1.9341619779720653, 0.06537641074032989, 0.09992502325677302, 639.9544217197334, 0.5643461484821762, 5233.530628049365, 561.9313130877604, 1.812906092730467, 0.0653680889532332, 0.09987661220086881, 641.2158252973682, 0.5646417077274222, 5233.91227586564, 562.2895449682807, 1.6662747268628528, 0.06505746274154682, 0.09988473696763955, 642.7181044401084, 0.5649402605931636, 5235.722188232836, 562.6715506055289, 1.4851487491610067, 0.06474611739873674, 0.09982042903216341, 644.1734024870173, 0.5649557805105349, 5237.5068232106605, 563.1212092569515, 1.304508084882027, 0.0647365983328924, 0.09985320696057785, 645.9545223530921, 0.5661948162964824, 5239.897818906891, 563.6047559310974, 1.1019804944873985, 0.06321958704308736, 0.09993788797251392, 663.2859366590225], "obs_std": [10990.60471263759, 560.6376021380306, 21.177137924040746, 4.103859351045523, 0.11991046563908442, 532.8821723124753, 0.8087906367386479, 10996.402596152766, 560.7035990709136, 20.61350347121368, 4.103858988479555, 0.11859952937625672, 532.7033213150096, 0.8082987367839587, 11001.539013767295, 560.7029201118605, 19.97456271370697, 3.7750433073154657, 0.11775896640785256, 532.5564120568015, 0.8052361687104578, 10996.566887323585, 560.7232915984389, 19.232100176055773, 3.599388403406469, 0.11793448014085652, 532.6917920584655, 0.8031102994601189, 11004.242878711857, 560.6759472019643, 18.24718733258736, 3.5993877313633047, 0.11707414690029781, 532.7868390586488, 0.8056279504744337, 11001.670846518704, 560.6213625481446, 16.849442741032206, 3.4147087167111136, 0.11662547258169435, 532.7336707542996, 0.802813626937646, 11007.82805860858, 560.6087852511713, 15.025348350379568, 3.219453066325394, 0.11461278796448796, 532.5468108979899, 0.801612756456744, 11006.219029550382, 560.5771688710673, 12.802508881663575, 3.2194525266573097, 0.11406272346841903, 532.454811638813, 0.799838048229598, 11013.975645337754, 560.5426642503879, 9.863002180787461, 1.971829283620572, 0.11318683669715426, 542.2484478768647]}