{"obs_size": 14289583, "obs_mean": [5196.376596784176, 564.0556196076541, 2.766357562708443, 0.06955875291190117, 0.10030445044197547, 628.757236170014, 0.5530174852548475, 5205.021909464575, 564.4260917900822, 2.618102221737331, 0.06924892779405142, 0.1002999004981455, 630.026673175557, 0.553124230427191, 5207.547073514457, 564.8548481085837, 2.4401709273111747, 0.06863846009404914, 0.10029104832072425, 631.4316817310889, 0.5530195134456096, 5207.900854017826, 565.3731997637719, 2.2627289403756565, 0.0683284842009108, 0.10028126303237823, 632.8657600999238, 0.5537518496516335, 5210.56999370772, 565.9400408675326, 2.0598948898648755, 0.067716858536887, 0.10037018342571694, 634.8638037786463, 0.5534740165616117, 5211.021497333026, 566.5705778118229, 1.8472479567808242, 0.06680412829577362, 0.10037590494558171, 637.2147535647042, 0.5550518320933928, 5215.968112650628, 567.2243239008443, 1.6181581365950286, 0.06619220438154973, 0.10053157514421446, 640.4263628221577, 0.5588764469894326, 5218.519878133424, 567.9111422635634, 1.3658623208248974, 0.06557912358269041, 0.10084565547203156, 646.6517880816127, 0.5739496027981043, 5256.440629678751, 566.4148061563448, 1.1262463712202098, 0.06376201105554315, 0.10203858831982736, 658.9314428412652], "obs_std": [10918.617690245934, 556.9244047731449, 25.472051735298876, 5.449072152058589, 0.13235145192832717, 534.1236532251814, 0.8584751929963114, 10935.963911261751, 556.8513744912409, 24.475297737408887, 5.329305974072218, 0.13020176526147267, 533.631259087609, 0.8564178957050639, 10945.813623768043, 556.8311282657717, 23.313311796416414, 5.081312359887236, 0.13132041648810655, 533.3644419191642, 0.8507905472538444, 10933.571716067343, 556.9127501287977, 22.007104542687937, 4.952661171830118, 0.1296521347419717, 532.5969053242444, 0.8477528273259995, 10943.582780990195, 556.9949429942785, 20.44536489167711, 4.684771707304998, 0.13027443560824198, 532.4595882534004, 0.8425030172287283, 10935.925208808314, 557.1479501746571, 18.666106049525283, 4.251404019689572, 0.1284871631853957, 532.51792472371, 0.8439766283923064, 10936.349688822218, 557.2793329970066, 16.569308052706713, 3.936072888687091, 0.12947881002365405, 533.4315798993721, 0.853709022068987, 10943.977251886208, 557.6267181800014, 13.966208369998883, 3.5931741552034855, 0.1312272280722386, 537.3858287010939, 0.8964067614440322, 10959.16185861155, 556.888174755701, 10.602980188315623, 2.272794222476968, 0.13947182409084002, 548.5538330749245]}