{"obs_size": 14264008, "obs_mean": [5195.732308338176, 561.8345624876263, 2.501811412332355, 0.06376360230519525, 0.09992653564229673, 632.1448475400916, 0.5621122435573552, 5199.072745244977, 562.1484016974753, 2.406245285336352, 0.06375615616025482, 0.09998884687648926, 633.2388099729079, 0.5620070787257052, 5199.9149001838805, 562.4896892935001, 2.286089505838752, 0.06374754276400607, 0.0999308970460485, 634.3832568187009, 0.561985864702269, 5201.976840250078, 562.8908263371696, 2.141617909917044, 0.06373892923784993, 0.09991512791096302, 635.8003112408455, 0.5623779991570405, 5205.770701543187, 563.2930115434596, 1.960812977670792, 0.06372986332180441, 0.0998940667304032, 637.3961466672363, 0.5623334152644933, 5203.4051820348905, 563.7150746830764, 1.785486729956966, 0.06372039570947553, 0.09990352945371404, 639.2197734699308, 0.563640783852624, 5208.967602584236, 564.184863959695, 1.5835938959092002, 0.06341020011031434, 0.09998559129390597, 641.0649117680451, 0.5631043713660355, 5210.8718454033515, 564.7248858806023, 1.3670119927021913, 0.06279845095131222, 0.09993905173419648, 643.3948243225869, 0.5639726772447139, 5214.95208954243, 565.1942541675522, 1.1411897693831916, 0.06278820944710095, 0.10003444697493279, 657.4224220054155], "obs_std": [10910.897984399142, 564.0767727591457, 23.416932117280943, 2.274838737767521, 0.11812095587900875, 530.907687552322, 0.8058133581752063, 10919.442216364423, 564.2159438343268, 22.80419124907227, 2.27483808515692, 0.11784194217537572, 530.9032134540613, 0.8051582009292296, 10917.007208154246, 564.2757409059548, 21.985600665656193, 2.2748369483211683, 0.11694148551786974, 530.7424432544402, 0.8061851515724501, 10923.091442185594, 564.187545633988, 20.84603711783701, 2.274836178990529, 0.1159404028568547, 530.9000631895397, 0.8045562576202487, 10928.02085861257, 564.1767506204197, 19.380981661047, 2.2748352179862987, 0.11566233409644194, 530.6198537755523, 0.7991399030324005, 10918.838456255075, 564.1223751754101, 17.746185871842908, 2.2748344877544855, 0.1145759521265931, 530.5879395615867, 0.8039166544540209, 10928.734906151885, 564.092620071792, 15.822717068428075, 1.9701956275927912, 0.11464282844828871, 530.7298723575709, 0.796355860947528, 10929.776806675545, 564.1568223952811, 13.45920411557329, 1.138099865538428, 0.11409901090196292, 531.0897257755978, 0.7984232958730756, 10935.245111416205, 564.110183559336, 10.313137332317707, 1.1380980693483986, 0.11348647954709776, 536.3637025669223]}