{"obs_size": 14240282, "obs_mean": [5246.521806820241, 560.3030845877911, 2.1573869815218543, 0.06340024859634902, 0.09845907486789948, 632.9487861258218, 0.5527265391935327, 5248.520545108132, 560.6196852000543, 2.075738668658388, 0.06339423801881972, 0.09846511639460624, 633.7656779854515, 0.5527821248202742, 5251.274119282645, 560.945542019463, 1.988429934182483, 0.06338785525343628, 0.09847749937683857, 634.698131293805, 0.5532108041118844, 5250.829392195532, 561.2716791001752, 1.8905516056493825, 0.06338089694046183, 0.09849526088907551, 635.9046722390231, 0.5532372853992599, 5254.5439798262, 561.5845671455102, 1.7710863450597396, 0.0633736246445199, 0.09848224163552442, 637.0985987517608, 0.5534844295920497, 5254.219392156878, 561.9522586701582, 1.6206638323594995, 0.0633657917976703, 0.09847708269421973, 638.5173941538459, 0.5535198965160969, 5256.617241690248, 562.3676095740241, 1.4429231106518818, 0.06335714113064002, 0.09845855493585044, 639.962994182697, 0.5537470382257874, 5257.494131581144, 562.8423337403009, 1.257950158571298, 0.06334833869308999, 0.09847127867952297, 641.6574475675405, 0.554067754837998, 5260.357157224671, 563.3852050120918, 1.055328679586542, 0.06273682087904625, 0.09848587198020431, 653.5893660927012], "obs_std": [10985.946780803084, 555.612964907716, 21.17156646317975, 1.9718188907961507, 0.1112791709564248, 526.6707922560922, 0.7747870644911558, 10989.404150814293, 555.6547908146871, 20.604793158305615, 1.9718183294361165, 0.1109494172690925, 526.488090647012, 0.7757684100358297, 10993.464505538359, 555.6402921675115, 19.96351500745435, 1.971817792154051, 0.10966061971664283, 526.3189809182352, 0.7727720284788268, 10990.131001120879, 555.6462475892469, 19.214640491567767, 1.9718172668007603, 0.11003027816776643, 526.4084211258107, 0.7714824542762911, 10996.113162674004, 555.5828616407135, 18.227707315572275, 1.9718166771005516, 0.10897031125400246, 526.3843078980705, 0.775158244369569, 10990.54543158956, 555.5411915933249, 16.823017186816813, 1.97181612008533, 0.10797242574592746, 526.2333697883366, 0.770151760518221, 10996.966483103293, 555.5543801343449, 14.993634461021824, 1.9718155178479861, 0.10684949100327058, 525.9940441656723, 0.768409061960849, 10992.343488712924, 555.5329303761317, 12.755566620271935, 1.9718149287734819, 0.10596369009585661, 525.766373663113, 0.7643071937908449, 10997.41395568308, 555.5715683934912, 9.79475511182323, 1.1390123663403313, 0.10387614579569775, 526.2549396334937]}