{"obs_size": 14264008, "obs_mean": [5186.956958039951, 560.7058434768124, 2.4772807194163105, 0.06834928873372285, 0.10326959016210645, 625.7154250358889, 0.5685250762619074, 5188.237781183589, 560.9872035265264, 2.375748877874999, 0.06803973590109692, 0.1033916314038814, 626.7541605992315, 0.5684477818576952, 5188.608878943375, 561.3561975708369, 2.2549097701010825, 0.06802976996732855, 0.10333353402157461, 627.8109592966183, 0.5679363666930359, 5190.553026691928, 561.7435249615676, 2.111004074030244, 0.06711589363439323, 0.10329394302099351, 629.0071048123268, 0.5686210701788975, 5194.016337593822, 562.1792543862847, 1.9256218168133388, 0.0665027565552495, 0.10332852173687858, 630.3731558604912, 0.5676759426943963, 5192.211517048774, 562.6419780471239, 1.753551245905078, 0.0661906729808431, 0.10333910849699654, 632.0984770859603, 0.5694158012250449, 5198.657620910828, 563.1290688423619, 1.5436364028960163, 0.06497505086768926, 0.10344860408946764, 633.9762727965858, 0.5688911298283448, 5200.758634844346, 563.7782376454078, 1.3297375464175287, 0.06375834791182981, 0.10350188262303243, 636.5901729347032, 0.5711066687568012, 5217.5555840953, 564.2416118947773, 1.1015490176393619, 0.06344510768138396, 0.10376275748997209, 660.1540608791914], "obs_std": [10919.118002657977, 557.0485063287132, 23.495452527637646, 4.824903570746603, 0.167312274968315, 530.7521210685732, 0.9219116222214067, 10925.251162021064, 557.1348760816221, 22.871639387802777, 4.688975915183898, 0.16824434422022036, 530.7332580961028, 0.9185648545648939, 10924.543514120553, 557.191264461723, 22.04598178382764, 4.68897555717426, 0.16707349810759578, 530.4663073101103, 0.9202145451012348, 10927.712591481586, 557.1092364954335, 20.89907407821674, 4.255219760104065, 0.16611528522342062, 530.3260908547423, 0.9133119052828544, 10934.53186096211, 557.1120169172922, 19.42946727526841, 3.9396060269865174, 0.16705300455900282, 529.6654095730197, 0.9044343662038571, 10923.677822659658, 557.0788909693237, 17.78791733573589, 3.7719084777913507, 0.166345200937196, 529.4617930547923, 0.9098043435044636, 10935.24091715967, 557.0449379633142, 15.849300457705452, 3.00906895760163, 0.167092042305603, 529.4414000862263, 0.8958447496084703, 10936.934626888988, 557.2251068793352, 13.471013496129356, 1.9702015817785279, 0.16709633907153212, 529.8834136136896, 0.8982207245684238, 10939.586120375043, 557.297654657343, 10.288900526506465, 1.6088783135768705, 0.16856266346517845, 551.2827264287181]}