{"obs_size": 14276570, "obs_mean": [5230.770376935434, 568.6556756980142, 2.603283841987256, 0.06535485977879138, 0.09946538095305826, 632.5591414293997, 0.5486020593182073, 5233.229480366288, 568.9740897148265, 2.484561697942853, 0.06534676826402275, 0.09947719081235942, 633.6690688915648, 0.5482600969981225, 5235.916601929994, 569.4039905243347, 2.338249103250991, 0.06533768613491191, 0.09947862293218944, 634.7508031591597, 0.5481155580787671, 5238.087680376307, 569.8307893282491, 2.157736697259916, 0.06502759134337562, 0.09945045375899099, 636.2042268381883, 0.5478299059928649, 5236.660098493367, 570.3698555045083, 1.9780391928873673, 0.06501793088613694, 0.09945766919722351, 637.7431696690478, 0.5486469574975322, 5241.02615272136, 571.0225677456139, 1.7733181709612322, 0.065007936004173, 0.09949606094678286, 639.6247993408731, 0.5486331278451703, 5241.988904190709, 571.7002083833861, 1.5588366813597383, 0.0643958439223217, 0.09947849429694994, 642.2319286098775, 0.5500521530732247, 5247.644556184163, 572.3674879190169, 1.3306101535592934, 0.06408393717175026, 0.09957133779983658, 645.9427338275229, 0.5535010433879167, 5291.224609274999, 572.8808608090038, 1.0762453446451072, 0.06407104505165431, 0.09984169006287939, 664.0538327733658], "obs_std": [10951.01430160964, 558.4486772608931, 24.555961923310175, 3.4103716447235337, 0.12373704918484607, 534.7471358490022, 0.8289697939593478, 10953.697329991686, 558.3507602276258, 23.806678560599437, 3.410371503513923, 0.12319964418456852, 534.2566243968562, 0.8290458551002811, 10962.89478948927, 558.4365297450411, 22.74402807856425, 3.41037085701946, 0.1230336223578354, 533.6170152451369, 0.8294911595309872, 10959.140397593186, 558.5197967716657, 21.470476514041305, 3.2153640403428527, 0.12265882793465495, 533.0492648549583, 0.819747266485495, 10961.849564246288, 558.5999522726263, 19.978529304271543, 3.2153635681575348, 0.1220080463684579, 532.388307516413, 0.8240546572160794, 10959.498031196683, 558.7866424554408, 18.22857109900832, 3.2153632397063956, 0.12040430139280478, 531.9926291362085, 0.8169320346417547, 10955.222544738508, 558.9957358273649, 16.173512700154973, 2.7846793253328883, 0.11762196460002336, 532.1397713797226, 0.8178607719727582, 10961.866777125717, 559.1903828084801, 13.742437047157962, 2.542120424261015, 0.11937933572449261, 533.934082609299, 0.8265244988418772, 10966.716433018792, 559.4384945127347, 10.362497128031048, 2.542119072917079, 0.1202555885990323, 548.8351372001456]}