{"obs_size": 14264008, "obs_mean": [5244.5839647883995, 569.1958429215688, 2.4394768286725586, 0.06308350683216979, 0.09884880654091097, 636.2235642429514, 0.5465743538562627, 5252.162353362266, 569.4601788641734, 2.340266845055051, 0.0630759208754037, 0.09893104654210855, 637.2634503600038, 0.5467721274413591, 5249.009328415129, 569.8456986283237, 2.2190602388893783, 0.06306761668509481, 0.09890109311527391, 638.2802385014064, 0.5462072559129579, 5253.757463873628, 570.2751105439648, 2.069841169466534, 0.06305929091081036, 0.09887129509195426, 639.4247351767161, 0.5461720357981172, 5255.060719784074, 570.7938778497601, 1.887567575677187, 0.06304936289913228, 0.09884499187500503, 640.8032621527756, 0.5458907149379467, 5253.348371353955, 571.3519244380681, 1.7067574555482583, 0.0630397395859653, 0.09886617290638185, 642.3178498264956, 0.5466563686027504, 5264.18177249665, 571.956988386434, 1.5006976300069377, 0.0630298269069342, 0.09891750749796291, 644.0867807164725, 0.5461099193158508, 5261.010462171556, 572.7741511362022, 1.2814952150896157, 0.06271852519033386, 0.0988775244644416, 646.9494637325839, 0.5474044509790328, 5312.451307303808, 573.3809970521609, 1.0489445883653459, 0.06270781692621892, 0.09898512013334683, 667.1501103994499], "obs_std": [10969.663989462117, 557.8417681152723, 23.581401200502697, 1.6088685151207356, 0.11795085969069949, 535.7719849742246, 0.814428112436407, 10981.081314194105, 557.878709285451, 22.95363612780553, 1.6088676698651518, 0.11742729505070312, 535.4499268933, 0.8138912394844678, 10979.653116598001, 557.9302728352359, 22.124111461431244, 1.60886720385822, 0.11734199691182076, 535.0815547910444, 0.8139060163813324, 10985.817035373633, 557.8593775476709, 20.970933634007167, 1.6088666543625667, 0.11569690005035867, 534.787539793179, 0.809195291998224, 10990.978801513975, 557.9409842745453, 19.485058604132597, 1.6088648650045918, 0.11634757973106674, 533.8908308368498, 0.8030137260446459, 10976.223333236421, 558.0089100893334, 17.829468798755773, 1.6088635559100068, 0.11584327629463512, 532.8442212752618, 0.8071959986218838, 10986.425996494185, 558.1227379746183, 15.882915943000553, 1.6088625949050337, 0.11552850250313952, 532.3117599138018, 0.7953369628903275, 10979.478988241946, 558.5087184686955, 13.481497359525012, 1.1380861061170104, 0.11419975598230704, 532.7900631187504, 0.7963609443166184, 11002.860725095705, 558.8456099139659, 10.251631987672948, 1.1380851662286802, 0.11492949409487763, 549.792112468484]}