{"obs_size": 14289583, "obs_mean": [5152.91854031768, 556.0183180292945, 2.821414942619389, 0.06699559407535628, 0.10030359394903218, 629.7106342275147, 0.5648322525576851, 5156.1981890469815, 556.4195066434057, 2.6777159977306546, 0.06668599085565406, 0.10030674290327395, 631.223970086136, 0.5653559558735919, 5159.74069601644, 556.7849588053059, 2.5019504068103315, 0.06667702171484696, 0.10028419935648222, 632.7228989193977, 0.5654910330833466, 5159.0569896159095, 557.2307656563526, 2.3277417542555296, 0.06666769353921019, 0.10029963345963326, 634.2465599013815, 0.5666371153727927, 5160.46494680962, 557.6485180848174, 2.128517606147079, 0.06605658585440237, 0.100417275269055, 636.2861876992043, 0.5660267189042603, 5163.500879526523, 558.1187143109776, 1.9197889819457992, 0.06574525261437712, 0.10035592126285264, 638.4728217249391, 0.566783327687034, 5165.416525961133, 558.5580332190239, 1.6946736654246664, 0.064833323420293, 0.10043452267802258, 641.2457922416629, 0.5693094153972221, 5170.395723946652, 558.9390232031262, 1.4472170391536268, 0.06452166642204445, 0.10066882695352258, 645.9946108774, 0.5791224276453754, 5170.326563517224, 558.2932853953821, 1.2158018886905237, 0.06330810850492351, 0.10151543949155108, 655.4888029290067], "obs_std": [10853.257420685624, 555.9540591375556, 25.30863423679444, 4.400606424593306, 0.12306752547063786, 532.7939369728251, 0.8184965108687529, 10856.393645327074, 555.9044186017501, 24.32423889665277, 4.251405681597548, 0.121942164912416, 532.7635071290824, 0.8192224078744207, 10864.564286135233, 555.8571115135856, 23.16713969228041, 4.251405236582557, 0.12136789667135249, 532.7881457919802, 0.815078807550097, 10857.546877442006, 555.886347719595, 21.870590141795905, 4.251404847308565, 0.12039942925523475, 532.2809213801967, 0.8145876272641092, 10860.684903994723, 555.8025202377843, 20.318855797372528, 3.93607342679792, 0.12116216717329593, 532.5257284962665, 0.8117775935685035, 10866.190579979388, 555.7483017887944, 18.560121555972888, 3.7685256595620586, 0.11946735641610683, 532.9745694195282, 0.8105877965682156, 10862.122460910508, 555.5728759163607, 16.480462269024944, 3.213897006595566, 0.11851825912330279, 534.1243599032408, 0.8195609923561687, 10875.013487351664, 555.4718781695685, 13.902283387073545, 3.00636758703137, 0.11961414696541892, 536.768563264544, 0.8403781951216481, 10875.959193316405, 554.6394842164776, 10.618751172459781, 1.9684277010843638, 0.12377297035184706, 542.14642618445]}