{"obs_size": 14251917, "obs_mean": [5243.401301284238, 567.1423099082039, 2.3053966003310293, 0.06593482518317467, 0.10011436819425741, 634.7381986830272, 0.5547638966744377, 5247.63696471264, 567.4226715606048, 2.2257611379577913, 0.06562510443206433, 0.10011484734523818, 635.7209178514441, 0.5550431718764923, 5250.398341165729, 567.7796179278901, 2.1199909457794344, 0.06531563318149507, 0.10012466678398492, 636.7506595063687, 0.5548740036165424, 5252.1027096718035, 568.1955386773583, 1.9957625349628403, 0.0647036032807455, 0.10010953628020824, 637.8683830842734, 0.5546846163221782, 5255.184788754132, 568.7122168898403, 1.8464327991806293, 0.06469438440176942, 0.10010037715887592, 638.8578768180658, 0.554873200145677, 5254.176203777518, 569.183036710079, 1.657434575292573, 0.06408165900209128, 0.10007895214173664, 640.1187062882367, 0.5543774303485305, 5258.894092247877, 569.8000179203965, 1.477802600169507, 0.06376980227558902, 0.1000737465479201, 641.8226666836862, 0.555390918849769, 5260.77518689809, 570.5181575222477, 1.2657151315152901, 0.0631569354018915, 0.10014407760520942, 644.0749744371881, 0.5551306097980017, 5303.872727868945, 571.1455293347553, 1.0455284015476656, 0.06284443661902603, 0.1001265589672595, 667.6927960685291], "obs_std": [11006.3670333322, 558.6666711269528, 22.6037882573408, 3.7735006604129935, 0.12859059465027778, 534.6620844883158, 0.8398160817161966, 11010.407209937866, 558.7422441634687, 22.029265637996986, 3.5979173693557462, 0.12875474772274195, 534.7937815000018, 0.8351239489510652, 11023.300750440296, 558.6499433764579, 21.305841791004397, 3.4133140361716685, 0.12687718546049606, 534.4744398392457, 0.8317191028498209, 11010.978189647527, 558.8739670576944, 20.388231475733832, 3.0103353741834358, 0.12665617238249804, 534.1367265418232, 0.8313387534678558, 11028.395745967173, 558.9600708737657, 19.043108416513313, 3.010334690918156, 0.1255398594108134, 533.3860785710707, 0.8323342272399088, 11018.25014138001, 559.0152840096122, 17.401719597745235, 2.544311039583064, 0.12499496605379638, 532.6091340364908, 0.8301073152164498, 11021.413538477855, 559.2206598313034, 15.503770646372121, 2.275789820630488, 0.12292599423280907, 532.1546197682768, 0.8278080622040088, 11027.820919979307, 559.4507112764283, 13.121414363466725, 1.6095422625092168, 0.12262494870364414, 532.5207282515205, 0.8202651816056244, 11033.302234978793, 559.7652834246214, 9.936748829389188, 1.1385632721843963, 0.12201701367959522, 552.3791556958163]}