{"obs_size": 14264008, "obs_mean": [5209.085591883442, 561.1704895987159, 2.440671654138164, 0.06354480729785941, 0.09834763552747641, 630.8644356250128, 0.5458276148611323, 5212.978913497221, 561.4709626494881, 2.3443136739687755, 0.06353806174843184, 0.09837778957352064, 631.9691782107842, 0.5462103759336175, 5213.386452680013, 561.7976473372701, 2.2253797810545257, 0.06353046471630736, 0.09835505243589387, 633.0621551512492, 0.5461526775644091, 5215.2784131538, 562.1913916481258, 2.075166110394778, 0.06352278056869617, 0.0983235451970441, 634.4489071418948, 0.5463836693024908, 5219.713163983668, 562.6074005987658, 1.9001896942289993, 0.06351428639104284, 0.0983295690093559, 635.9682969250503, 0.5464121575787206, 5217.042916118187, 563.0441492321091, 1.7172461625091628, 0.06350567560352782, 0.09833349014035998, 637.7144358843105, 0.5468415392784489, 5222.983162162906, 563.5286160804174, 1.5164641663128624, 0.06349712850442349, 0.0983489711487126, 639.5033528322971, 0.5469224956968742, 5224.447069626312, 564.0901612646318, 1.2987072777861595, 0.06318707918770959, 0.09832171968818292, 641.7240089098825, 0.5475321350072232, 5228.265242912, 564.5853814019173, 1.0682296308302688, 0.06287658375437828, 0.09835786207032551, 651.1820975779467], "obs_std": [10887.733494002767, 553.834123067931, 23.393876880616016, 1.970176226119597, 0.11096977698214436, 526.131109172769, 0.7678427898388211, 10895.806436192048, 553.9283955065252, 22.77939535962936, 1.9701756510345607, 0.11035601746545598, 526.1523214667177, 0.7686052859444653, 10892.755479911599, 553.9483324543318, 21.959984627441006, 1.9701750444948272, 0.10980457273710509, 525.9645795544727, 0.7706545308909356, 10897.679355861832, 553.8387742078041, 20.814240864748996, 1.970174531621244, 0.1085334676510817, 526.0788566509683, 0.7664162535911326, 10903.667929645, 553.8095330693119, 19.347468797282403, 1.970173900243448, 0.10842049940117694, 525.6945820142727, 0.7629507350412403, 10894.765101520245, 553.7248987662894, 17.704122747956415, 1.9701733769470378, 0.1075398094424464, 525.5721760832532, 0.7637454323197521, 10904.378092367204, 553.6594539934483, 15.768137777938955, 1.970172839521764, 0.10687672830111537, 525.3947897696181, 0.7592972101090218, 10904.345340176815, 553.7127478650868, 13.393441472134068, 1.6088448904145403, 0.10623883042642464, 525.3979346825665, 0.759010331542697, 10906.765807931837, 553.6575782200281, 10.215412459775996, 1.138060007341306, 0.10528968592013381, 526.1216241460871]}