{"obs_size": 14251917, "obs_mean": [5260.620028288334, 570.4393260920618, 2.294507538880559, 0.06301238113210392, 0.0985216666275841, 641.5584262864663, 0.5450789572378643, 5263.769830354083, 570.673556406482, 2.2106460485280675, 0.06300493969626053, 0.09850993912180417, 642.6380828262809, 0.545548750108541, 5268.0055631929645, 571.0371006931911, 2.1066367422712324, 0.06299705078208846, 0.09854297106487578, 643.7545717032106, 0.5455668097141357, 5272.870903967387, 571.4123259348198, 1.9818222348614574, 0.06298863197106107, 0.09852536563776026, 644.7395994258131, 0.5452234465721744, 5269.747613811711, 571.9622513238045, 1.8300056055616936, 0.06298041051130934, 0.0985204182067573, 645.5773038881222, 0.5451007416757123, 5268.477446260385, 572.447701596915, 1.64300535850721, 0.06297122638099202, 0.09848473185466919, 646.6508893246207, 0.5446239824439526, 5272.5232216407885, 573.105594496516, 1.4581933083107346, 0.06296158429564998, 0.09846470862460097, 648.2188950499684, 0.5452403246525136, 5275.735999565183, 573.8950073172613, 1.2464832625674147, 0.06265086145850544, 0.09849721259091067, 650.6148604467684, 0.5450201226965173, 5338.589927969921, 574.547542341146, 1.0228924993037778, 0.0626402886931012, 0.09844931451621503, 671.9354083587459], "obs_std": [11011.163825359312, 558.278140136841, 22.647458891414637, 1.6095399619238921, 0.11761057544987434, 540.0330593875335, 0.7990182622281098, 11013.804299124968, 558.2892079695647, 22.068985199894378, 1.6095389294689086, 0.11720957750116254, 540.105294634137, 0.7979460059842656, 11031.16263675677, 558.1955396831926, 21.350446200353556, 1.6095379592522074, 0.11614031827317711, 539.9665093944435, 0.7961619422684199, 11024.83295146026, 558.3701940917354, 20.438279323421572, 1.6095370396844122, 0.1156151187400661, 539.2125032405609, 0.7941570694081537, 11030.674438434033, 558.4763359521631, 19.096049936369987, 1.6095363227709982, 0.11499415385056777, 538.0240693892708, 0.7945479074122069, 11015.57200538475, 558.5508393708401, 17.451131070777123, 1.609535278017505, 0.11382388990180166, 536.6816092963553, 0.7914901464988685, 11015.919718022122, 558.7878764955641, 15.53068864839432, 1.6095344648227248, 0.11132377784248325, 535.8134060378178, 0.7876334651425917, 11022.479887229849, 559.1029694925443, 13.13961030487447, 1.1385537153114416, 0.11079400017220956, 536.2868379341554, 0.7828717667694175, 11046.689172974326, 559.521155843301, 9.929811795244175, 1.1385522910505486, 0.10998953443419568, 553.6705770571547]}