{"obs_size": 14276570, "obs_mean": [5253.354069729989, 570.2319404450787, 2.637945318798563, 0.06408908694995358, 0.09832743367419497, 633.7121634610206, 0.5401236012571943, 5250.156424913143, 570.5298528287957, 2.5176372896290915, 0.06408163338876902, 0.09833431623702342, 634.9008409479242, 0.5398410120918726, 5251.432757030561, 570.9616398056396, 2.367271690609159, 0.0640736301608929, 0.09832758880088177, 636.1535977546384, 0.5398317808129353, 5256.538628587074, 571.3553123754516, 2.1881914213287925, 0.0640650397382634, 0.0983039008646331, 637.7895071621506, 0.539593954500309, 5249.8695198244, 571.8883474812227, 2.0019558619472324, 0.06405622361226117, 0.0982953900616887, 639.5486428526834, 0.5400367746594947, 5261.8565143833475, 572.5435149339091, 1.7959579927111344, 0.0640467472543545, 0.09828229895584213, 641.7177759677047, 0.5403112888460234, 5257.169865004869, 573.264268308144, 1.5745667902024085, 0.06373628029625475, 0.09825357050096797, 644.5182310133243, 0.5412594565781826, 5266.692125919004, 573.9908977436456, 1.339789949546705, 0.06342534476790265, 0.09828638866667597, 648.2291795873956, 0.5436672664372836, 5302.319871392871, 574.6742989387507, 1.0776299909572116, 0.06341392674074359, 0.09840217454794863, 661.7394455894672], "obs_std": [10982.428954477677, 558.3617099041072, 24.78983590573271, 2.5421098191203044, 0.11601878232551037, 533.1138202214994, 0.7779081601307324, 10975.38334432869, 558.2399522740718, 24.036814168623103, 2.5421094127881387, 0.11490032183114773, 532.7174645744342, 0.7774002574182826, 10981.005380822151, 558.2749621246106, 22.974908085745103, 2.5421090322212647, 0.11483791144225307, 532.1883525666562, 0.7787094033824076, 10981.682600601722, 558.3338659925669, 21.70209208277094, 2.542108598285871, 0.11397320225945318, 531.9089581191007, 0.7691817938998066, 10972.84409198978, 558.3866472531637, 20.206505465080376, 2.542108203161692, 0.11307012865674466, 531.5795567790477, 0.7705749199868487, 10986.223091763628, 558.5796086791131, 18.44117019553284, 2.5421076806364518, 0.11109952534076178, 531.6635434029457, 0.7695086127185558, 10968.278323930197, 558.8343092732601, 16.370407642580705, 2.273818495228256, 0.10873538115160575, 531.9794786864071, 0.7660946604557332, 10986.448992122903, 559.1180330638265, 13.910308682910618, 1.9693118097913003, 0.10845572293630472, 533.4662076652705, 0.7741477178484267, 10980.986373707115, 559.5236313558275, 10.454818181826807, 1.9693108461300715, 0.10808614597381902, 540.6841784538072]}