{"obs_size": 14240282, "obs_mean": [5233.324071133543, 560.4754351072542, 2.1993773016573686, 0.06506269725052659, 0.09980256975971379, 636.5003502054743, 0.5643546471902791, 5232.109131332986, 560.8170827656362, 2.1141189479253297, 0.06505615567747347, 0.099808133369621, 637.3004725767844, 0.5639675616676746, 5236.108534387578, 561.1294101479172, 2.027717288182916, 0.06444604601981317, 0.09980543374913539, 638.2348582221977, 0.5649829015324352, 5234.569645650623, 561.4499495866726, 1.9323963528250354, 0.06413675017763788, 0.09983492982077273, 639.4303243425412, 0.5644284401109534, 5237.935609093237, 561.7676385200798, 1.811657311280774, 0.06412852603846705, 0.09978980631163131, 640.6729278150946, 0.5647255173738917, 5239.587586142454, 562.1343911588266, 1.6647523553255477, 0.06411964828274555, 0.09980674568080942, 642.1587849278966, 0.5650257365689922, 5239.7132673456845, 562.523578184758, 1.4834946386595433, 0.06410989766081268, 0.09976349888759227, 643.660886955279, 0.5650336972259504, 5243.188474037429, 562.9708066876765, 1.302897512844198, 0.06410048860142749, 0.09979092597421801, 645.4606121152191, 0.5662912461986456, 5244.1101711448555, 563.4741979828771, 1.099646973283254, 0.06288521215711251, 0.09986727666214791, 662.6623849891902], "obs_std": [11021.87855812707, 560.2134989082608, 21.18773682648869, 3.4147109081559672, 0.1197895991870213, 532.6162809533598, 0.807574352366111, 11019.153639952792, 560.2805967641428, 20.62307481506394, 3.414710498337428, 0.11817179169873294, 532.4631017789208, 0.8072308632112348, 11025.065589503962, 560.2742210547565, 19.983497566760878, 3.011567642884583, 0.11715212671921833, 532.2997684641508, 0.8041927434974193, 11019.291665168588, 560.2927982708243, 19.239578489780218, 2.7882223488844233, 0.11718727167076694, 532.4007443614415, 0.8021343039629121, 11025.95073880957, 560.2332201478994, 18.25445374017305, 2.7882215141601847, 0.11625976548025604, 532.4055841351795, 0.8037489250334219, 11025.931589078104, 560.1799117382147, 16.85771937545811, 2.7882208013581082, 0.11564522954170327, 532.3230336583508, 0.8021283810785059, 11027.150664791214, 560.1821192439523, 15.033145416688393, 2.788219902869471, 0.1142959520516165, 532.1979562634917, 0.8000925632304898, 11030.197090311764, 560.1398028791668, 12.805749739583543, 2.7882192989612196, 0.1134825268932018, 532.1343511006583, 0.7981134007393313, 11032.969572686134, 560.1397743666355, 9.863726950454035, 1.6102034256482878, 0.11191915506734457, 541.5429732644949]}