{"obs_size": 14251917, "obs_mean": [5303.41257638869, 574.5065213332354, 2.29020313547995, 0.06277602599447607, 0.09735057076700653, 642.8354512762032, 0.5356279979037724, 5284.829456836096, 574.7544932376466, 2.204566234844056, 0.06276911930199386, 0.09734517060013748, 643.5633301973758, 0.5354370969884774, 5284.943500529344, 574.996726335131, 2.0989277442466157, 0.0627619005564735, 0.09734794876998006, 644.657853648928, 0.5354669549367137, 5285.954647363125, 575.2811291982686, 1.974077943339131, 0.0627539328449017, 0.09734181510382131, 645.9682431581134, 0.5354787718733413, 5287.502084673462, 575.7029278938406, 1.8186333108731967, 0.06274604460102542, 0.09731715844254489, 647.3159275472883, 0.5356898249548232, 5290.561436149326, 576.0922479411015, 1.6350558314365709, 0.0627373478555981, 0.09729510819604122, 648.9487744328912, 0.5359074062107401, 5292.189747006415, 576.6772762569416, 1.4460407677086529, 0.0627283084229378, 0.09727921193773377, 650.9059378589227, 0.53639155279958, 5299.619522220648, 577.3958649913552, 1.234838723801156, 0.062418065807646916, 0.09728767181355404, 653.1855210952008, 0.5368182779201272, 5335.517334711705, 578.0001290352728, 1.0089956319560378, 0.06240808374165524, 0.09726259966739838, 668.5813296786185], "obs_std": [11007.479323139576, 558.2590010957978, 22.740673114258378, 1.6095240739616254, 0.11279131159042226, 537.3454094978374, 0.7621139933284445, 10983.76221541548, 558.2486644045563, 22.158091278085845, 1.6095231665152026, 0.11186288628860491, 536.7283335851075, 0.758452916652803, 10992.50328937936, 558.0152622275066, 21.439186108902756, 1.6095223658950977, 0.11066813872665247, 536.4522962841776, 0.7571690590138385, 10980.171175979523, 558.0871642990708, 20.514786914383283, 1.6095215032065504, 0.10954178544842415, 536.2771447177753, 0.7570468290045453, 10992.071301999189, 558.0153322066378, 19.16312870273913, 1.609520838179204, 0.10918054885605646, 536.1037992744319, 0.7565157476912754, 10989.399749095313, 557.982604598343, 17.516229808427656, 1.6095199329282266, 0.10752246407106432, 535.9460349343705, 0.7565599163165108, 10990.091842443122, 558.1545725563454, 15.594553907561039, 1.6095192267603662, 0.1050229983819992, 535.8141901219781, 0.7508650447643592, 10995.97376967731, 558.405286508453, 13.202004665079441, 1.1385321835420958, 0.10434487622176833, 535.8828981207878, 0.7505078348487997, 11014.041600604856, 558.7068893321547, 9.979226905776079, 1.1385308662158031, 0.10388459693771275, 542.6467748909338]}