{"obs_size": 14276570, "obs_mean": [5166.75589142932, 558.5162239249343, 2.6622084996606326, 0.06491081053482031, 0.10017559475294181, 630.9842457488539, 0.5624981285420851, 5170.864095567881, 558.8860390836174, 2.5449231853309304, 0.06490291016421305, 0.10010845219110764, 632.2948490896576, 0.562862074924167, 5171.312204963354, 559.298491304284, 2.402262798417267, 0.06489401875030903, 0.10013671602590876, 633.6351633707051, 0.563296395142542, 5174.420952434322, 559.7067664712183, 2.2248190566781796, 0.06488489296113134, 0.10011896745436778, 635.266691537111, 0.5631491562048924, 5173.246797804704, 560.1095596491314, 2.048700283051181, 0.06487583571299683, 0.1001183371680317, 636.9517856434242, 0.5643245055360018, 5178.075326126694, 560.6680786771611, 1.8493303363482965, 0.06456562690345784, 0.10018396538209193, 638.9406153043263, 0.5642305423501712, 5180.079191826283, 561.1968704667858, 1.6384321304066733, 0.06395401228082809, 0.10016301004456987, 641.1299300873557, 0.5648796883285102, 5183.077774041721, 561.5908107479597, 1.4155390965757182, 0.063342121029988, 0.10022805442714977, 643.8825297597879, 0.5672353687195324, 5185.393721219774, 561.9032074931164, 1.16619559179831, 0.06333081906025728, 0.10043824387230325, 657.5642129493225], "obs_std": [10877.200450534838, 559.5826140040887, 24.36513252089239, 3.2153658485073655, 0.12308886131110709, 531.8390663254065, 0.8084113255358777, 10885.866533078957, 559.5445204982227, 23.620644826521623, 3.215365415801317, 0.121530514319765, 531.7768937126513, 0.8089018287032227, 10883.27160238223, 559.6086244908405, 22.57304769966696, 3.215364835491242, 0.12149996851489615, 531.5304157739565, 0.8116722368376974, 10887.744265067535, 559.6554404827594, 21.311270278086802, 3.2153641578087777, 0.12104049446050455, 531.5221748532235, 0.8065796600805497, 10884.916677676854, 559.607861735123, 19.834970639058888, 3.2153638337950405, 0.12000269432700336, 531.3984660439197, 0.8091404686341228, 10893.871732370924, 559.6835281098209, 18.099517517986747, 3.0077402917561575, 0.1193368432134492, 531.6351508064909, 0.8087568974867826, 10895.555267734379, 559.7001133349914, 16.076756664196097, 2.5421207785862894, 0.11727559316803439, 531.9245856956895, 0.8057033205849194, 10901.72766822763, 559.5476477871653, 13.678577024952677, 1.9693284259120385, 0.11704032524480625, 532.9533035606345, 0.8124219879169169, 10901.488136505568, 559.2979016989824, 10.378926812800614, 1.9693269438203427, 0.11759861595905917, 539.8229580379284]}