{"obs_size": 14289583, "obs_mean": [5206.637420911893, 566.1721719941023, 2.7608420763573016, 0.06557285194670079, 0.09894406412601378, 632.4733372670179, 0.5451200139990416, 5219.57119904753, 566.5790245943494, 2.6099870094179796, 0.065564348024368, 0.09892178189671401, 633.82847194594, 0.5451891901254591, 5218.475191704802, 567.0387224035859, 2.4334470781967537, 0.06555542019442351, 0.09890064873873528, 635.267266891087, 0.5451375935183421, 5221.741105826994, 567.5636820192724, 2.2524184225669845, 0.0655463698887568, 0.09888901697901165, 636.7209466339187, 0.5455829089624626, 5223.923985563235, 568.2037223899396, 2.0501167178916275, 0.06553636477741114, 0.09893742273374949, 638.7795970149741, 0.5454753266768188, 5224.707097548185, 568.8881214378334, 1.8355099655462304, 0.06552569450802684, 0.09891604696155235, 641.2237839294578, 0.5466871283088215, 5231.378115830571, 569.6194464876966, 1.6040059391516184, 0.0652147728716859, 0.09897006039427396, 644.4593596491, 0.5495727844542828, 5228.6009688846825, 570.4015791083615, 1.3519017314920947, 0.06490311965983199, 0.09919004333310501, 650.2920485112356, 0.5598571063970604, 5276.444945154667, 569.9016767669148, 1.1061306687535948, 0.06368869861143595, 0.09987333412010718, 660.5454461049012], "obs_std": [10924.238006121172, 555.9286251374341, 25.503190992314064, 3.5931712343517437, 0.11986593309404137, 535.0736251778593, 0.8047835080879562, 10942.201026411427, 555.8606531754111, 24.500920263342394, 3.5931708410828644, 0.1179555451222778, 534.6044937124265, 0.8032519270797965, 10944.00680696661, 555.860792880777, 23.329281029673293, 3.5931703908331984, 0.11837927611514075, 534.2191338777859, 0.7988854643124176, 10935.069602855781, 555.9473672103223, 22.01544167951259, 3.593170041836414, 0.11684739149395464, 533.3481985950683, 0.7983972361281191, 10940.76244702563, 556.0787186147104, 20.447806298983004, 3.5931695946869375, 0.11651636801083971, 533.2755823920699, 0.7949926874038312, 10937.309265841504, 556.267658567952, 18.665496237015084, 3.593169125596505, 0.11529479455125553, 533.3433339056186, 0.7944973237884666, 10934.631582302058, 556.439372678356, 16.550705948490005, 3.4088091988626172, 0.11402870221599125, 534.2965666829948, 0.8045305140802672, 10934.310472179915, 556.8370928115071, 13.93584810960163, 3.21389085264965, 0.11485271360315087, 537.8675831605211, 0.832342779086898, 10955.880147614049, 556.7481240087269, 10.55011563491573, 2.2727859034238156, 0.11871557705907954, 545.9810510091694]}