{"obs_size": 14289583, "obs_mean": [5227.906413564928, 568.909637181155, 2.782728579273447, 0.06450335357729466, 0.09800180074631976, 632.0034270973961, 0.5370378675151251, 5237.2524893629015, 569.2619338856842, 2.630073179882156, 0.06449518620677032, 0.09799734338965622, 633.3396186865621, 0.5370680467023033, 5230.537706135249, 569.6472181168617, 2.4541070232770266, 0.06448671496537704, 0.09798699674210264, 634.8881714253391, 0.5371451703664545, 5235.87225827014, 570.1309570755144, 2.2683987349385912, 0.06447799671894536, 0.09798307600228782, 636.5599735190721, 0.5375099808721101, 5231.179745372599, 570.6836035033352, 2.0643821446714012, 0.06446848877004313, 0.0980099902546493, 638.7729880406343, 0.5376052623789224, 5236.205107376094, 571.2797528801226, 1.845776045389148, 0.06445860668901952, 0.09797050748065911, 641.4937272329563, 0.5387374569992971, 5242.946159307412, 571.9759839037989, 1.6103272572754572, 0.06414833260425516, 0.0979975305884707, 644.9430935077204, 0.5409981991777201, 5243.863976240829, 572.7666400762008, 1.355392456168945, 0.06383717757411864, 0.09810090222604857, 650.1449268771953, 0.5470088859836238, 5298.64209943062, 573.0136517629661, 1.0951204804226966, 0.0629244993463491, 0.09840669137405961, 657.9556025738472], "obs_std": [10905.062441529539, 555.8390647428876, 25.708960112863938, 3.006355995693614, 0.11433493083557791, 532.2925553709771, 0.776182951266353, 10912.705323419952, 555.7097646511843, 24.713970116335744, 3.006355569268604, 0.11299001442487112, 531.9532376677126, 0.773715296259657, 10911.508153545226, 555.6248268805016, 23.540998787982296, 3.0063551467328855, 0.11304172726233659, 531.7731343072015, 0.7688222813127483, 10906.975120428098, 555.6618352724248, 22.225375074620505, 3.006354783788723, 0.1117050527323348, 531.3879836758211, 0.7675547765129517, 10904.753724122462, 555.6889749770436, 20.64370547379382, 3.0063543194251356, 0.11151321867362322, 531.4070520143952, 0.7651180689543028, 10910.794709897362, 555.7557160522637, 18.854553861752954, 3.006353851948946, 0.10937476455683501, 531.8046283367703, 0.7645303892922685, 10911.519302696583, 555.8588046149697, 16.73618298148751, 2.783393441475357, 0.10828640126201443, 532.8436306838206, 0.7707752846470267, 10917.715347267176, 556.1964047281047, 14.097565906507647, 2.5409435267943192, 0.10801601868083614, 535.1401780464956, 0.781576978760347, 10952.043623623376, 556.4489073052637, 10.640606836783883, 1.6074015453184782, 0.1083591550359344, 538.7500810619339]}