{"obs_size": 14240282, "obs_mean": [5281.503624288596, 570.4915411085258, 2.1458200757541177, 0.06584576750538511, 0.09943539672999444, 638.6727957024123, 0.5513424936388587, 5283.288559790423, 570.7516658026856, 2.057267475461512, 0.06583835298978773, 0.09947761937790355, 639.2298495498908, 0.5502785161136934, 5282.118270373567, 571.125282771788, 1.9713503566853519, 0.0655290152061679, 0.09949522500418245, 640.0423268383403, 0.5507818005289916, 5286.300782304615, 571.4522391480731, 1.8701706188121836, 0.06552074924043771, 0.09950973988113494, 641.1129260279603, 0.5505680958425234, 5287.053255199727, 571.8683805559468, 1.7482285814283733, 0.0652102748741996, 0.0994866275591322, 642.1106367300824, 0.5501761027626059, 5287.135106030518, 572.3419135941267, 1.596295284040021, 0.06520114033199034, 0.09947086389644587, 643.1952673074364, 0.5498763126320542, 5291.100595433382, 572.9062407612435, 1.4104753683950921, 0.0645876264451867, 0.099419907245376, 644.5951332649129, 0.5496021961503627, 5290.493894779045, 573.6190716588336, 1.225014855745132, 0.06457742443373779, 0.0994449154390337, 646.6353977983008, 0.5504189167742986, 5340.149463824131, 574.289625163322, 1.0123873249139308, 0.06366267365696185, 0.09945562175067903, 669.7140781319716], "obs_std": [11054.154477898028, 561.0876652799524, 21.431541052968033, 3.775042303752399, 0.12241751446856686, 536.3139318201785, 0.8277506080677353, 11054.541032390704, 561.070961736942, 20.854995576405226, 3.775041652490493, 0.12236729960543793, 535.3740954261489, 0.8230600730106983, 11062.216152025387, 561.0791734611079, 20.20505229346912, 3.599386750681394, 0.1223936236774142, 534.8005913550086, 0.8184770297263935, 11059.49543259171, 561.1139223599464, 19.446151897667374, 3.599386556666716, 0.12168410885021051, 534.4366507717126, 0.8164682255934305, 11066.858039018643, 561.1643007829429, 18.435309744669777, 3.4147077467581215, 0.12158954692113957, 533.8662269695911, 0.8174223382672953, 11054.193311129533, 561.313257109614, 17.0085495468896, 3.4147071545786125, 0.12028627763801297, 533.0206948709425, 0.8132220796771741, 11056.918329700513, 561.5674064924888, 15.156939636984148, 3.011563355591683, 0.11975102776176816, 532.4175084994714, 0.8043575672728024, 11059.565651625773, 561.9030217162504, 12.876116007920931, 3.01156280279958, 0.11920747278198486, 532.3528833203119, 0.8054825940810921, 11073.80126702744, 562.3237439031668, 9.82069675213997, 2.276719739758015, 0.11711683502954677, 550.1293591937911]}