{"obs_size": 14251917, "obs_mean": [5293.959459881285, 570.4733041877804, 2.3004374078238037, 0.06289300435493131, 0.09781289745709262, 636.1200938063737, 0.5384101112152455, 5289.250127652139, 570.6823573979557, 2.2152640237800987, 0.06288602389237312, 0.0978325976563018, 637.1541815811354, 0.5386692074477041, 5292.664495280522, 570.9689768751812, 2.1102847427472384, 0.06287861036372287, 0.0978429294104787, 638.2734330166252, 0.5388360149726152, 5290.215259386196, 571.2821249239664, 1.9846130173225116, 0.06287051693790506, 0.09784437952361152, 639.522485673278, 0.5387352562466162, 5294.391574451334, 571.7325927452428, 1.8304647718619185, 0.06286251867675881, 0.09781535586124968, 640.8292162233295, 0.538921249751909, 5294.513264006828, 572.1295882511805, 1.6465350591081886, 0.06285382254360004, 0.09779761352770995, 642.4328165861924, 0.5389622771449236, 5296.042506606401, 572.743395713012, 1.4591799825946221, 0.06284466389104815, 0.09779091530486683, 644.3679403692283, 0.5394865553174675, 5306.432345465604, 573.4417654831979, 1.2473992095238837, 0.06253429107376411, 0.09779250415681018, 646.6821916156213, 0.5396941857015009, 5328.262635511784, 574.0614322971428, 1.0221972244154944, 0.06252427004831175, 0.09775780424963135, 664.1427564627696], "obs_std": [11024.619366389199, 556.2394543681982, 22.700686386894613, 1.6095299723470138, 0.11313325138245205, 530.8797418931517, 0.768374295305807, 11020.879161568406, 556.2411886790265, 22.12369448602983, 1.6095290383642638, 0.11253605754258912, 531.0381297292645, 0.765304754206631, 11033.051516019415, 556.0691234709951, 21.40602901927984, 1.6095282105044255, 0.11121639845560254, 530.6926211370472, 0.7649469603157079, 11015.443603836906, 556.1883714495162, 20.47977871154448, 1.6095273601413245, 0.11030557787642449, 530.3953308921937, 0.7641161320871628, 11032.524981348928, 556.1985993274758, 19.13159416936117, 1.6095267051002098, 0.10985177076283528, 530.0174143722663, 0.7647123158942489, 11026.14891225005, 556.1921925519651, 17.49061203649151, 1.6095258260803773, 0.10842645166399993, 529.6353257965637, 0.7628014466855555, 11021.187377259885, 556.3780040686139, 15.576322264048036, 1.609525069763356, 0.1061369478853462, 529.3208775356986, 0.7577326985315115, 11030.943227160391, 556.6242171393241, 13.17300832964889, 1.1385404255203195, 0.10531407793624048, 529.4821298277523, 0.7557528308660013, 11033.52837912743, 556.9020493232039, 9.953189651310954, 1.138539123094829, 0.10457436567956759, 537.7908796469887]}