{"obs_size": 14240282, "obs_mean": [5282.094559204214, 571.1287857923038, 2.129786334287481, 0.0631158649437642, 0.09755632549004295, 643.7504161835665, 0.540646435372607, 5289.883497311742, 571.3988710335932, 2.0446017852736347, 0.0631094767659177, 0.0975837172581986, 644.3950183928944, 0.5401912708611111, 5288.021332700796, 571.7753972849696, 1.9553649990920121, 0.06310301077542677, 0.09759530134080276, 645.2418377269131, 0.5407270701521716, 5294.351388129374, 572.1624613894585, 1.855451317607334, 0.06309557288381758, 0.0976121205781606, 646.2868835188257, 0.5405096837268143, 5300.378225625128, 572.6544748200913, 1.7330378007963607, 0.06308785200153451, 0.09758423103180211, 647.1724717698653, 0.5402533202643459, 5308.399963465686, 573.1997648642069, 1.5786979499422835, 0.06307992848155075, 0.09756817438313455, 648.1081371745256, 0.5400078159267349, 5302.335703913675, 573.7964555758097, 1.3963322496001132, 0.06307079052978833, 0.09755169544360172, 649.4705774459105, 0.5399610781584716, 5292.827883387836, 574.5553500274783, 1.2076345819556102, 0.06306183714333152, 0.09756203728240723, 651.6119906926925, 0.5402304261952604, 5360.538971241603, 575.241399924524, 0.9976126877262683, 0.0624498737333368, 0.09752727834371555, 672.0098720987844], "obs_std": [11034.473618971817, 556.0897333599386, 21.40569896180227, 1.9718175977360806, 0.11203620937478385, 538.0943964410537, 0.776369920480834, 11044.17087891496, 556.0403096107755, 20.832242688447103, 1.9718169373171062, 0.11145652751808025, 537.1742122194755, 0.7753780597970997, 11043.645480543468, 556.0237623447168, 20.18012223414839, 1.9718164192982612, 0.11079126707054562, 536.5715242415157, 0.7727785790768577, 11045.492937200053, 556.0635938820016, 19.427449755341208, 1.9718158210145305, 0.11065323120080073, 535.9423282682084, 0.7708835315496636, 11055.823249716575, 556.1415667581401, 18.418675593367713, 1.9718151656948921, 0.10964128370594133, 535.084809764864, 0.7725166814665094, 11053.189863273476, 556.2900934499651, 16.99151597315392, 1.9718146308794937, 0.10845363313142166, 534.08804617664, 0.7670041762700809, 11045.692802725564, 556.5197013027266, 15.13407936877858, 1.9718138945016903, 0.10757040188892364, 533.4381343118908, 0.7634892853032027, 11028.7859607115, 556.8032657609888, 12.866403688431738, 1.971813308622824, 0.10653244837347187, 533.3960367399477, 0.7588464150250381, 11068.48181052932, 557.2506026265183, 9.827798632536158, 1.1390093123899927, 0.10410003163427334, 548.1910740478346]}