{"obs_size": 14240282, "obs_mean": [5259.3356176628895, 566.4832755418747, 2.1467933710863307, 0.06616186983854158, 0.10028199791570144, 635.7444947344466, 0.5570426065298796, 5265.505907041363, 566.7749915345777, 2.0564255679768144, 0.06615429933677762, 0.10032233425897172, 636.2274493976558, 0.5558535835877755, 5265.106171354138, 567.168724327229, 1.9729930910076077, 0.0658447128894025, 0.10033634276505239, 637.0354385469428, 0.5564029426524406, 5269.090027107448, 567.4964547050403, 1.8718157407276064, 0.06583650626680894, 0.10036126693705961, 638.068169752252, 0.5561645821340143, 5269.272825233618, 567.9311352822928, 1.7498997561986482, 0.06552585078639053, 0.1003473989730695, 639.0913717150571, 0.5559872451262159, 5270.013061769883, 568.3653464165947, 1.6006486388401577, 0.06521493585422806, 0.10034312678730695, 640.1726026652592, 0.5559629724327485, 5274.035047267457, 568.8778364782385, 1.4150898837537065, 0.06490329528285452, 0.10031699286811928, 641.4870629003408, 0.5556514489671233, 5270.380810943624, 569.5549288279543, 1.2337835023210917, 0.06459134876044709, 0.10031754668053533, 643.4312487727407, 0.5565030602624632, 5319.43267988642, 570.1324430232492, 1.0235369636640623, 0.06367700401439458, 0.10036911699754306, 667.6788572076947], "obs_std": [11035.251764999106, 557.9866171557402, 21.307751206552933, 3.942878666507071, 0.13172042971721631, 534.6994881005426, 0.8463766480084016, 11039.570273734633, 557.9925245554067, 20.735682271020767, 3.9428779710045423, 0.13134295788485545, 533.5185821958794, 0.840331505819802, 11049.323273663216, 558.0170977932903, 20.09122476385592, 3.7750404941548834, 0.13163799145834357, 533.0655409911788, 0.8369274116549417, 11045.473874140343, 558.0448427862244, 19.329393664985, 3.7750401728201286, 0.13115113542991763, 532.8099320389632, 0.8343413086651823, 11052.99972042969, 558.0985575631677, 18.329895625563964, 3.5993852041498355, 0.131146610961152, 532.3865804695903, 0.8348700415517046, 11045.409172771511, 558.1765817775166, 16.910444853278612, 3.4147059708475935, 0.13015662331775868, 531.5347104790785, 0.8302664058296175, 11047.611423887878, 558.3616114839148, 15.067488000400244, 3.2194503727608117, 0.1298165711982096, 530.8271465313555, 0.8244062848028872, 11042.745036709854, 558.5911974056429, 12.820912341995712, 3.0115616190255863, 0.12868613422088837, 530.6822157095878, 0.8231959133067324, 11064.774926754113, 558.8998203579919, 9.814497827013627, 2.2767183154956476, 0.12703868469903432, 550.9815245944543]}