{"obs_size": 328364733, "obs_mean": [5240.152598527099, 550.2549910346187, 2.1590511183184846, 0.06062566503282449, 0.09152880551561214, 619.2015593285081, 0.49827364939555124, 5241.827305123063, 550.4898913611405, 2.0717730031014012, 0.06037239095125882, 0.09152362625798795, 619.9955754506037, 0.4983948014040322, 5242.485573981456, 550.7410131434548, 1.9678190897559027, 0.060131809099166045, 0.09151998742885055, 620.9141444518325, 0.498491457846777, 5243.291152343438, 551.0295374838562, 1.8318848693169487, 0.05990379609509567, 0.09151117473900877, 621.9481058457225, 0.4985570234635021, 5245.05774262226, 551.3589310396499, 1.6766043355819213, 0.059596819847883904, 0.09150175242658254, 623.0921000940488, 0.4985911057118438, 5246.186685198533, 551.7262592295502, 1.5087294499437005, 0.059380944139565704, 0.09149484136074693, 624.335562557556, 0.49865171143130355, 5248.7532321904155, 552.1265501371613, 1.3281233828481818, 0.05912555237102882, 0.09148864369941642, 625.711262422915, 0.49873951580146675, 5251.619553081156, 552.5450103132728, 1.1318110644969905, 0.05894833627998465, 0.0914733674033222, 627.1555824068588, 0.49876565579456345, 5254.41090425491, 552.9796337446504, 0.9196894692098375, 0.05865298896805808, 0.09146700917993804, 632.6270483497004], "obs_std": [10804.479798508091, 519.9485704568094, 22.297750845393562, 3.1177528248122233, 0.1006727599296505, 489.222936967687, 0.7344683055693496, 10806.746170876508, 519.9406128168473, 21.682245882195506, 2.9416044497668015, 0.10039925499761683, 489.1240142751612, 0.7326650345820231, 10803.678229193432, 519.9416262900331, 20.919648313533887, 2.764392591705574, 0.10036154958899457, 489.0470957154908, 0.7323037060037119, 10803.92343327744, 519.9331286070188, 19.810207881942432, 2.5858987279884955, 0.10001155523124114, 488.94056541502505, 0.7297003419445962, 10806.552664063718, 519.91856831985, 18.482362516343485, 2.3226754726899164, 0.09992245792971867, 488.73226830657353, 0.7275732955252037, 10807.824821109954, 519.9073154989998, 16.917716516308566, 2.120377906039458, 0.0995486025827858, 488.50396365924666, 0.7259085260859478, 10808.906382890083, 519.8697986137926, 15.049921054949948, 1.8516628361607854, 0.09925643114134736, 488.2406944349703, 0.7228926816463969, 10811.562283834612, 519.8534801410108, 12.735708877296892, 1.6426698961709667, 0.09905522883020934, 487.91330698192223, 0.7193125568452049, 10812.33194025829, 519.8259241515362, 9.632998902350892, 1.2093339446257174, 0.09876101288733365, 486.4077791363838]}