{"obs_size": 14240282, "obs_mean": [5276.465576405748, 570.5895289854512, 2.1400036179058812, 0.06492621781528751, 0.09914032364646992, 639.0717191371659, 0.5499539674144488, 5282.311042969195, 570.8586668438166, 2.052168419136644, 0.06491886715425427, 0.09917987778851652, 639.6788496394012, 0.5490246754945257, 5281.943934947904, 571.2421435895723, 1.9649849630786804, 0.06491151351013397, 0.09918732990449268, 640.4948256016835, 0.5495827813663101, 5284.322845071534, 571.5959590547435, 1.8646238185451665, 0.06490333708694235, 0.09922698506258572, 641.5524174606421, 0.5493520511743049, 5287.146781562854, 572.0374524886515, 1.7423368441720466, 0.06459341264225792, 0.09920186440956798, 642.389695678726, 0.5489103921537832, 5282.498178930478, 572.5165913849177, 1.591256128214315, 0.06458439102730666, 0.0991970778793572, 643.401100545381, 0.5486959679591104, 5286.359093930811, 573.0610078508278, 1.4064643523211127, 0.06427282787574821, 0.09914748252106234, 644.7747199278259, 0.5484799152854234, 5285.713608828152, 573.7699432497193, 1.221788796036483, 0.06426260047737227, 0.09916709655286239, 646.8270817287195, 0.5492049887776512, 5337.590247698911, 574.4217683329585, 1.0106538620513275, 0.06334836557584386, 0.09919159185330782, 669.4844926842467], "obs_std": [11046.298210679479, 559.331499794185, 21.391372506818513, 3.2194534876838574, 0.11903433929177258, 536.1462587712882, 0.8200879809883491, 11052.630659052043, 559.3079204667567, 20.82028447715116, 3.2194526861853947, 0.11896257515119538, 535.2256641471257, 0.8156081173127573, 11057.058920315172, 559.3093648463599, 20.166417322309545, 3.21945243384983, 0.11862856024440542, 534.5813021696537, 0.8130913654843968, 11051.222660678173, 559.3564449249416, 19.40464442759524, 3.219452029410376, 0.1179736068965472, 534.2145052451299, 0.8105595683446281, 11055.316079829168, 559.4503785862438, 18.398032354409736, 3.0115638986009907, 0.11794697268611358, 533.5504111265783, 0.8117358051507443, 11040.147749664327, 559.600415375692, 16.98074523519984, 3.011563233505038, 0.11671867516315604, 532.6781873598472, 0.8068385180852262, 11041.99940716897, 559.8508097702172, 15.131767452006883, 2.788217356604135, 0.1156375513131122, 531.9999812767397, 0.802085958322409, 11041.057963010539, 560.1912058979624, 12.86625081064321, 2.78821663881368, 0.11557981590689681, 531.997982499619, 0.8005633974743311, 11059.564831554793, 560.6487123845905, 9.834014684080786, 1.9718251163656813, 0.11411315184554349, 549.7040130144601]}