{"obs_size": 14240282, "obs_mean": [5274.057693770605, 568.2299768361328, 2.1432442138435177, 0.06767170473211999, 0.09987537039512256, 636.5284627743135, 0.5548423988373652, 5277.015965804107, 568.5008884655514, 2.0537911398102935, 0.06766434427781154, 0.09994525446293939, 636.9451347559933, 0.5537000765153763, 5277.356615196325, 568.8710068382074, 1.9697296724882272, 0.06705329968375089, 0.09997226212381213, 637.7249270748144, 0.5541940399776181, 5280.498788771156, 569.1871749449906, 1.8685636983874336, 0.06674369136581162, 0.0999700690183671, 638.7648098502973, 0.5539751521774995, 5280.2512900562015, 569.598510127819, 1.7471494595401973, 0.06613160508851726, 0.09995416664283856, 639.78139394973, 0.5536556483221652, 5281.529702045964, 570.018223866634, 1.5975116925353023, 0.06582092408704536, 0.09993640157027853, 640.8615558467121, 0.553621060313311, 5284.932561852447, 570.5254262520926, 1.4118633324817584, 0.06520759519081976, 0.09989878969573758, 642.2091590671644, 0.5533117679130569, 5283.453984319548, 571.2022657276028, 1.2300297845225256, 0.06459411134464302, 0.09991410662787405, 644.1894560948529, 0.5541751418265815, 5330.428177008929, 571.8045924230995, 1.0196034039213548, 0.06367970376809307, 0.09994686985995128, 668.0867004198831], "obs_std": [11049.14801769991, 558.9485212584797, 21.330534858927695, 4.692871933378197, 0.12592460545987394, 535.3407238817458, 0.8383357034528751, 11052.231292474205, 558.9470919722678, 20.759984022603398, 4.692871390434786, 0.12607597633850426, 534.0718491691189, 0.8334875330223454, 11063.755377000594, 558.968168654307, 20.114909058249687, 4.408212488089866, 0.12620106269031345, 533.5293068395495, 0.831659522057117, 11059.732519484145, 559.0025034178468, 19.35578693932013, 4.258753929751567, 0.12530449955695552, 533.2384063284878, 0.829448256493334, 11065.213167783182, 559.0545728207161, 18.354114510322493, 3.9428770562891295, 0.1256992784167122, 532.7973333430401, 0.8300988287041603, 11056.820235773195, 559.1433923216374, 16.935365863091196, 3.7750394909421763, 0.1241654183053562, 531.8922026393232, 0.8257085314473867, 11058.681391381271, 559.3380424848104, 15.095444362942205, 3.4147054824538268, 0.12321072225552837, 531.167765473837, 0.8199765064175962, 11055.140214005285, 559.5812304258493, 12.842150433621677, 3.0115618632426475, 0.12208538718417111, 531.1408529406109, 0.8173729519102545, 11076.836974036401, 559.9398272707729, 9.833425966384354, 2.2767185779604495, 0.12117558520123112, 551.1422915483018]}