{"obs_size": 799948, "obs_mean": [1917.6994585863524, 405.9684204473291, 4.656072644721907, 0.07625881498921792, 0.1826779818600744, 470.60193952274074, 1.1245797339327581, 1919.0431552158755, 406.336278108077, 4.5178461600004, 0.07624263159979805, 0.18257349279328638, 471.9935183820512, 1.1233297864362335, 1913.5088431923086, 406.55825253641484, 4.331344037362428, 0.07622357548865069, 0.18258345553336497, 473.42074760611297, 1.1241740338122364, 1911.4712080526901, 407.0397163315616, 4.113822398455899, 0.07620353116451983, 0.1825287647272006, 475.53528731371546, 1.124068893228129, 1906.1695880482068, 407.5463455124583, 3.8645436953401973, 0.07618505118707135, 0.18234445479581185, 477.63763796651097, 1.124222804482381, 1905.0770152225596, 407.88076099946494, 3.600937810957712, 0.07616472161564936, 0.18221942510638145, 480.0024960622606, 1.1242673048749503, 1907.2200805801742, 408.3601296584278, 3.3187007155465107, 0.07614286635380703, 0.18178822542715192, 482.5861881747521, 1.1233300289519343, 1903.1985391216572, 408.7952354403036, 3.011674508843075, 0.07612111915148884, 0.1816295750348777, 485.36076547729573, 1.12468184932033, 1908.4385319637665, 409.1648669663528, 2.6953889502817683, 0.07609708814447323, 0.18160627721801462, 492.76174372085785], "obs_std": [4189.830601916827, 499.47937536726386, 26.35206542573624, 0.0709603080484414, 0.24716197090390926, 414.76163714025347, 1.4114619921835063, 4200.568160712417, 499.6417872463325, 25.673020362535297, 0.07087072998692413, 0.24659296321584354, 415.05191788493624, 1.3973226124006033, 4173.511428207549, 499.4148780722478, 24.61857130436531, 0.07077310926474138, 0.2466499848157301, 414.85433002221293, 1.4054079606174033, 4175.607534283462, 499.4623609754566, 23.302781949533255, 0.07066616814747194, 0.24642263437439027, 415.362102512583, 1.4061530821359975, 4154.126829549931, 499.60467714511685, 21.81657054551487, 0.07056889569048107, 0.24524303951620505, 415.24532452690795, 1.408491494708128, 4147.211542117736, 499.51513640316983, 20.14796862258286, 0.07045904050289371, 0.24527150353832095, 415.0851915615505, 1.4069004869086743, 4157.541026106113, 499.3146824986237, 18.060718390220668, 0.07034558585864799, 0.24303549138568412, 415.19395468792624, 1.3916968027788115, 4136.703222942001, 499.24500726899413, 15.558172808875703, 0.07025321783479745, 0.24049983455882523, 414.43639797302507, 1.3964513267349195, 4138.913838915564, 498.9040340257883, 12.392250049974008, 0.07015101599455051, 0.24019831213133683, 412.90028890950833]}