{"obs_size": 14264008, "obs_mean": [5237.086606257013, 569.0979206545594, 2.4518753074171022, 0.0634807314003277, 0.09904105093147765, 635.8101228192417, 0.5476362729886705, 5244.828974527517, 569.3486725470149, 2.3522575141573117, 0.06347335884339984, 0.09913439044530882, 636.8627313099779, 0.5476597684886741, 5243.543292640751, 569.72933161563, 2.231165041410521, 0.06316362917478217, 0.09909382095761672, 637.9320293730877, 0.547062108420054, 5249.189275256896, 570.184321405316, 2.0809719119619112, 0.06315503669474437, 0.0990495576149423, 639.1400488498421, 0.5470444818876025, 5249.717529464673, 570.7421820711262, 1.898308035160945, 0.06314509692283733, 0.09901175967582232, 640.4946738841288, 0.5467079204526961, 5248.338022047837, 571.3204459083308, 1.716746162789589, 0.06313578340429471, 0.09903627944382945, 642.0481676742331, 0.547491900733694, 5257.002252791153, 571.976485921769, 1.508204215813676, 0.06312612118362006, 0.09907520350458383, 643.906633058675, 0.5470083901383622, 5257.322133716472, 572.8346951992735, 1.2885517170209102, 0.06281454828825983, 0.09904243591941293, 646.8716090671445, 0.5482701122293622, 5304.494499464251, 573.4649287212962, 1.0519612019286584, 0.06280323305421054, 0.09912082170817746, 666.4980634621028], "obs_std": [10969.485328003637, 558.8999430631201, 23.626856847225923, 1.9701940429649192, 0.1185874210661884, 536.3679462600005, 0.8185031657773376, 10983.203852951987, 558.9527735013351, 23.00295312009263, 1.9701938307676305, 0.11825737879186998, 536.0585093793438, 0.8174453072533171, 10987.377012715966, 559.0005339832295, 22.17595837486058, 1.608869609010172, 0.11792303444126757, 535.6306977387029, 0.8171876646709595, 10989.40570143134, 558.9889563620098, 21.02409073511116, 1.6088685026663838, 0.11622528219813676, 535.4381496260839, 0.8116410910403797, 10992.221462618103, 559.1202491966264, 19.539863669152684, 1.608866729448679, 0.11658453320052295, 534.5562314712251, 0.8063537091428558, 10979.487725764478, 559.2542508483988, 17.88305254413602, 1.6088664949474876, 0.1164900146272839, 533.6422606511877, 0.8102435327841021, 10988.574655850385, 559.4396618286187, 15.932258269345692, 1.6088658116583392, 0.11538106568464788, 533.2829768123247, 0.7976662147481696, 10986.795596173546, 559.8938549225289, 13.525292216442477, 1.138090750956376, 0.11430642276741716, 534.0215447998416, 0.7999430753119577, 10990.60823540321, 560.2585330722391, 10.27325085562103, 1.1380890052055928, 0.11517810973873473, 550.3439824136226]}