{"obs_size": 14240282, "obs_mean": [5224.060811143701, 561.9379277039598, 2.1642453428941923, 0.06762675768711084, 0.10229071962999033, 631.1158818402185, 0.5663749048649797, 5226.137868485761, 562.2418549716922, 2.0726439967972548, 0.06761893417069449, 0.10232445032120936, 631.9429651873463, 0.5655260902839159, 5227.060625569112, 562.6084549449233, 1.9920448204607182, 0.06730896640713468, 0.10232883637753826, 632.9377189550604, 0.566484198065777, 5228.39634115886, 562.9208014279493, 1.8895844899700722, 0.06669720440347485, 0.1023638695544798, 634.0206650313954, 0.5661804156687645, 5229.818777779268, 563.2922654902479, 1.767690696012902, 0.06608462537800308, 0.10237454498028985, 635.1285683646764, 0.5659355312626837, 5231.174234354385, 563.6861438558589, 1.6213056033581357, 0.0654713267249986, 0.10235799072090067, 636.3240300250545, 0.5662480982469629, 5234.031663530631, 564.1398104335294, 1.4334905727288265, 0.06515878526872684, 0.10233203176805122, 637.6531333630853, 0.5657454053227663, 5234.5190487349855, 564.7134187370727, 1.2558910701347066, 0.06484639557897205, 0.10232287051000782, 639.468265775681, 0.566877033966076, 5257.90798547321, 565.2638446345375, 1.0449791654406844, 0.06362983549525988, 0.10242534353849207, 665.7998328916509], "obs_std": [10995.380262468047, 556.3413290238184, 21.279475783842724, 4.55277387314485, 0.15437017262477176, 531.4745970256266, 0.8769607758886601, 10996.67463763655, 556.3676828883728, 20.70857479029507, 4.552773281641851, 0.15364597742690148, 531.3621929526172, 0.8737068714266789, 11001.693205226497, 556.3692281235055, 20.067662626893146, 4.408218523964857, 0.15291267292034516, 531.2916779332978, 0.8701263328193289, 10998.707910968853, 556.3903819992214, 19.305613891990955, 4.103862360545226, 0.15280345427937675, 531.1563245847952, 0.8681448572517222, 11003.41139633592, 556.3782981127077, 18.30985200451618, 3.775047037956795, 0.15338831183855486, 530.8729314201453, 0.8663577324770816, 11001.196106808451, 556.3956624716465, 16.900492225202456, 3.414713586860644, 0.15208963792572236, 530.293375562086, 0.8638933836338404, 11004.872320997658, 556.4692175454138, 15.057571806872106, 3.2194579454417442, 0.15130280246719674, 529.7690478255907, 0.8595911811992238, 11003.38055090869, 556.5575166227679, 12.81566830891195, 3.0115696567420325, 0.1505167902666594, 529.5972077135827, 0.8585317812244758, 11016.020548438704, 556.7122824910006, 9.827548109859592, 1.9718368188500663, 0.1507780556388543, 552.8183572713101]}