{"obs_size": 14276570, "obs_mean": [5259.05591698578, 573.3554846857472, 2.5919402209354208, 0.06399216113177737, 0.09824561817131194, 637.6293822865983, 0.5399357931212143, 5256.818932091737, 573.7191385605927, 2.473629730390423, 0.06398455239585549, 0.09823561823554323, 638.7531285290461, 0.5395053545775046, 5260.720251186267, 574.1876118003134, 2.3246176077307084, 0.0639765496982888, 0.09824026401502647, 639.7912806327627, 0.5393953694760468, 5263.7518411951805, 574.6527211367998, 2.1452610816183437, 0.06396766232345015, 0.09821313765225106, 641.1745977264807, 0.5391210996059018, 5261.040261861543, 575.1943793222041, 1.962195611410864, 0.06395871725562227, 0.09821632774889227, 642.6428963611958, 0.5395322282593485, 5265.795854797927, 575.8841103290215, 1.7584183035561063, 0.06394905340639238, 0.09820929780150311, 644.5580911313178, 0.5397622567605997, 5265.25226822853, 576.5699682766939, 1.5423153460530086, 0.06363830285972762, 0.09819019292077884, 647.2199097865882, 0.5407888326117976, 5265.272813630825, 577.2241161567518, 1.3126744729301225, 0.06332720875063796, 0.0982258031675685, 651.066786430587, 0.5433802696306362, 5314.730957693194, 577.7940440175756, 1.0586272473009972, 0.06331567127623072, 0.09838202539034295, 666.3707503774328], "obs_std": [10967.098114987912, 560.8815978998364, 24.590715882763067, 2.542110997357394, 0.11759800644842221, 537.8099530148857, 0.7886496190157551, 10965.798069008262, 560.8489831709711, 23.83586653525707, 2.542110540299335, 0.1164123978666256, 537.1947104698801, 0.7876430425436817, 10967.983128088721, 560.9503529997037, 22.769363237946443, 2.5421101655360965, 0.11642405350804648, 536.3389650640294, 0.789629124262196, 10966.260571066603, 561.0858679971611, 21.483171942949262, 2.5421096228052598, 0.11589307470745655, 535.7674258509745, 0.78129296455874, 10962.924090026827, 561.1801729900366, 19.981396950730392, 2.54210918480988, 0.1151477946439065, 534.9602580226266, 0.7832704293077132, 10961.732957614564, 561.4139053715076, 18.21774483283019, 2.54210861109964, 0.11300831830132302, 534.7891254274913, 0.7822587384422871, 10959.459196033333, 561.5757910139708, 16.160218261097043, 2.2738194565667262, 0.11061271030316422, 535.0357791206094, 0.7788982869908527, 10962.970359309269, 561.6779934812345, 13.723355751124528, 1.9693128205421844, 0.11054868911057844, 536.7953283449756, 0.7866046398826299, 10967.296330872636, 561.8849095195754, 10.331731022753145, 1.969311744572566, 0.11027318659793615, 548.3629563861601]}