{"obs_size": 14264008, "obs_mean": [5249.976376455868, 568.9860882018575, 2.4500964946177826, 0.06292451086855302, 0.09794467045931325, 635.5543327781818, 0.5396148193411403, 5259.094993873364, 569.2572448080512, 2.3502265983025254, 0.06291739204739145, 0.09800481550970898, 636.6590991109493, 0.5399380847234926, 5251.112962695761, 569.6212492309314, 2.2280064621388327, 0.0629095350400903, 0.09797417582554763, 637.7679549968443, 0.5395143522774616, 5259.8242407000735, 570.0341962791944, 2.0752986117225953, 0.06290163015410039, 0.09791336522308464, 639.1485382673086, 0.5395347025184368, 5259.797485982734, 570.5496374511288, 1.8956492452892624, 0.06289268459742373, 0.09790640974009596, 640.7595963810865, 0.5395418966394708, 5257.906132550855, 571.091159651621, 1.7107084488455138, 0.06288356652086345, 0.09790506472710997, 642.6810151802068, 0.5402110982411514, 5270.561879607492, 571.7150782585092, 1.5040838451576863, 0.06287442161061095, 0.09792805472585299, 644.8912994860467, 0.5402166639278789, 5276.893987917758, 572.4910085580433, 1.2817240427795609, 0.06256374109648045, 0.09787919012391168, 647.8204585054897, 0.5414734810861378, 5305.846333902454, 573.1422787339995, 1.046554306475431, 0.06255359463540155, 0.09794248151452331, 663.567726146067], "obs_std": [10957.24329603908, 555.9668154679429, 23.65832497072876, 1.6088486553430295, 0.11128112144774072, 531.5652677414619, 0.7708977284260209, 10964.898207931701, 556.0203745744803, 23.028425024464088, 1.6088478740705727, 0.11052946383056862, 531.5175927581647, 0.7706083811171709, 10958.003419873874, 556.0440799148732, 22.19739388821332, 1.6088470752477835, 0.10997380493420202, 531.0676519103221, 0.7704519250622666, 10966.614894042237, 555.9575395312249, 21.036506837301648, 1.6088464102569975, 0.10835826990011269, 531.0327432132659, 0.767068597269058, 10967.26936569806, 556.0601886632163, 19.557248345723902, 1.6088455192220763, 0.10824410080098636, 530.5135203258167, 0.7631363333312365, 10956.701035578846, 556.1442330888635, 17.887946946577323, 1.6088447839456406, 0.10761943607649649, 530.1832606879617, 0.763826946155266, 10972.037149920397, 556.2934193346997, 15.923201610574589, 1.6088440211013415, 0.10690023423026834, 530.3193450856744, 0.7580721861015495, 10976.626257282976, 556.6684431742914, 13.518217662868205, 1.1380593882372239, 0.10620061656525966, 530.9687340075504, 0.7588893030774425, 11007.407776594695, 556.9767768409387, 10.286428038968111, 1.1380581010883324, 0.10578276242250002, 538.4889846185376]}