{"obs_size": 14276570, "obs_mean": [5175.626308356221, 559.6768446482592, 2.627931358862808, 0.07227572245175864, 0.10356983695726703, 623.6743307739929, 0.5699501600874954, 5177.66096522822, 560.0743037718444, 2.5087797699307326, 0.0719656816166001, 0.10354469929254768, 624.8459767985307, 0.569729041989804, 5176.855191954534, 560.4933700461667, 2.3699916016241995, 0.07165441725891471, 0.103555626283835, 625.9781976423342, 0.5705830925075507, 5184.166798655509, 560.8975700746048, 2.1847358994492376, 0.07074078604343394, 0.1036682781898588, 627.4188630910617, 0.5695289797199468, 5178.933418274941, 561.3707322557168, 2.014334885760375, 0.07012839252622395, 0.10362692522790873, 628.9711774929143, 0.5712170695762625, 5185.404062803215, 561.9254928879975, 1.8054462661549657, 0.06891306248665578, 0.10370010074387719, 630.8779378225508, 0.5709448273640221, 5186.513088394668, 562.5303696195934, 1.5969326665998906, 0.06769861320184858, 0.10379787274779587, 633.2885450855446, 0.5730553540521586, 5189.180355542413, 562.9787229705734, 1.3745744951343355, 0.06678445293639185, 0.1040227637550906, 636.5430652521842, 0.5781190152817155, 5206.1885172041075, 563.3312563872134, 1.1193542286417535, 0.06586915241210617, 0.10454876379417508, 657.7415970376125], "obs_std": [10915.018532794895, 556.9845139695265, 24.430422434885788, 6.328977982349165, 0.16954899087783204, 530.7156638658008, 0.9389266102528546, 10916.464857889181, 556.9710710556556, 23.686357742236737, 6.226066484148692, 0.16826973495389747, 530.50013084645, 0.9379180792938532, 10914.977131486194, 557.0636475893087, 22.632006855349072, 6.121424709182277, 0.1687384548796631, 530.0128354156145, 0.9398158219492032, 10923.430410253335, 557.1128955338805, 21.3626569534364, 5.796176566893931, 0.1703105755528464, 529.7114694557556, 0.9240385913742741, 10916.09523620915, 557.1142725404802, 19.884438977675003, 5.568800978600702, 0.16884579211892387, 529.411009906856, 0.9308356558349966, 10924.598494242542, 557.1886824852808, 18.130163099196807, 5.083631321333069, 0.16831295687704995, 529.4192323768483, 0.9233604161603246, 10922.208841949507, 557.2702720876938, 16.09435652735721, 4.546984975720706, 0.16800160189088598, 529.6548690754519, 0.916754671461417, 10929.686188595992, 557.2268025093333, 13.683043796240334, 4.098645250220643, 0.1691650071612073, 531.0301364276801, 0.9309333448995218, 10931.055043220666, 557.1861614404911, 10.35289591588636, 3.5948173030155752, 0.17387941777681207, 550.041324465535]}