{"obs_size": 14289583, "obs_mean": [5217.229766419199, 567.5809261893786, 2.752908184934438, 0.06478237882029834, 0.09798411201425512, 636.3795710433292, 0.5403334420605995, 5219.273358384209, 567.9754402910147, 2.6019766986902275, 0.06477423466934588, 0.09797558418254715, 637.5048177060615, 0.540210433362587, 5221.770460986713, 568.3757908820712, 2.4267748051150266, 0.06476555119985611, 0.09795738428000354, 638.7335648603586, 0.5400556688043842, 5224.93265428319, 568.89659957187, 2.242906668445118, 0.06475673906489038, 0.09794970237927864, 640.0205180152045, 0.5402298377776785, 5223.550415646604, 569.478659174309, 2.04080098068642, 0.06474722830631904, 0.09798100466864622, 641.8782628912747, 0.5399502287086079, 5228.558726568428, 570.103514287296, 1.825551872297463, 0.0647370803254438, 0.09793728861185096, 644.1663921326958, 0.5409606961239342, 5231.95777942415, 570.8083930090892, 1.5929523625706923, 0.06442653572599752, 0.09798445670730843, 647.2863692944725, 0.5435101701708681, 5234.873442503397, 571.5742145869476, 1.3421333568656273, 0.06411531738645583, 0.09813954594301338, 652.7977542869747, 0.5517817953820454, 5289.383822009598, 571.4292732685061, 1.0918454373371147, 0.06290204728886074, 0.0986195513428213, 661.8489177478455], "obs_std": [10923.382427352595, 555.124783779832, 25.517258426513497, 3.2138906444321074, 0.11619753159439204, 538.6095790511939, 0.7893688821696816, 10923.00031996606, 555.01938684992, 24.521689236278878, 3.21389024941029, 0.1145849599257878, 537.7072632305488, 0.7874653510138343, 10929.62887824224, 554.97269003098, 23.351815688604766, 3.213889782820686, 0.11471556303959178, 537.0331940230184, 0.7811757470041164, 10921.82162818888, 555.0036744747074, 22.022968599033963, 3.2138894268187808, 0.11329603258706801, 535.9044747637806, 0.7787187838490652, 10924.777354707114, 555.0415964967208, 20.451840515033638, 3.2138889987794985, 0.1130238409682873, 535.4064221978224, 0.7743940173230949, 10921.06821979114, 555.1231968292474, 18.66953085964707, 3.2138885328307487, 0.11109295545582344, 535.328534495174, 0.7732148263113371, 10914.910955326575, 555.2172693141448, 16.545948210356123, 3.0063590749008515, 0.11022757111830168, 536.3097641759072, 0.7816527906632578, 10924.648399680917, 555.5229282739751, 13.921121956865342, 2.783398984441969, 0.11029537275140783, 539.9442682259644, 0.7992423279212878, 10957.362715033949, 555.5754542913072, 10.523717710179909, 1.6074114922656975, 0.11216163718657153, 547.0317051739796]}