{"obs_size": 14264008, "obs_mean": [5196.611898649496, 560.4233565348534, 2.4779471520206666, 0.07012181650256549, 0.10355344760245573, 624.773823656482, 0.5701758533786853, 5200.197210759673, 560.7071387649249, 2.376703518393989, 0.0698118331503409, 0.10359037087605487, 625.8073765507837, 0.5700385514366264, 5199.753394693602, 561.0905845678157, 2.2551922993873816, 0.0698015931431844, 0.10357409841862215, 626.8626105398968, 0.5695332117032206, 5201.8061943926205, 561.4923551641306, 2.1130551104570325, 0.06888765307851302, 0.10354865012666785, 628.078249146094, 0.5703889972580163, 5207.1497873599765, 561.9371617710815, 1.925695288449081, 0.06827391814987323, 0.10358472991560336, 629.4561729003486, 0.5693638044090057, 5204.032803395965, 562.425436945913, 1.7554397754123525, 0.06735949879032159, 0.1035865634584624, 631.1505606110104, 0.5710612658097511, 5210.903350223698, 562.9018717600271, 1.5445526250405917, 0.065842227690361, 0.10368818422900544, 632.9890124359181, 0.5703797393411741, 5211.275117891845, 563.5697706423047, 1.3311175232094654, 0.06432374892177072, 0.10378354706608388, 635.5527442387381, 0.57268386269836, 5228.55985534749, 564.0201831070201, 1.104000782949645, 0.06401007212377653, 0.1040662183605069, 658.7315288600018], "obs_std": [10992.701269451682, 557.1406867562973, 23.493519919937462, 5.571254454333678, 0.16899898135396355, 530.0933423047896, 0.9563477438400775, 11000.150239472705, 557.2269922914901, 22.869115326187643, 5.45395975268722, 0.1679682116039255, 530.0494765054091, 0.9517803717992963, 10990.079546695073, 557.290082772124, 22.04671940154954, 5.453959393940952, 0.16806518834753767, 529.7764651499554, 0.9510221884648232, 10999.203170692352, 557.2175459340135, 20.90098810239179, 5.085870560428051, 0.16695581047331157, 529.659833875325, 0.9454361019572243, 11007.925118132142, 557.2345582716678, 19.4329025232, 4.82490207644453, 0.16763681638126485, 529.0502667330654, 0.9347665829798476, 11002.927283159015, 557.2171576179059, 17.788758623246515, 4.404552955605619, 0.1673181238483473, 528.854435389851, 0.9344088604661995, 11014.737524803977, 557.1704896202583, 15.851817541323248, 3.5964002765113143, 0.1672717849137153, 528.7813993399458, 0.9163539904144098, 11012.888747369103, 557.3572427815819, 13.46788067742197, 2.543245117923126, 0.16857563875289536, 529.1199917889415, 0.9191517212676272, 11014.71309391785, 557.3968422313405, 10.286089849964306, 2.274838419212352, 0.17072644557445651, 548.8748638687488]}