{"obs_size": 14289583, "obs_mean": [5192.491620564319, 563.560095280597, 2.7721288297916042, 0.06873315693110849, 0.10079041017634985, 627.1427727233677, 0.5561200792913507, 5199.62087535075, 563.9333839203005, 2.624650628363333, 0.0687237884008302, 0.10080352051602826, 628.3345985529913, 0.5562798826250152, 5201.037408328196, 564.3265280729325, 2.446929836930861, 0.06811298984337742, 0.10080357838881687, 629.6576079517955, 0.556099017165197, 5202.612572831787, 564.815337018582, 2.2703609335555837, 0.06750234939018859, 0.10081107977846539, 631.0840300527967, 0.5568562503188873, 5202.582580288314, 565.3313008504167, 2.066618948922442, 0.06689091343331016, 0.10091878160027545, 633.0603211061284, 0.5565635554935706, 5204.371658628662, 565.9062388314621, 1.8557724882524564, 0.06627865112208661, 0.10091353373320884, 635.3821813135759, 0.5583212417045689, 5207.39654997471, 566.4855112986851, 1.6273678525118613, 0.06596698265499497, 0.10109015809656524, 638.6233032061205, 0.5625001532235393, 5210.396105289569, 567.0847452301441, 1.3760755649762488, 0.06535385489661302, 0.10143351081112793, 645.042224857318, 0.5789930992388336, 5244.792245606205, 565.2542960140964, 1.1404894740455336, 0.0641380398286712, 0.10274012912455173, 657.9173917538875], "obs_std": [10903.901220150054, 557.0803684800018, 25.469944151307654, 5.081313423398558, 0.13755824187152194, 533.1531117722224, 0.8672916989568434, 10918.994426286963, 557.0163000650499, 24.469423288752036, 5.081313075332528, 0.13589575959370145, 532.566899576115, 0.8675600574148796, 10928.541011896732, 556.9924661608873, 23.310413461673694, 4.820578249517529, 0.1365325511186847, 532.2718816692241, 0.8625195320769269, 10920.476404061652, 557.0702564312743, 22.001274577935327, 4.544910156733662, 0.13589890174079722, 531.6493037366539, 0.8616857059757504, 10926.118690838832, 557.102245703602, 20.43858468793437, 4.2514047235577195, 0.13666274047612678, 531.6038112941545, 0.8532371995778038, 10922.382072572982, 557.1987202448144, 18.66891521237049, 3.936073492209867, 0.13456093780851092, 531.6614929356151, 0.8510256144182622, 10918.318317313804, 557.2575498548925, 16.574771907520596, 3.768526088105473, 0.13603510051035278, 532.7359917420417, 0.8616889484248791, 10928.856701706236, 557.5124444233712, 13.977613986934312, 3.408814691782367, 0.13743788555261877, 537.078708184054, 0.9093757249755674, 10942.9790922095, 556.5330462022408, 10.629960193780885, 2.540959819882508, 0.14538777799084437, 549.3455992380967]}