{"obs_size": 799948, "obs_mean": [2229.550126872495, 461.9802812182792, 3.2261734512743327, 0.06985233428796503, 0.15271251968377783, 474.92982342854083, 0.8243119552771466, 2231.6721866946764, 462.3179406661433, 3.116311310235165, 0.06984090975036966, 0.15271575154385086, 476.03188950198273, 0.8244889167796611, 2232.0357062192465, 462.7074647352078, 3.0089380809752635, 0.06982885848328706, 0.15262933459799485, 477.3614813387705, 0.8252205943386653, 2231.173517942831, 463.07765379749685, 2.8863388620260317, 0.0698146292971402, 0.15273468923854916, 478.6055153051686, 0.8247668123428594, 2228.1366185885468, 463.37995969738034, 2.7034957272222693, 0.06980157712249868, 0.15258820112432117, 479.9891855753909, 0.8241273270263753, 2226.255398981741, 463.68344192372507, 2.51709111092221, 0.06978771768163515, 0.15236555258841883, 481.6992504537807, 0.8252816045543843, 2223.571230210777, 464.0674656352663, 2.296120497832359, 0.06977339076038501, 0.152332168030921, 483.32100555369846, 0.824530770750211, 2222.8264848048398, 464.57596868796475, 2.0503745243440825, 0.06975849723105604, 0.1520633366981365, 485.3615429086228, 0.8242746628531955, 2223.385758662652, 465.0361110972213, 1.782318350692795, 0.06974148864049803, 0.1519765788476222, 494.9536516390378], "obs_std": [4044.037502053972, 474.3394914939303, 23.230086559140304, 0.06371374188239405, 0.20187346374604292, 375.36834282892397, 1.0846199460804387, 4052.11666076443, 474.36459782320645, 22.566403004658063, 0.0636790795675618, 0.20174502380552836, 375.5021578768655, 1.0845790218044744, 4056.4898551570495, 474.6206554080153, 21.870848162002392, 0.0636386153297821, 0.20096764093419342, 375.7357606311344, 1.0826493950999316, 4045.794364936672, 474.79127956749153, 21.056662024984835, 0.06359417458049624, 0.20172226823007333, 375.7398060991166, 1.0757715227179148, 4042.0411461655026, 474.85291279118184, 19.695452016582138, 0.06356419166031968, 0.20014747639285224, 375.60024619355903, 1.0758809701140184, 4037.0357143725937, 474.8510088213811, 18.301420310750196, 0.0635262613457235, 0.19894660186219026, 374.7166690671758, 1.0751909906273798, 4039.21443476031, 474.9685224057119, 16.487002926112243, 0.06348615828496731, 0.19834842769960442, 374.8514968136995, 1.0766438824179319, 4032.257747509741, 475.067336017855, 14.128437675507213, 0.06344871994378758, 0.19623166027869626, 374.5810535731143, 1.0704672507257145, 4027.0795540248473, 475.1068072586071, 11.03249164116893, 0.06340416558433001, 0.19516126216234478, 372.8184227270344]}