{"obs_size": 14251917, "obs_mean": [5266.095885938268, 570.1906902769641, 2.3031379568095995, 0.06496180669513553, 0.0995905895187293, 635.7544699549778, 0.5492193404578876, 5267.183756352953, 570.4500059886681, 2.2216553043355494, 0.0646519734316521, 0.0996003781430251, 636.6611674777454, 0.5495044304566575, 5269.063679891182, 570.757724873082, 2.1170215908498484, 0.06464358816123544, 0.09961435020081934, 637.6153356238335, 0.5493909924539001, 5271.852382635469, 571.1455957117909, 1.9926390253325217, 0.06433316611183668, 0.09961437314489073, 638.6457711394163, 0.5490606493849616, 5272.470140646518, 571.6331217056626, 1.8412652838211165, 0.06432403064002605, 0.09959963436813414, 639.6408830590743, 0.5490754159598705, 5272.403511131143, 572.0793067346659, 1.6532004080573863, 0.06401285312783611, 0.09956086091106199, 640.9187995484864, 0.5487161863207959, 5276.631012471594, 572.6927562095684, 1.4709330681619883, 0.0640028255641756, 0.0995611565252585, 642.655997145873, 0.5497504488694821, 5278.406971845844, 573.4307092863368, 1.258524800558409, 0.06339014504435583, 0.09962552147321697, 645.0947285147618, 0.5494535972248837, 5326.3164984114355, 574.0429479065868, 1.0360047704459687, 0.0627763521729828, 0.09959473605564705, 666.8580363084225], "obs_std": [11004.905200017594, 559.6056784134826, 22.68475619595297, 3.21814212263147, 0.1265630495695076, 535.3976750323463, 0.8339866383624135, 11009.737457558476, 559.6546481592836, 22.110773872865344, 3.0103384766050363, 0.12671590669201746, 535.3920336304296, 0.828584944154047, 11021.172800975397, 559.5185664294028, 21.392615426969044, 3.0103379639124292, 0.1251393565345465, 534.8902458732844, 0.8264046527560109, 11012.055419614575, 559.7269809711839, 20.480807807351578, 2.787083771749352, 0.12496532672186879, 534.2845116900266, 0.8255713891715282, 11024.511435901451, 559.797359717745, 19.1328834735601, 2.787083048673085, 0.12465121862868547, 533.6129763105187, 0.8243243117444133, 11014.121316795228, 559.8465439264496, 17.492759472608043, 2.5443137605544335, 0.1227300057394886, 532.8499006623323, 0.8214433177109882, 11016.011827983795, 560.0373924181731, 15.5826101284237, 2.5443131599945317, 0.12089383732549433, 532.4313297161804, 0.8207655586142346, 11026.342438127376, 560.2830946720272, 13.209003102555329, 1.9710245745814674, 0.12113824073961783, 533.1686860632739, 0.8117753744771303, 11030.246942163736, 560.5781102868209, 9.995180776800515, 1.138569539208084, 0.12034571591203087, 550.1698057100604]}