{"obs_size": 14276570, "obs_mean": [5176.795960525936, 559.228026269615, 2.6571827826992056, 0.06500422099734762, 0.10052411605336611, 630.0047589103017, 0.562341498062915, 5180.253233989225, 559.6076374087053, 2.540005197326809, 0.06499577603759885, 0.10046456029823703, 631.3465396279316, 0.5627109595652163, 5181.543090453588, 560.0256559523751, 2.397288074096229, 0.06498663245416113, 0.10048975924511296, 632.6861224457487, 0.5631047356613045, 5183.871046971831, 560.4378653976411, 2.22023476227133, 0.06497710178839199, 0.1004597785640385, 634.2675592999318, 0.5628915691234022, 5183.2996365494, 560.8333438634069, 2.043875104454361, 0.06496764432844189, 0.10047042781088274, 635.9231385245422, 0.5641441547234438, 5187.357130037528, 561.3853022819907, 1.8445589521852939, 0.06435581859523001, 0.10052395309090457, 637.8605315293034, 0.5639285803242748, 5189.709977743349, 561.9120142303087, 1.6342398769452327, 0.06404447430412942, 0.10052183529335157, 640.0261547438397, 0.5646054534107321, 5193.2736578366785, 562.3033342742689, 1.4118317635118238, 0.0634324222206804, 0.10061822258028431, 642.7868363494871, 0.5669972527715068, 5195.130036060524, 562.6186920247651, 1.1629950331207004, 0.06342039033129812, 0.10085411527684886, 656.8930060542515], "obs_std": [10894.154886684515, 559.2594993818923, 24.358899892207006, 3.2153704383845736, 0.12450060104403134, 531.6543373663744, 0.8143531152772275, 10900.068161773384, 559.2265345769573, 23.616951168721112, 3.2153697802584826, 0.12334829969797521, 531.6679273060001, 0.8144636756370757, 10898.729106981722, 559.2910675379763, 22.56894355080912, 3.215369225233968, 0.12357512700148926, 531.4233599745946, 0.8180741569814615, 10902.035356772953, 559.3282000096661, 21.30899982722621, 3.2153684257762287, 0.12267244858288565, 531.315403732602, 0.8088874413515436, 10900.17826633599, 559.2654981364467, 19.83374343960814, 3.215367932044722, 0.12169541526602425, 531.0626415171542, 0.8135271526135602, 10906.977046314449, 559.3272018510595, 18.098548895247408, 2.784684175247841, 0.12042118701572356, 531.236325986083, 0.8119327883461044, 10908.573118978948, 559.3230100501729, 16.07700871698126, 2.542125568005796, 0.11911827529590574, 531.5107991521702, 0.8096616711675563, 10916.544291667147, 559.1451763594259, 13.678470658699364, 1.9693346746441012, 0.11910108128406427, 532.7196416453208, 0.8170133810598729, 10914.868473993756, 558.8938791162212, 10.380200429601155, 1.9693328768448461, 0.12000692350776812, 540.4227506072539]}