{"obs_size": 14251917, "obs_mean": [5209.963264051543, 562.141563552468, 2.3246370295308343, 0.06858475811268935, 0.1022023302816035, 629.0641705292929, 0.5642191277847384, 5211.189764233718, 562.4650019362308, 2.2469368155876848, 0.06797241299111717, 0.10220585616903423, 630.022733794147, 0.5648210273748034, 5215.960803567153, 562.7754805195681, 2.141127681279648, 0.06736116751768352, 0.10224760629275426, 630.9959052023213, 0.5644390873873626, 5215.199219627151, 563.1858991320255, 2.0159708339586877, 0.06674852565118906, 0.10223781516535695, 632.1384284075809, 0.5643434919667539, 5217.721044604583, 563.6392943489639, 1.8691064507322066, 0.06643671932239834, 0.10225178710260537, 633.3086906299905, 0.5648546519040479, 5217.296240457733, 564.0509971395427, 1.6792495353432104, 0.06582389375851104, 0.10225504226624411, 634.6840458935689, 0.5642155092539755, 5220.7804001332415, 564.6080940549964, 1.5016784057892, 0.06490899084980035, 0.10219255047001737, 636.3580950795043, 0.5654342202526478, 5225.084854393527, 565.2185865943508, 1.2890539567413983, 0.06369324913863304, 0.10228967675653783, 638.4319758617693, 0.5651605675222778, 5246.605653468034, 565.76767546429, 1.0707727248201067, 0.06307938970386354, 0.1023318759776661, 663.0327798531711], "obs_std": [10961.088274965658, 556.8856350553486, 22.583847343695005, 4.959205401007254, 0.15368876767358453, 530.9271792128724, 0.8801330989866478, 10959.44711417035, 556.985409655106, 22.01067607917501, 4.690962043983323, 0.15379937667223623, 531.0039495095074, 0.8771965570685205, 10974.445012168917, 556.867421537245, 21.29392483101445, 4.406419892990162, 0.15268241216552209, 530.6460656005748, 0.8712709900968963, 10959.517272899731, 557.0943251708002, 20.381850791412422, 4.10218792537746, 0.15256816354185082, 530.3722157425553, 0.8696621578820797, 10974.453641993634, 557.1226126913314, 19.036427703739758, 3.9412745146353174, 0.1527666121584369, 530.0240817183766, 0.869422348541917, 10967.346252657, 557.1007055308369, 17.3999066439049, 3.597923136605168, 0.1519241805677668, 529.6182375250563, 0.8636259482564593, 10970.014577219063, 557.230987128082, 15.506390908819595, 3.0103422399164232, 0.1492606665701119, 529.2340447866397, 0.8636916414268451, 10982.576141394933, 557.3092051717185, 13.140403030940057, 1.971034959139964, 0.14949596645411725, 529.194620858322, 0.852284893554134, 10979.008426883893, 557.4396412368473, 9.9660624094052, 1.1385885331609022, 0.14973303260011137, 549.7443120597821]}