{"obs_size": 14251917, "obs_mean": [5246.381095994387, 568.4189700936372, 2.2987123767279867, 0.06524011308044461, 0.09963054305824291, 637.6796089795718, 0.5511820762779217, 5249.961207330437, 568.70859141265, 2.216488490636031, 0.06493040131787957, 0.0996440498702739, 638.594748414215, 0.551329793178041, 5252.486940461813, 569.06982457167, 2.1120548905806844, 0.0649220653559875, 0.0996368164919156, 639.569433430044, 0.5512215318122232, 5256.659925803404, 569.5191225854038, 1.9871495182016563, 0.06461170425242503, 0.09963073441320332, 640.5923287355633, 0.5508252251960628, 5258.074531244215, 570.1008902170846, 1.8365219920941158, 0.06460239053820675, 0.09962375494356249, 641.5922828858247, 0.5508545598462741, 5261.246222097018, 570.6398970047328, 1.648624321907011, 0.06398978094302007, 0.09959169195982538, 642.889462522972, 0.5504065739367268, 5263.946764913267, 571.3460420798131, 1.467198272344696, 0.06397989627431187, 0.09958622854420177, 644.7592126334916, 0.551444452279694, 5272.311758996373, 572.1534632849742, 1.2550319371071275, 0.063367127239312, 0.09962312960312752, 647.225012937273, 0.5513244219006165, 5317.291382115384, 572.8487092648659, 1.0335219465563825, 0.06275305149729098, 0.09961944311224849, 669.1413322684919], "obs_std": [11011.512402683858, 558.8162236392192, 22.615146333803224, 3.413317230813938, 0.12639353930915134, 537.2414248228259, 0.8319482203432472, 11013.40241393512, 558.8942468009425, 22.039529613131165, 3.218141325664399, 0.12669396586580467, 537.0586425191788, 0.8272658969505433, 11027.222426894246, 558.797552568471, 21.315149131163707, 3.2181408466751913, 0.12450828449118291, 536.497639642514, 0.8248352708630537, 11017.520372020486, 559.0477017655959, 20.39868668722915, 3.0103377148453534, 0.12466065051433198, 535.8811336001988, 0.8234547875036835, 11032.650767436251, 559.2007018806912, 19.05175414025189, 3.010337161344304, 0.12416844250647457, 535.1614738334114, 0.8238303777514462, 11025.083014917513, 559.3263145883881, 17.40782821829144, 2.5443141561532414, 0.12314594961736346, 534.4970304037108, 0.8184050065924422, 11025.898065078241, 559.6391101470972, 15.50413742563041, 2.544313582921185, 0.12132479939657412, 534.3850826136775, 0.8157497337961886, 11040.397532119512, 560.0040513583247, 13.117241125397692, 1.9710251736847237, 0.12072046030619218, 535.3566457548743, 0.8118925814283493, 11043.296849578015, 560.4351003110261, 9.91127594388738, 1.1385707163867358, 0.11970311325284809, 551.9580063515103]}