{"obs_size": 14289583, "obs_mean": [5162.838357714735, 556.3095683757881, 2.8093828210382346, 0.065871983469294, 0.09966830924037404, 624.282745990515, 0.5596959364034523, 5165.081400261284, 556.7310386874129, 2.6640013218020426, 0.0658634768223191, 0.09965525405436938, 625.7142820874949, 0.5600040740866893, 5169.191758441187, 557.112685513636, 2.48878389243409, 0.06555429796923415, 0.09963697134052135, 627.1525809677339, 0.5600697813925044, 5168.324861888455, 557.5740836524061, 2.312947060806463, 0.06554548500758228, 0.09964032830531168, 628.6372133644913, 0.5606973698952548, 5169.364048987386, 558.024276285739, 2.114000387555046, 0.06523551260027008, 0.09968745338684888, 630.6404245957372, 0.5607267897180744, 5173.521746635382, 558.5090568423166, 1.9033535828162376, 0.06492519354764283, 0.09968289664820859, 632.7226042544455, 0.5614191684949774, 5174.879183868551, 559.0271903665767, 1.6774931080913977, 0.06461511783577707, 0.09972518244458152, 635.175224081534, 0.5630511648940314, 5181.823219759977, 559.5503424417632, 1.4287215379203158, 0.06430410505310855, 0.09985716232398119, 638.7604681270716, 0.5682740277305477, 5182.5633113592485, 559.6434194755718, 1.18760967342434, 0.06339192212411711, 0.10027302923430356, 645.094256493608], "obs_std": [10858.13075471917, 557.413010158111, 25.30881955568719, 3.7685254083903454, 0.11914931338998587, 526.729290035956, 0.7998993827713682, 10861.45310640427, 557.3970868012956, 24.321536566030453, 3.7685249116584334, 0.11766772199380236, 526.6005541163975, 0.7992119697997792, 10869.40745235653, 557.379641207947, 23.16298086626568, 3.5931731848134336, 0.11721596720275472, 526.5522711954526, 0.7945219804577862, 10862.911074459782, 557.431504434281, 21.862986366624796, 3.5931728603972055, 0.11615920469618338, 526.1248802908199, 0.7950021746707036, 10864.19385124345, 557.4004056951485, 20.30902370675488, 3.408812885751985, 0.11588723161054129, 526.2240212025762, 0.793045706219781, 10871.318682874977, 557.3723878878192, 18.545477172288027, 3.2138946126974495, 0.11423928604398383, 526.2442005707936, 0.7910812327667291, 10866.461795140878, 557.2986732675099, 16.461766352757216, 3.0063656778567474, 0.11298490046108352, 526.4180382975733, 0.7964736753176235, 10880.466225610016, 557.3389880759895, 13.87446153034563, 2.7834059059707728, 0.11334914238524367, 527.0147959061853, 0.8043822816859133, 10879.52984128509, 557.1126351319951, 10.561048779447297, 1.9684244766888148, 0.11485173273108455, 527.8832863066048]}