{"obs_size": 14289583, "obs_mean": [5152.67496228017, 557.6358443070033, 2.7887503785099956, 0.07348485340244702, 0.10368100709376893, 621.7251312328754, 0.5701831995377544, 5157.963700884054, 558.0380907546426, 2.6457536934422787, 0.07287300909726337, 0.10365691265098444, 622.9769660949522, 0.5710283692673481, 5159.817267670858, 558.4282519650853, 2.4642263528613815, 0.0722612301833512, 0.10373439411444042, 624.2742165929305, 0.570095070863892, 5159.572938000546, 558.9121247275026, 2.2948934898940014, 0.07134875818098446, 0.10369777423945782, 625.7314663073525, 0.5716934051189909, 5160.748322609599, 559.3668907623127, 2.087203314470408, 0.07013510271672124, 0.10379943964466987, 627.7971847840046, 0.5711336721302748, 5163.185920105387, 559.9157803275295, 1.8802572475347952, 0.06982249591307974, 0.10386379209764228, 630.1828211251557, 0.5735150382625168, 5165.823631540677, 560.3924003940492, 1.6539289495011855, 0.06920943877782325, 0.1041222605660355, 633.3064278297466, 0.5787266005593287, 5169.95147618864, 560.8364672363076, 1.4031340172767812, 0.06829527934720828, 0.10465135176764775, 639.6559690953876, 0.599473553776922, 5178.964888808871, 557.7502080361618, 1.17710621786514, 0.06557557676330455, 0.10671168748248311, 654.5115255991728], "obs_std": [10878.30505514288, 555.7013976659118, 25.406922796965056, 6.721830164460211, 0.17107488316457264, 530.5148545883396, 0.9449057795018001, 10884.158487010363, 555.6819270838903, 24.421171859489032, 6.526962295863915, 0.17010544486500698, 530.1830995022281, 0.942683360186868, 10891.623802287142, 555.6572810057893, 23.258907242735646, 6.326094624623856, 0.17165861538983995, 529.9553504649675, 0.9326938701893839, 10881.92582707488, 555.7447248068501, 21.962239347261754, 6.0122233929163, 0.17020070572554893, 529.5320871496525, 0.9387776868250174, 10886.252057221427, 555.7048047606318, 20.39876494074463, 5.566265073176617, 0.1707281764052322, 529.8288254715429, 0.9280412601133975, 10889.105437398342, 555.7481329942791, 18.629091004304886, 5.4490752861046765, 0.17007509016850664, 530.2080981869241, 0.9257733868365768, 10884.6762635121, 555.6897473172346, 16.545331404680432, 5.2067895070238706, 0.17128383247601003, 531.4180980432253, 0.9374204418397922, 10897.814430210396, 555.7847721184129, 13.962786130575058, 4.820581925896927, 0.17624637612327293, 535.7161225886089, 0.9918733770402336, 10904.787707763711, 553.68510367464, 10.649746857376362, 3.408821511962923, 0.1910949441686717, 550.4344985606566]}