{"obs_size": 14276570, "obs_mean": [5239.788370826264, 570.4226845803997, 2.6161089113141323, 0.0665005646577645, 0.09845381124233636, 629.2615690053508, 0.5332098855677876, 5243.148284759873, 570.7836421493398, 2.494923920801705, 0.06649364322404476, 0.0984495620024279, 630.5630228858394, 0.5334363373695862, 5243.4786405261475, 571.1657241900541, 2.3429641713660914, 0.06618495901992563, 0.09844699072676463, 631.8968446182785, 0.5335519514141399, 5247.077382979385, 571.59495025766, 2.163478552621533, 0.0658758947814566, 0.09845190239714434, 633.4609567548772, 0.5335045237757073, 5244.979453077322, 572.0006619937421, 1.9754036158545085, 0.06556648644990366, 0.09844416206967088, 635.1454059584826, 0.5337961223879719, 5250.810866817438, 572.5362445601429, 1.7699795539124594, 0.06525648849871533, 0.09844460299476761, 637.1884601611328, 0.5343554024531535, 5252.129924553778, 573.0841273499166, 1.5501994526696539, 0.06434473063663772, 0.09842368344945604, 639.556441598502, 0.535192685498025, 5255.5812088659595, 573.5216245218563, 1.3166472058764815, 0.06403442042718226, 0.09845789663392611, 642.358284866933, 0.5365366120153886, 5259.497817849804, 573.9521723355119, 1.0604337736585188, 0.06402365820593452, 0.09851334248247309, 652.3051860289446], "obs_std": [10880.20435429751, 558.2618687246178, 24.756140649739176, 3.9378657164620705, 0.11480394218653402, 527.3798668183587, 0.7657819294862009, 10885.414732305773, 558.2033229146643, 23.99049964397262, 3.937865498095061, 0.11376601564015237, 527.2771112667541, 0.7664126704332965, 10882.095899598935, 558.2215344097784, 22.92022298756206, 3.770241852888111, 0.11351079917502535, 527.0259852322255, 0.7674296658645787, 10889.411513919767, 558.2688521162582, 21.63025505730065, 3.594810484193684, 0.11295330990585413, 526.8562007966951, 0.7603325591612269, 10882.23438519384, 558.1716493414023, 20.124507117661654, 3.410366687662554, 0.11181164361714102, 526.7063172789526, 0.7615877592487283, 10891.926510928355, 558.148117809056, 18.348770834822396, 3.215359756747248, 0.11023306882100828, 526.749048481176, 0.7602158292545316, 10892.308887432991, 558.1190965183814, 16.27801374517748, 2.5421167521489423, 0.1078683476211005, 526.7522584778984, 0.7565862135163817, 10898.230352288463, 557.9723752599623, 13.802275778277115, 2.2738286887867605, 0.10705494514366656, 527.3674157463354, 0.7592425905300988, 10900.201640068135, 557.7574821591375, 10.393119719716687, 2.273827875155195, 0.10611544877638807, 530.6290975601169]}