{"obs_size": 14264008, "obs_mean": [5239.0225665204, 568.4063399992485, 2.4504116234371156, 0.06499269437735355, 0.09934000061224059, 634.0492292613203, 0.5494732562545226, 5247.081981273393, 568.6558844470643, 2.3506542480907195, 0.0646836782832796, 0.09942266656167115, 635.1232916048127, 0.5495326697798115, 5245.86538173348, 569.045237846193, 2.2294822745472382, 0.06437403098835381, 0.09937799016034045, 636.1450992329766, 0.5489679109125928, 5250.705819313694, 569.4495161528232, 2.080076511454564, 0.06436522528150067, 0.09935499309499798, 637.3247226365746, 0.5489865298729876, 5253.9596645398915, 569.9808060960145, 1.8972780301301009, 0.06405446297507159, 0.09932804702044541, 638.7037817225898, 0.5486545766099239, 5248.93700440669, 570.5333294120418, 1.7174960922624272, 0.06404473471012667, 0.09933670223390366, 640.3525696638654, 0.5495688371038878, 5258.412772457476, 571.1340611979467, 1.51019678340057, 0.06373405242812002, 0.0993946138398134, 642.1685719619154, 0.5491071979208523, 5253.163237527075, 571.9337131611254, 1.2909656949154824, 0.06282032422928574, 0.09936754593863045, 645.0685957633572, 0.5504377546619805, 5303.371941154554, 572.5199621312606, 1.0581929006209194, 0.06280904586804242, 0.09949951068507648, 665.6364852226616], "obs_std": [10974.504771916128, 558.4451536987516, 23.594594576563782, 3.2167773792507828, 0.11968177624723877, 534.3097471339737, 0.8259759495443866, 10987.645616270142, 558.5014900882076, 22.967317868839366, 3.0090620644748705, 0.11878536548140789, 534.1255683898627, 0.8239887711469925, 10993.795399046008, 558.562064290191, 22.13785566624011, 2.7859028291763397, 0.11874261376014213, 533.6017383734676, 0.8246475223123902, 10992.806558028678, 558.5035356308688, 20.983140351306808, 2.785902374497426, 0.11753961733180493, 533.3423489963996, 0.8197657787268048, 11004.72808125401, 558.6150920675155, 19.498894363610464, 2.5432361133621617, 0.11800651672092087, 532.5097814444648, 0.8136992998113656, 10983.819773142626, 558.7172894692975, 17.84416758371516, 2.5432355677391065, 0.11714153792366645, 531.8207901668083, 0.8180943583667437, 10992.960692489287, 558.8270990941659, 15.896952160626949, 2.2748288470334197, 0.11700533815277378, 531.4253024891786, 0.8058878415015944, 10982.927112559217, 559.1967541264922, 13.501574104252612, 1.1380902999949696, 0.11565397958041808, 531.9199053124828, 0.806334010508296, 10999.674878400016, 559.5048390324699, 10.26778176888368, 1.1380883778402635, 0.1174119972039974, 548.8286757990077]}