{"obs_size": 14264008, "obs_mean": [5199.266316837892, 561.3823883862096, 2.470858611408519, 0.06829700925505201, 0.10269829277360204, 627.0990363954757, 0.5661763244244243, 5202.714426655465, 561.6469594660912, 2.3693935813832976, 0.06798742800460693, 0.1027917783300465, 628.1385012538353, 0.5661079709854699, 5202.097559099242, 562.0134372470907, 2.2483357412586984, 0.06797742523532925, 0.1027496470353927, 629.1769650712009, 0.5656468564796409, 5204.846693038489, 562.4018059300022, 2.104247137270254, 0.06736482030857938, 0.10274062772069356, 630.3802717303031, 0.5663255072487675, 5209.521945269355, 562.8534355140574, 1.9186721572225702, 0.06705272377722574, 0.10274815751982283, 631.7664782752479, 0.5654975401724754, 5206.918286069326, 563.3188956427954, 1.7456193238253932, 0.06613918663717351, 0.10273870305940754, 633.5006199345422, 0.5670329166949801, 5214.899603979259, 563.8108788918234, 1.5373428001442513, 0.06492377870281138, 0.10284864419740936, 635.3764926838714, 0.5667786803681362, 5214.074241445614, 564.4672121608455, 1.323020850801542, 0.06340671891393546, 0.10289319160329913, 638.0975507291255, 0.5689234154243659, 5234.79639001474, 564.9188917308514, 1.0946051768899736, 0.06309369188716982, 0.10311348455497339, 661.9525327219344], "obs_std": [10945.710319704833, 557.2166648658931, 23.48155044746369, 4.824902492001694, 0.15864727628111344, 531.6798567854627, 0.8978736495151735, 10953.09037164298, 557.2666909468909, 22.859051808047194, 4.688974787670793, 0.15875540382531103, 531.6670871292564, 0.895366070461009, 10953.795533163418, 557.3079141077882, 22.0324995365552, 4.688974286589173, 0.15827093814696525, 531.3596837871419, 0.8946523734122379, 10956.64460456027, 557.1986629437503, 20.888181089186666, 4.404552159405155, 0.15783446013487024, 531.2153566842501, 0.8920980096310067, 10967.671459358442, 557.264034842987, 19.412293397686422, 4.255217558340797, 0.15815409267855884, 530.5724682417884, 0.8822193999927718, 10956.474329880699, 557.2463854043613, 17.77143458308573, 3.771907216140687, 0.1567531254521681, 530.3517442596294, 0.888358734362871, 10969.65351399, 557.2878440696148, 15.835222399416889, 3.009067603114556, 0.15792066973046817, 530.3266343975675, 0.8779863373993729, 10966.910277452886, 557.478466078049, 13.457781207135323, 1.6088794758840932, 0.15778964514517158, 530.9032187089209, 0.8789152811951311, 10972.364551359558, 557.5546503405925, 10.273063228111159, 1.1381068605358482, 0.15861565585428639, 553.42962345858]}