{"obs_size": 14289583, "obs_mean": [5209.564233738274, 567.6397151687352, 2.760176276662517, 0.06718512645156255, 0.09957409614661215, 632.8995568467402, 0.5495762634221386, 5216.316610465252, 568.038861595891, 2.611211607784496, 0.06717667877243859, 0.0995689937427141, 634.1326563171226, 0.5496915425034189, 5218.52283262061, 568.4481576544256, 2.43362133100735, 0.06656613085525986, 0.09955409442598909, 635.5451329482446, 0.5496084927741247, 5216.071066859733, 568.9502204507997, 2.2545892346893535, 0.06655691077913865, 0.0995492806959445, 636.9391048522496, 0.5502986324373957, 5217.818295526056, 569.4933517654084, 2.051566375309902, 0.06624612435514018, 0.09962195497601335, 638.9167705683244, 0.5500385479408775, 5220.043144415613, 570.0770839848861, 1.838552461607872, 0.06593482780729838, 0.09960499620667687, 641.2169548518918, 0.551410014204103, 5221.378425627719, 570.7261715754756, 1.6089189586568062, 0.06562339162494167, 0.09971570082107983, 644.427360434427, 0.554939017184807, 5223.694639051403, 571.3675664293352, 1.3573895053480567, 0.06531077747993806, 0.1000030423394444, 650.5382900779287, 0.5681780401849865, 5265.428811312188, 570.2139072217852, 1.1154463359777538, 0.06409538773532426, 0.100990552525781, 662.1771575502696], "obs_std": [10930.927440472047, 558.97372577779, 25.50664545091046, 4.400607940971747, 0.12495279605223243, 536.638093782788, 0.8363834138840025, 10944.399585237552, 558.9347522732646, 24.507045121957333, 4.400607709527609, 0.12277691910547328, 536.0726807946554, 0.8345297040914877, 10949.94761940817, 558.9063717597903, 23.34010596548572, 4.096776563733671, 0.1235834149144644, 535.8434905142032, 0.8280819996038818, 10931.411346747478, 558.9946680651636, 22.028439997645023, 4.0967762566165, 0.12222615534226494, 534.9412240250444, 0.8290667559935716, 10934.195121390994, 559.0598637567844, 20.46486718740202, 3.936075571304092, 0.12266253845266688, 534.7854630778363, 0.822432588711277, 10929.731589433384, 559.164747369526, 18.68846604052379, 3.768528356486299, 0.12054462766450875, 534.8365633077393, 0.8223312010916695, 10931.242281364468, 559.2885300946934, 16.589960151439684, 3.5931770057711527, 0.12105739108183187, 535.812687671068, 0.8341229908534202, 10939.357399389537, 559.5723123230787, 13.983162896666858, 3.408817081139094, 0.12264220737472739, 539.7157325460379, 0.8724111736857849, 10948.144943787418, 559.0133976737153, 10.622186589036748, 2.540963344387993, 0.12897929289539733, 549.9740520114318]}