{"obs_size": 14240282, "obs_mean": [5281.861717936231, 570.5441482127951, 2.1271040138109623, 0.06324316178711314, 0.09844621725321165, 641.3847592944237, 0.5456318574309501, 5288.448822657779, 570.8409737250989, 2.0413155441725106, 0.06323638880649377, 0.09847897986353188, 642.130224865117, 0.5450191447051728, 5293.329800281001, 571.2355003924783, 1.9527629438799032, 0.06322929625551757, 0.09848648986122643, 643.044819661116, 0.5455924789270735, 5293.35585584988, 571.6449438992852, 1.8527251075505387, 0.06322135521432189, 0.09851018182132966, 644.0523339939884, 0.5453993933547474, 5298.773117561396, 572.1103615785136, 1.7314020185836207, 0.06321321242002893, 0.09849950035736718, 644.8904206942366, 0.5449547610785026, 5293.613986209342, 572.6374643423493, 1.5783898802004062, 0.06320459380250425, 0.0984743941523776, 645.8501022985303, 0.5445792307343789, 5295.494093728287, 573.2244020869813, 1.394489168121811, 0.0631950035398255, 0.09842981646367718, 647.2408142942149, 0.5444050605178046, 5304.1360450418015, 573.9720675475387, 1.2084454507291358, 0.06318551527435438, 0.09843589724164123, 649.2828760904233, 0.5449774313458529, 5353.781817660372, 574.6765267008055, 0.9998455789007549, 0.06257305968969627, 0.09843759756948671, 671.6099981548102], "obs_std": [11037.768707568819, 558.0256357627798, 21.34019663351479, 1.97182283860015, 0.11631771373879941, 537.9044911265539, 0.8011633145980721, 11050.195873694189, 558.0094392013955, 20.76864902154946, 1.9718220902228094, 0.11635950921320082, 537.1417277561864, 0.7979777893882775, 11059.579273210664, 558.0492358290717, 20.11963392518936, 1.9718214322489822, 0.11590359699276061, 536.5853037835842, 0.7957075251869873, 11055.937335496114, 558.1342033162994, 19.362266059614658, 1.9718206716528741, 0.11537638070542469, 536.0316078480593, 0.7934336720607741, 11064.160323987257, 558.2378073740576, 18.360053039112852, 1.9718199267772967, 0.11518623958920417, 535.1915422284438, 0.7945369635633032, 11046.220558544084, 558.3960051906911, 16.927384342180257, 1.9718192508126244, 0.11360068696559136, 534.0554073714512, 0.7887042088320286, 11047.018457635257, 558.6294777436625, 15.070438916127454, 1.9718183815661932, 0.1133792662573194, 533.1942015350903, 0.7832580003248967, 11049.299573093691, 558.9556515451837, 12.811414518199976, 1.9718176681718147, 0.11218518867842442, 533.3409021940292, 0.7816554427874851, 11070.9577989123, 559.3918213030197, 9.79711332217599, 1.1390167164433558, 0.11025303166562653, 551.2501771147035]}