{"obs_size": 14251917, "obs_mean": [5279.1737427783855, 570.4636159472441, 2.2896365450346083, 0.0629762345860639, 0.09811302329847987, 638.6702840376724, 0.5415165032185159, 5280.454425411443, 570.6986300860439, 2.205157804385192, 0.06296902930806508, 0.09810609292090353, 639.5649548397313, 0.5417053683375054, 5284.300285944485, 570.9992900604179, 2.10112134388658, 0.06296138298960839, 0.09812586357442382, 640.5475052154264, 0.5417631557916461, 5284.2007346574455, 571.3650964989482, 1.9757560333813335, 0.0629529830235546, 0.09811344084490588, 641.6832908952973, 0.5415391396820847, 5287.194732195527, 571.8762417715457, 1.823802790880693, 0.06294480979352524, 0.09811235777488708, 642.6979899835679, 0.5415110210086483, 5285.834959998641, 572.321461176065, 1.6379306025989346, 0.06293595829116241, 0.09807100955303068, 643.9997122576548, 0.5412775720628021, 5287.559895371484, 572.9426996382314, 1.453784357570985, 0.062926438891772, 0.09807163563659538, 645.7072480079139, 0.5418568724474491, 5291.173745885298, 573.7162396469191, 1.243403817184734, 0.0626159977448029, 0.09807071027188936, 648.0601414307, 0.5417043823648787, 5341.40584332534, 574.3549672651054, 1.0196304118245987, 0.06260563325215242, 0.09804186784191807, 667.9746536974619], "obs_std": [11021.448498473252, 556.6673677751343, 22.633034950568454, 1.609538951541275, 0.11501832988726389, 535.0121114224075, 0.781129848330136, 11022.295418373944, 556.6850543507111, 22.050114857977075, 1.6095379593825232, 0.11453430870059039, 534.7513606651497, 0.7780350238148869, 11037.006704773214, 556.5230992219078, 21.333258824057697, 1.6095370639685413, 0.11351633128613149, 534.1095637401987, 0.7770386981585641, 11022.172763827219, 556.6874476674494, 20.414557754490044, 1.6095361601720588, 0.1127689955499889, 533.6708747155811, 0.7759840032810191, 11038.90498038169, 556.7297236018981, 19.06815681183155, 1.609535468203476, 0.11205351360743694, 532.7469644482421, 0.7771013523728993, 11025.236136727275, 556.7234261686052, 17.42288909466822, 1.6095345504974083, 0.11041849649123125, 531.8720300977642, 0.7749477427465202, 11019.559066910288, 556.8996906449622, 15.514849011130242, 1.6095337585215947, 0.10811991558854082, 531.242414123792, 0.769103267091467, 11029.181155485203, 557.1227599796642, 13.124445580048715, 1.1385527575208696, 0.10711882343147382, 531.3577282409709, 0.7657707812633563, 11035.619202049505, 557.4484753071268, 9.919891934965442, 1.13855135370042, 0.10696211452531247, 544.9591343353407]}