{"obs_size": 14264008, "obs_mean": [5252.3390125068745, 569.0149494447844, 2.4550881491373255, 0.06470309565839587, 0.09961710334409599, 634.4867600864113, 0.5504701182164647, 5251.275538949755, 569.2542310688552, 2.3547129250067727, 0.06469496864732016, 0.09969441585205326, 635.4812377080868, 0.5505958731936061, 5249.210202165669, 569.6313419061458, 2.232569555485387, 0.06438516209911861, 0.09965975592351146, 636.4966150742456, 0.5499318793147455, 5256.8302024049035, 570.0319997016265, 2.083904888443697, 0.06437605327872259, 0.09961791937406396, 637.5844139569456, 0.5499033937726702, 5254.447670713701, 570.5056885834613, 1.899742975466643, 0.06406484990292513, 0.09960845665292734, 638.9338026810289, 0.5496538499558167, 5255.251995992092, 570.9972971131255, 1.7205447445065931, 0.06405486572042886, 0.09963054333760968, 640.5070392288023, 0.5505357512419067, 5260.963934641256, 571.5572354558411, 1.5120630190336404, 0.06374397064276205, 0.0996836929229152, 642.3540717260768, 0.5500905917187227, 5260.38009392952, 572.3200093550142, 1.2928910303471506, 0.06282977860627403, 0.09966844751475118, 645.2824831135325, 0.5515481042916246, 5307.931830474709, 572.87130510583, 1.0597911190178806, 0.0628183286954214, 0.0998246820998711, 665.7398665519967], "obs_std": [11005.408235134688, 560.3590378436702, 23.659734873296426, 3.00906475277071, 0.12354953932326537, 535.0273694947679, 0.8399995861151757, 11000.72468061516, 560.4168989036776, 23.032517057894474, 3.0090642598295987, 0.12290211698886455, 534.7490189138084, 0.8395524177909343, 11001.456963294777, 560.4510503852184, 22.196135738098164, 2.7859051608823453, 0.12282379175131221, 534.2928714483596, 0.8390408478821978, 11006.610206327327, 560.3712681438333, 21.027730785203133, 2.7859043723836483, 0.12098760520474025, 533.9717234364175, 0.8304477698958938, 11008.819409729624, 560.3847162731336, 19.54373399208394, 2.5432379546050283, 0.12128857902326154, 533.1077848096345, 0.8262250775761296, 10998.913429439817, 560.3642412311827, 17.885218641030892, 2.543237319865256, 0.12111772308951613, 532.3900264789784, 0.8269899967864826, 11010.293094180637, 560.3971119438295, 15.930044230470518, 2.2748307144560327, 0.12086468750892443, 532.0613984922084, 0.8161214535417864, 11002.08951890943, 560.6664019871911, 13.521853811703675, 1.138093644079149, 0.11984106756324192, 532.6563626903817, 0.8162687922010438, 11015.249048808664, 560.8867333719858, 10.28184814482467, 1.1380917377369342, 0.12205829035273999, 549.2881590472722]}