{"obs_size": 14289583, "obs_mean": [5204.104184325398, 565.439498759341, 2.756411996067345, 0.06712047813467316, 0.0995658977040822, 630.8663761210797, 0.5495036645926212, 5218.138995054123, 565.8297815968456, 2.6076653181551905, 0.0671113259946142, 0.09955460242688634, 632.1638822905692, 0.5495363116614768, 5215.713507362388, 566.2700615546304, 2.4304089209601147, 0.06650081714365601, 0.09953038358866077, 633.6072522396666, 0.549501906528738, 5219.118758949132, 566.8036122537656, 2.2512250357480688, 0.06649152458018509, 0.09953905475940004, 635.0273631355986, 0.5501736793859231, 5217.652244962221, 567.4003158104754, 2.0481264568742135, 0.06618102172485348, 0.09961456556024109, 637.0332668251184, 0.5498671369906685, 5218.433700082821, 568.0600484282852, 1.8360787015268396, 0.06586974253672061, 0.09958402254201558, 639.4717916834978, 0.551297233376269, 5226.526878744083, 568.7415377341662, 1.606068560573111, 0.0655585214472046, 0.09969666099514528, 642.7139541286826, 0.5548187077258083, 5227.502850489766, 569.4800664931928, 1.355132476574019, 0.0652458643166219, 0.09997972869040349, 648.7685684220918, 0.5683138302916649, 5273.429919267816, 568.3637407753606, 1.1141492372450614, 0.06372983873707869, 0.10099225210028909, 660.3892696326188], "obs_std": [10923.779546565744, 556.5055280707273, 25.456733678149895, 4.400608882580344, 0.12475834722522415, 534.8344381949921, 0.8413390128298633, 10950.157292022765, 556.4385213991095, 24.458853469941328, 4.400608368050763, 0.12267894243313801, 534.3546203827829, 0.8379672082932852, 10949.521377224239, 556.4212339686414, 23.293327759765095, 4.096777261622577, 0.12310745979273752, 534.0926521127548, 0.8336148472719042, 10939.151619024373, 556.5103353542776, 21.978028568396617, 4.096776940958025, 0.12272525624152261, 533.240074910945, 0.8335512852371555, 10940.695884246092, 556.5910293906179, 20.413729385111687, 3.936076390207526, 0.12257442251762614, 533.0608623648534, 0.8278044301626687, 10934.010488167803, 556.7287252818392, 18.638790020012923, 3.768529197089702, 0.12035416898165927, 533.1549530664804, 0.8264990453408095, 10937.07099056808, 556.854254117371, 16.539252873208465, 3.593177927105814, 0.12087946791403005, 534.0330103207968, 0.8372590147012737, 10938.550603511576, 557.2022458718864, 13.929747532696824, 3.4088180084271746, 0.12232070369330575, 537.8982568119515, 0.8768476577505532, 10958.807991448732, 556.6846922852459, 10.57339705496032, 2.272799173365304, 0.12884640265664654, 548.1307625887127]}