{"obs_size": 14264008, "obs_mean": [5243.925678108115, 569.7931325473178, 2.439959301761469, 0.06303108596287409, 0.09866761498121748, 638.3405701315725, 0.5458311962528787, 5253.683084827461, 570.0438270926377, 2.34053247866939, 0.06302333973404424, 0.09873065137715921, 639.4086451500933, 0.5459052942202938, 5259.26403461393, 570.4219289557325, 2.219235995941674, 0.06301502340191657, 0.09870306632028068, 640.3881590243999, 0.5453465727865949, 5256.936455155604, 570.8826030523818, 2.0689613326072163, 0.06300634794520069, 0.09866442512525202, 641.5727256176444, 0.545269286795175, 5263.657093393274, 571.4190398659339, 1.8876621493762482, 0.06299676172763827, 0.09862815000987177, 642.8871808893133, 0.5450731501272744, 5257.779749609825, 571.9927183159178, 1.705239509119737, 0.0629872982194153, 0.09866018583143103, 644.4192787358176, 0.5458172749903578, 5267.489380692979, 572.6049998008975, 1.499468522451754, 0.06297772353220249, 0.09870241764551815, 646.2849431487983, 0.5454644450564415, 5264.223200886515, 573.4235810159387, 1.2790252220834424, 0.0626663225838855, 0.09866481012875164, 649.2440102471868, 0.5466706416598034, 5321.752101926517, 574.0494800619853, 1.046581297486653, 0.06265533185203782, 0.09876619555786996, 668.2524356432345], "obs_std": [10973.952065015332, 558.0901119345369, 23.58720979091111, 1.6088703085556413, 0.11796669146123012, 538.0729064685636, 0.8104333614810925, 10988.37149041879, 558.1171677309236, 22.959731450408807, 1.6088690191372588, 0.11702394654401915, 537.7303090123831, 0.8094924236761301, 10994.99545494326, 558.15533148858, 22.128487125586467, 1.6088686103569956, 0.11700490381306174, 537.2347403177348, 0.8097845419889929, 10995.003523918505, 558.1096777337041, 20.972205983798897, 1.6088673175990809, 0.1153739055896306, 536.9289200172338, 0.8047620170459758, 11001.122349129397, 558.2254185353898, 19.488338267687073, 1.6088661682033083, 0.11543538510751558, 536.0386310093404, 0.8001936589853348, 10985.667985708582, 558.3052289436746, 17.82807838924847, 1.6088652281936633, 0.11542364302044032, 535.2086691243636, 0.801333339092868, 10995.99214293358, 558.4234631765011, 15.879299610161766, 1.6088644564739054, 0.11456784693549533, 535.0062753175254, 0.7943856252075628, 10986.136116912754, 558.8078066253343, 13.483437489120412, 1.138088619588623, 0.1133899421661956, 535.5693367290954, 0.7935836974774483, 11018.915000253677, 559.1476944465287, 10.247280235245698, 1.1380870032343067, 0.11448122421439651, 551.2543640272761]}