{"obs_size": 14240282, "obs_mean": [5277.638342515014, 569.9671793016457, 2.126537030657117, 0.06417313107908387, 0.0987552006506611, 639.9388812754831, 0.5482132273785473, 5297.6656247284645, 570.2197504937051, 2.0391907969238257, 0.06416577671517451, 0.09878563865638422, 640.5352047993166, 0.5473690466944858, 5288.145090230603, 570.6129989560601, 1.9525200413868207, 0.06385653911826455, 0.09878698799054779, 641.3624949067813, 0.5479367643843492, 5293.605396221207, 570.9632291691977, 1.852282700581351, 0.06384848513260609, 0.09881983496731389, 642.3731376785901, 0.547698544031684, 5295.450740779154, 571.4187719035339, 1.7313440141143273, 0.06353857932947682, 0.09879102697573061, 643.1906776257597, 0.5473264502065738, 5289.765249430113, 571.8732136063035, 1.5796777058207134, 0.06352954940619289, 0.0987832307933239, 644.1168490027036, 0.5470710613034714, 5297.732317785323, 572.401772731748, 1.396325859277225, 0.06321814656079984, 0.09874441492043491, 645.3998837069333, 0.5468173060758621, 5288.267496364651, 573.0899676003606, 1.212576548694752, 0.06320839729207048, 0.09876165578153481, 647.399693581583, 0.5475595303520426, 5355.916325042463, 573.6836875140534, 1.0033753545049178, 0.06259584176795892, 0.09877590567539346, 670.1548835887253], "obs_std": [11043.145248796, 557.6113172132593, 21.303088442718547, 2.788221300201946, 0.11840741926339052, 536.323316666068, 0.8138340880853236, 11067.076239681088, 557.5887480372999, 20.731136877776503, 2.788220362429197, 0.11789164531821945, 535.4756234550676, 0.8086709878522657, 11065.880720878044, 557.6020773772032, 20.082768450040493, 2.5453518318629276, 0.11745626647784324, 534.8723593328253, 0.8062657309347611, 11055.79625824063, 557.6595246500078, 19.322840894262363, 2.5453512526339477, 0.11702224313447666, 534.4323087227328, 0.8040911377483945, 11062.8305560554, 557.7430304628435, 18.318887912258283, 2.276720896409329, 0.11677268698902805, 533.6487421210219, 0.8057568519464473, 11047.19786226998, 557.8667822934304, 16.899585447779103, 2.2767199422832323, 0.11564293221274272, 532.6204618981991, 0.8023350418937422, 11053.788043490445, 558.0713217279219, 15.047978845234928, 1.9718252347978962, 0.11445512916558423, 531.8021956407439, 0.7949436939977594, 11043.216228758452, 558.3222204964221, 12.7973865312031, 1.9718244108433, 0.1140282481079384, 531.681927028435, 0.7937261981119699, 11083.761169286485, 558.6818653108058, 9.78601523716465, 1.1390285319156466, 0.11242563391730964, 550.1100373498881]}