{"obs_size": 14276570, "obs_mean": [5240.665990712321, 569.3271193991272, 2.6000608689622227, 0.06409082062008574, 0.09880857668900841, 633.5612513987637, 0.5437356653594335, 5244.547922315764, 569.6374040823531, 2.4805914165657437, 0.06408306698507393, 0.09882110387789235, 634.7054748021371, 0.5433704043758752, 5242.9964562692385, 570.0898940711951, 2.3323267423477767, 0.0640747237040898, 0.09880167303687155, 635.7973938284401, 0.5432991727004829, 5250.193332501941, 570.476527205064, 2.152821020735373, 0.06406577846738375, 0.09878101647398471, 637.2503449141233, 0.5429416046711857, 5242.778073937463, 571.013497289615, 1.971248346066317, 0.06405677046181944, 0.09876993356254381, 638.8676265801956, 0.5434892836304843, 5249.433220042572, 571.6816684960042, 1.7665336982202309, 0.06404688401367395, 0.09876649816923849, 640.9296371375804, 0.5437062299978586, 5251.802114448964, 572.3737554608705, 1.5505054785568242, 0.06373587514508734, 0.0987525919096116, 643.6633773503895, 0.544908001711935, 5252.3723798017845, 573.087270892098, 1.320468852112237, 0.06342458146628316, 0.09881197367133786, 647.4966093994125, 0.5477684705080128, 5307.280438323256, 573.6709797941662, 1.066966715394524, 0.06341260781273761, 0.0989889460731818, 663.8495767548196], "obs_std": [10959.291704477953, 557.4520289556347, 24.56831236342545, 2.542113130300039, 0.11933666862121665, 534.0035899772139, 0.804368918118625, 10966.189191461182, 557.3523095181608, 23.813101635208437, 2.542112643517779, 0.11861491844613663, 533.4854386258415, 0.8037390176257565, 10969.646681053415, 557.4053515961374, 22.748381136650327, 2.5421122236122584, 0.1181026406911206, 532.7372170029648, 0.8047940255074062, 10970.660056065319, 557.451243240865, 21.470886942915712, 2.5421116689442536, 0.1180837346938835, 532.1223900816423, 0.7941633402022223, 10965.948529988078, 557.5113129587896, 19.97469439935032, 2.5421112328245195, 0.11709408462682586, 531.5621768792803, 0.7948145435712816, 10967.728637247232, 557.7218666239113, 18.215087775359816, 2.5421106057064686, 0.11511359458989771, 531.4506261858187, 0.7935787077472709, 10964.776464847186, 557.9381051258197, 16.154934026297777, 2.2738216169443946, 0.11237091596736487, 531.7663006471225, 0.7915182028613348, 10968.636518794046, 558.1570653421709, 13.71815687991072, 1.9693153226571254, 0.11314021617449586, 533.570548536404, 0.7972446948422586, 10986.132211840368, 558.4998949452555, 10.329534617398796, 1.969313919628102, 0.11239193333482098, 546.0396561527288]}