{"obs_size": 14289583, "obs_mean": [5193.390495967618, 565.4805009355416, 2.7693379855801252, 0.06696294265319742, 0.1002641230801483, 631.1362497228939, 0.5528273123855661, 5202.538802614454, 565.8618073039639, 2.6199630178151456, 0.06695334609373176, 0.10026978261786891, 632.3948975907823, 0.5528430947215586, 5203.9194778727015, 566.2928022462237, 2.4422175230725767, 0.0666430307275658, 0.10023983145428421, 633.8477668849177, 0.5527918735627662, 5205.6330270363605, 566.8262943012403, 2.2643846220005157, 0.06663370041512773, 0.10024374273427014, 635.32244239947, 0.5534872142175629, 5209.806594271693, 567.4151869232293, 2.0604532686503165, 0.0666229389653361, 0.10032004688303385, 637.3278831243726, 0.5531888378408655, 5207.369980186779, 568.053033038123, 1.8480808712192651, 0.0657101392113472, 0.10032134722237852, 639.7095164755124, 0.5547797392688562, 5215.248198437276, 568.736214345793, 1.6167625745271923, 0.06539883558849206, 0.10048865264059767, 642.8831180546001, 0.5584411405147871, 5217.1863912686185, 569.4135591640427, 1.3631017784073896, 0.06508646768307431, 0.10077994943414402, 648.831978543155, 0.5731759880607166, 5251.84968714759, 567.9553387247199, 1.1234958360926277, 0.06387061658909866, 0.10195170184973248, 660.981139567429], "obs_std": [10915.601438260768, 558.4519809301778, 25.482714788145977, 4.251405946857026, 0.1306065212367806, 536.4542377326583, 0.8564545479632131, 10933.585877838656, 558.3796858642572, 24.485894756700038, 4.25140531031919, 0.12895362157468532, 535.8963283974983, 0.855116505332546, 10943.737749850323, 558.3519873911747, 23.32368317520498, 4.096774268849401, 0.1290236879663417, 535.7232051125925, 0.85090797862098, 10931.501484944414, 558.4339874196726, 22.014792890169076, 4.096773970717891, 0.12895435991396198, 535.094616037197, 0.8526304097744823, 10942.30941068614, 558.5053838756617, 20.44589483630602, 4.096773458304919, 0.12868040112634513, 534.9494843300179, 0.8437735281900094, 10933.514367505419, 558.6447062741755, 18.667063102423818, 3.5931741954900516, 0.12690246726660687, 535.0125727648693, 0.8417120339737294, 10933.954398475289, 558.786727881018, 16.560283357741493, 3.4088145211864775, 0.12853291546543383, 536.1793541168648, 0.8525563896246476, 10939.617825275582, 559.0926964623169, 13.937501050594978, 3.2138965555753596, 0.12985616540995187, 539.9483696204902, 0.8926652130347362, 10952.882287702701, 558.3719272504824, 10.580995793654976, 2.2727937817417017, 0.1369045516632869, 551.64700492432]}