{"obs_size": 14264008, "obs_mean": [5243.968848355822, 569.0099684464564, 2.444310673409606, 0.06298834444863777, 0.0981558710801341, 636.3547876790294, 0.541798678954794, 5251.476096480945, 569.2688356596547, 2.3447669126377386, 0.06298096995277383, 0.09821120015657667, 637.4758320114073, 0.5419243659286057, 5248.9185623905105, 569.6455781572752, 2.2227270203437914, 0.06297294272129726, 0.09817562389463148, 638.5039603384944, 0.5414035097288616, 5254.254955989312, 570.0781206796855, 2.0710916595111275, 0.06296496190622769, 0.09815540696752256, 639.7045831126763, 0.5414255346043394, 5256.597858464903, 570.5970898221594, 1.8910281037419496, 0.06295585165635958, 0.0981322754163491, 641.0477279724811, 0.5411370157672777, 5252.023136836279, 571.1518831172837, 1.7073299454122572, 0.06294680580809588, 0.09813407775801952, 642.7282469249378, 0.5417451737268105, 5262.167217371556, 571.788132550122, 1.5012977418408626, 0.06293763855875047, 0.09815119967781917, 644.8196046856782, 0.541544956648977, 5267.121018670962, 572.5644575493787, 1.278790785871685, 0.06262664383314452, 0.09810404194949947, 647.8016725734687, 0.5427624183890344, 5303.499494206772, 573.2047795402245, 1.0451814104422825, 0.06261635413946226, 0.09817168480626327, 665.9851158062033], "obs_std": [10952.697941816432, 556.3086697427384, 23.637918367138205, 1.6088571245791552, 0.1129933010632487, 534.0463229480159, 0.7838347500537667, 10964.354774868521, 556.352104931454, 23.00962909923435, 1.6088562801223323, 0.1122884179907479, 533.9526190219757, 0.7823074277232877, 10962.480085977968, 556.3848502555632, 22.17509437072992, 1.608855443346163, 0.11161135241968281, 533.4127556006421, 0.7829784235617318, 10967.67506334989, 556.3149689693842, 21.012007389168016, 1.6088548331894756, 0.1104534630481454, 533.068808810335, 0.7790126208251691, 10972.471661056481, 556.4270490588815, 19.533786077558972, 1.608853890461855, 0.11036372975829314, 532.0761244888558, 0.7733709046791258, 10953.721456100127, 556.4968159755379, 17.8740556537585, 1.6088532077543503, 0.10952630406413061, 531.326222333393, 0.7741659379075774, 10966.682186718086, 556.6264415516647, 15.918986617584943, 1.608852451581422, 0.10890801331342635, 531.3302474484661, 0.7666662566706863, 10961.516206134993, 556.9986110477165, 13.50584994215378, 1.1380712455686162, 0.10787007372329371, 532.0238722889677, 0.7674439146331394, 10977.341901974829, 557.3441288242254, 10.273379897924585, 1.1380699366877998, 0.10743166970124991, 544.9989737288828]}