{"obs_size": 14240282, "obs_mean": [5245.894684112653, 560.9310909011492, 2.1459800444963095, 0.06348447586649741, 0.0982690471348813, 632.8034395619464, 0.5491616543829677, 5247.162633723228, 561.2301667200129, 2.065248778078974, 0.06347862191037489, 0.09826520089812889, 633.6595532503285, 0.5492621298510766, 5250.282338118106, 561.5619260910705, 1.9773158284365433, 0.06347245957054196, 0.0982897216845147, 634.6271123879517, 0.5497481068141775, 5249.554544607267, 561.9052525083423, 1.8801644517994798, 0.06346564090409977, 0.09830404741914567, 635.8400229464032, 0.5498035621064228, 5253.244825078332, 562.2087821013656, 1.761059436884747, 0.06345842145479393, 0.09828798814777766, 637.0226616262182, 0.5500265249662922, 5253.6942870503, 562.5746579316335, 1.6097917864267013, 0.06345069163799667, 0.09828530500077226, 638.4667900938975, 0.5500183310274381, 5255.256821821501, 562.9894371473824, 1.4331893146498083, 0.06344218996899886, 0.09825780529957226, 639.9057358143103, 0.5502720233349321, 5257.019892665095, 563.489211519828, 1.2464623242713873, 0.06343353421253282, 0.09827473926295771, 641.5943135085392, 0.5505301392205605, 5259.258378803202, 564.0334609946628, 1.0444838803051792, 0.06282207253403471, 0.09827530268501752, 653.2842046796511], "obs_std": [10959.183702278462, 554.0468704527948, 21.166549604674035, 1.9718169796763938, 0.1117358370015604, 525.4087790524155, 0.7699872383679397, 10960.332913961787, 554.072559485462, 20.601204344092274, 1.9718164323445573, 0.11078040264547118, 525.2963509738728, 0.7699050027021215, 10965.874588588718, 554.0459470224101, 19.95914639909363, 1.97181594241597, 0.10951757946100649, 525.1407138097369, 0.767967518196931, 10961.6661501258, 554.0620680491255, 19.212458252898216, 1.9718154336829181, 0.10967935366994214, 525.2342158514472, 0.7663161617645057, 10967.148136702044, 553.9765628918828, 18.224298469711186, 1.9718148724314497, 0.1086657559138478, 525.1968281510236, 0.769823330063343, 10964.051166835683, 553.9353477778968, 16.817812487681103, 1.9718143263339334, 0.10791746006946074, 525.0653366894195, 0.7643715783945296, 10967.633485838453, 553.9410557695745, 14.98671298916533, 1.9718137503308941, 0.10657070503466957, 524.8397524505344, 0.763235150501455, 10966.19521330761, 553.9425237496947, 12.747756195550675, 1.9718131705893187, 0.10524732470462482, 524.6015687948194, 0.7578301252832316, 10968.920322071215, 553.9781960968385, 9.786824573111176, 1.1390093739743619, 0.10265407209708907, 525.2745320040601]}