{"obs_size": 14276570, "obs_mean": [5228.351311109493, 569.2699576999236, 2.5988646432581497, 0.064367171701473, 0.09903462700620683, 636.6600060003253, 0.546744024440084, 5236.544951550839, 569.5894518081024, 2.4813979828488217, 0.06435924999618942, 0.09903714578697857, 637.7354210233459, 0.5462744270507933, 5234.940086516557, 570.0667644259091, 2.333291609959535, 0.06435041006888194, 0.09901666178690018, 638.7455885551848, 0.5462033713280295, 5244.449059210248, 570.5072544735887, 2.153548506398946, 0.0643411691747456, 0.09899328905997701, 640.0552152103727, 0.5458034866218303, 5238.609263473886, 571.070196272634, 1.9724763721257976, 0.06433204243575999, 0.09898227461421084, 641.4826195659987, 0.5464981340056189, 5241.56586489952, 571.7319935390643, 1.7670303161053391, 0.06432202250884476, 0.09902818502266406, 643.3000585672382, 0.5465145109785146, 5244.465704229752, 572.395714166638, 1.5533650589742494, 0.06401076416254743, 0.09899789808070199, 645.8184516232706, 0.5476683464586132, 5244.551444563092, 573.0468812887128, 1.3237618699729696, 0.06369906766696018, 0.0990815386380631, 649.628178503896, 0.5508464676740027, 5298.98170054809, 573.5614634327433, 1.0699177743673725, 0.06368688734850844, 0.09928593954605372, 666.856751321729], "obs_std": [10964.161415411043, 558.8437771886674, 24.549886732166108, 2.784680448619122, 0.12262368040385595, 539.1139217817075, 0.8177800281256323, 10972.222326316012, 558.7645463666313, 23.800845428395395, 2.7846797945911037, 0.12205897244138644, 538.4706470277022, 0.8175146690464532, 10976.614538225605, 558.885502529906, 22.736678652083924, 2.7846790248832196, 0.12123929560106923, 537.5981148534192, 0.8194635887379839, 10976.735985768155, 558.9994903080083, 21.459689536326167, 2.78467867904022, 0.12095189934511916, 536.8652046908519, 0.8096313625274602, 10976.50002248387, 559.1055228207455, 19.96156717637355, 2.784678487092677, 0.11970237913482593, 536.0727484045779, 0.8121725990293829, 10976.029268479682, 559.2961648623113, 18.207811017355745, 2.7846778983702856, 0.11913675387396817, 535.5786287585563, 0.8067420180079137, 10975.165079412336, 559.4702465762759, 16.159480139902218, 2.542119028101357, 0.11603054851324245, 535.6782310785738, 0.8043380963662556, 10976.13422747597, 559.615434918349, 13.724848639447961, 2.273830695663069, 0.11743364689582846, 537.8169219293694, 0.815197362556264, 10989.610662896015, 559.8504440110463, 10.34852966877224, 2.2738297692999754, 0.11634558357249354, 552.5083970121423]}