{"obs_size": 14264008, "obs_mean": [5238.023504027866, 568.668124134535, 2.4553617748952474, 0.06654039274116604, 0.09980401122903203, 632.908647865358, 0.5507236932284758, 5245.5010296612945, 568.8991905360681, 2.3558063063340966, 0.06592990276667905, 0.09987422983687408, 633.8872667586411, 0.5508201291671015, 5240.024621813963, 569.2677187926422, 2.2339345995879984, 0.06561971584859828, 0.09983051392617105, 634.9455076703991, 0.5502498983455787, 5249.989232521964, 569.6681046449216, 2.0855213345365478, 0.06530903930333817, 0.09979907406943396, 636.1387020181041, 0.5503042348967099, 5249.142935659104, 570.1659138861952, 1.9020932966386446, 0.0649976912785051, 0.09977131524666884, 637.510536746611, 0.549942734538606, 5246.825432756475, 570.6988429198861, 1.7230846337158532, 0.06438538646817395, 0.09978249168676914, 639.1816782313414, 0.550984259192829, 5257.851551929888, 571.2799248990888, 1.5147383540446697, 0.06377340625609036, 0.09986341595567008, 641.0777043369118, 0.5506045312790505, 5252.39493591816, 572.0829774492554, 1.2951746802161075, 0.06316058763281142, 0.09985608761555571, 644.0101747079755, 0.5521810170045178, 5305.882533409641, 572.6562438130993, 1.062590262147918, 0.063149067429093, 0.10001255589761433, 664.8891218894402], "obs_std": [10969.241479595881, 558.9058744563944, 23.625035437266266, 4.100445571363477, 0.12612697665877565, 534.236524112989, 0.8404011294692465, 10980.392837504472, 558.9423547629908, 23.001314227061645, 3.771903496519177, 0.12490348661426658, 533.9761934159341, 0.8402915051325139, 10977.984860409968, 558.9874749364313, 22.17167512818579, 3.596394838960157, 0.12477327353048827, 533.5431292316601, 0.8397250630031532, 10986.98287835802, 558.9335090653113, 21.01132094040045, 3.4118694228489344, 0.12305639262153467, 533.3380695369907, 0.8339866923511405, 10990.884321297184, 559.0056783854243, 19.533174803191415, 3.2167762689623887, 0.12370643842735161, 532.458153127547, 0.8267544214626176, 10978.45345562746, 559.0736283641479, 17.878218494842947, 2.7859019987652363, 0.12280602282031194, 531.8001380816598, 0.8283757632462501, 10989.854289032315, 559.1791711746945, 15.926397494556443, 2.274829693750971, 0.12228572444645724, 531.5663374640052, 0.816062032118954, 10981.994017679424, 559.5185921825695, 13.522582904518874, 1.6088666283782687, 0.12210101144291151, 532.1545286130272, 0.8190695023142333, 11005.873894126786, 559.7966554894986, 10.293332111670269, 1.6088651887239585, 0.12367609603299291, 549.2886002124759]}