{"obs_size": 799948, "obs_mean": [1874.460578432528, 414.6484596498772, 4.711601254081515, 0.07541785693319031, 0.17965011134724243, 489.0148526046002, 1.14069825663678, 1874.1172798390253, 414.9616700085506, 4.578412596818794, 0.07539908046897004, 0.17960001194453304, 490.5530700395556, 1.141822708476068, 1872.5260268567629, 415.2569979548671, 4.425445153935006, 0.07537697305573822, 0.17961270215313668, 492.0950920093359, 1.1419032612120135, 1870.9448855301077, 415.741890722897, 4.209996149749734, 0.07535504732931597, 0.17935974175072006, 493.93009659544776, 1.1422503425222956, 1863.6786924825115, 416.0484343982359, 3.959054838564507, 0.07533107541989195, 0.17936235564311825, 495.93964699789933, 1.1419766222305159, 1859.8727160615522, 416.4375984438989, 3.671814917969668, 0.07530828207457424, 0.17899411046968614, 498.49673980810815, 1.1416671583654099, 1857.4384984540693, 416.81603804247277, 3.380400976063444, 0.07528583020645299, 0.17895846404891239, 500.8797744661796, 1.1406570277069001, 1856.7479020736603, 417.2524101566602, 3.060202663173106, 0.07526004079764159, 0.17890469477015866, 503.7842906955797, 1.1421200978064312, 1856.5567323600706, 417.8308165030727, 2.70864606199403, 0.07523405838003404, 0.17879791088545888, 514.5674050421648], "obs_std": [3888.510042714359, 505.8514213187495, 27.181980381747685, 0.0698992740422114, 0.24636248860151796, 435.34773310370997, 1.4281061678961118, 3889.50170248275, 505.8985452117919, 26.544568333845994, 0.06981290070408348, 0.2456277642065932, 435.3868711997783, 1.431817103397701, 3875.374545758619, 505.8763125333671, 25.734549695696437, 0.06969202040928787, 0.24577981587343664, 435.3564847051101, 1.433540634720103, 3885.021008444933, 506.07520166093605, 24.47866924114945, 0.06957452909144116, 0.24456293990315672, 435.2345904231723, 1.4278174554407046, 3854.828298639641, 505.8580291327151, 22.904809802298356, 0.06945084269922032, 0.2432862435591592, 435.2949460748161, 1.4301915733347572, 3841.2484503872524, 505.53943965410787, 21.036409265378524, 0.06934110640186533, 0.24197778008494075, 435.3104973614143, 1.4224140965123564, 3831.841735927559, 505.4047750287284, 18.954734080947524, 0.06923292251428788, 0.24109975119692403, 435.1375816909162, 1.4189856876422358, 3823.0123485214526, 505.20249104024833, 16.29192951663354, 0.06910147590997404, 0.2419618840465011, 434.6349363167443, 1.4259555291092534, 3815.6473962811383, 505.2171507608349, 12.943649152081516, 0.06899042824989256, 0.24183675896101903, 432.9162620548279]}