{"obs_size": 14264008, "obs_mean": [5203.818965414085, 559.835887711224, 2.454815014125063, 0.0635848226611427, 0.09846131891099626, 629.0044572330585, 0.5491114843738193, 5207.099925523291, 560.141672102259, 2.3588816691633943, 0.06357807926468642, 0.09849742866801615, 630.1181509773908, 0.549567793287832, 5207.7700698204035, 560.4788665990652, 2.240497341280235, 0.06357058511689857, 0.09847888000308264, 631.2280412752154, 0.5495087373058137, 5209.612612192208, 560.8761254901146, 2.0912730138681916, 0.06356301034100113, 0.09845176351934168, 632.6045920754686, 0.5496745472240305, 5213.959942263889, 561.3094522240874, 1.9166303748567723, 0.06355455842566286, 0.09845008589191809, 634.1400217813465, 0.549743532603179, 5211.598326259433, 561.7565305627983, 1.7342383711506613, 0.06354596930660177, 0.09845280996645658, 635.8987955523162, 0.5503208821812235, 5217.360369040341, 562.2596835335482, 1.5344914276548358, 0.06353743248539408, 0.09846969598888362, 637.6988615112957, 0.5504024298079544, 5219.26332068459, 562.8427647404571, 1.3164244579784308, 0.06322738165031312, 0.09845220173439297, 639.9218932969349, 0.5510335693866665, 5222.790853880437, 563.3570108766063, 1.087466089474992, 0.06291697964366827, 0.09849367135688786, 649.6649788444176], "obs_std": [10882.791063893303, 554.1945671621945, 23.385722733800122, 1.9701788349585083, 0.11073039280823248, 525.1338900254066, 0.7708100836170702, 10890.326913381727, 554.2886791525348, 22.770441278445794, 1.9701782539969293, 0.11050629404535267, 525.1600437895747, 0.7719651441451882, 10887.907160613504, 554.3229615686005, 21.954407785383804, 1.970177671647554, 0.10968023735293526, 524.9815679535263, 0.7739366068859945, 10892.844329020396, 554.221334506152, 20.813005412427472, 1.9701771699030715, 0.10817880333957662, 525.1149057213885, 0.7694876161606433, 10898.697369818276, 554.204825348158, 19.347430024397887, 1.9701765591295137, 0.10809966924088799, 524.7225344735174, 0.766021135268473, 10889.53415767069, 554.152176399062, 17.70699644749607, 1.9701760355100304, 0.10712064302374351, 524.546417811942, 0.7680059592564041, 10899.155568373259, 554.098779590792, 15.77769168058539, 1.9701754972499403, 0.10660175095065047, 524.3745536558058, 0.763181821750387, 10899.430025745261, 554.181978097799, 13.408011049627934, 1.6088481464152342, 0.1058784492003176, 524.3368683962776, 0.7625254226536704, 10901.67591924191, 554.1427400678228, 10.238740016410405, 1.1380646183690348, 0.10521053472054637, 524.6616853727345]}