{"obs_size": 14289583, "obs_mean": [5216.083962561801, 567.4358125076149, 2.7809812224751416, 0.06565570716430964, 0.09926718464891475, 632.8079549407453, 0.5469647648920499, 5224.660894025144, 567.7863525478664, 2.631134162557438, 0.06564695212058308, 0.09925733539579075, 634.0905798903068, 0.5470342864449238, 5224.202774765646, 568.2210196756616, 2.4537466908586487, 0.06563756870526566, 0.09924071469069497, 635.4963609543149, 0.5470184231408707, 5226.37293468236, 568.7028403138146, 2.27331259421636, 0.06562817757208843, 0.09924494441706266, 636.9316172666885, 0.5475510987969707, 5223.996985245071, 569.2798451851254, 2.0695406576944895, 0.06561823560688217, 0.09931627516478295, 638.9747031826383, 0.547343900378372, 5226.6624137894405, 569.8966235753696, 1.8546763051098132, 0.06560803002873483, 0.09927475933510457, 641.4288151347289, 0.5486889123356897, 5231.428675642423, 570.5831046994163, 1.6211670417534227, 0.06529715282567095, 0.0993808144148075, 644.7345198637373, 0.5519037228028678, 5234.551688539553, 571.3293236758552, 1.3673477385589208, 0.0649848078939117, 0.09960785242697445, 650.7565038611683, 0.5634993703455617, 5279.195264413537, 570.5590538226343, 1.118286586809426, 0.06407009682459597, 0.10042148845015307, 661.7465870696183], "obs_std": [10929.225217886913, 557.6873945183789, 25.6478275836526, 3.5931776909549638, 0.12296303982818672, 536.8270295905784, 0.8269765181813921, 10944.999153001225, 557.5796117523327, 24.655185872449643, 3.5931770808048564, 0.1210696211932094, 536.2972778756849, 0.825531510525213, 10950.601921873455, 557.5600020593462, 23.484670176725253, 3.593176304466584, 0.12197815286659522, 535.9415845484243, 0.8181097112487163, 10940.425618873498, 557.6079614355333, 22.177031889585283, 3.5931757089188774, 0.1207405084904918, 535.0837769676058, 0.8179595744594728, 10943.177113825494, 557.7302811678735, 20.612368691665115, 3.5931754608397526, 0.12087087839632647, 535.0135718207284, 0.8125565115883715, 10939.582750664887, 557.8954870279163, 18.832646662008163, 3.5931752815725235, 0.11851293955384928, 535.0942225029476, 0.8115998994652537, 10937.911615046693, 558.0714658785989, 16.721587878661484, 3.40881592053512, 0.11940325517650352, 536.110000012889, 0.8215955338654505, 10945.934908569532, 558.5209659254883, 14.091488671468442, 3.2138976111738775, 0.11876567573842157, 540.0131388603073, 0.8529207120459169, 10963.127091267941, 558.2973973526223, 10.688970143385625, 2.540960684800039, 0.12390215473378031, 549.2708702402778]}