{"obs_size": 14289583, "obs_mean": [5157.634645074324, 558.9084744460353, 2.783450293825929, 0.07040654540528654, 0.1026491361537978, 624.083789568904, 0.5654784791130982, 5160.691248138719, 559.2831058121149, 2.638577906717082, 0.0697955581418374, 0.10263900654049783, 625.3302472226565, 0.5658628900507765, 5162.828541787675, 559.6658714953403, 2.459070919004424, 0.06918420525743163, 0.10270618562844003, 626.6390755969568, 0.5653098227569358, 5164.250796406302, 560.149661190253, 2.2858798608748763, 0.06887356738122483, 0.10263340133151524, 628.0998439397844, 0.5664921384340201, 5164.402633920853, 560.6035066943521, 2.081250936433904, 0.06826210769006393, 0.10276878164268391, 630.1864843607653, 0.5661020577717669, 5167.330948580981, 561.1337384722843, 1.8725018077854336, 0.06825041929775744, 0.10280759571122569, 632.6559230955899, 0.568498771027853, 5169.526213986316, 561.6264130310869, 1.6452485702346948, 0.0676381810050102, 0.10301786547214076, 635.9873923384627, 0.5734627378559894, 5173.5838503466075, 562.0943311641773, 1.395577883553355, 0.06702479932186367, 0.10345726165228211, 642.6136254412268, 0.5934557134382742, 5187.762509838032, 559.5033676630031, 1.1645433600126749, 0.06460616975618572, 0.1053227951209635, 656.8833790174764], "obs_std": [10874.94584835177, 555.5105343657501, 25.42194497210089, 5.681037708864961, 0.15882157843836062, 531.8590717527545, 0.908204710260554, 10882.049712622273, 555.461721734413, 24.431078646726807, 5.449075492684739, 0.15728524983052264, 531.5213793107615, 0.90546728460147, 10889.046416611347, 555.4347498514223, 23.26975922960034, 5.206789511435154, 0.15934503866209768, 531.2579068149306, 0.8966142645278189, 10882.403237175304, 555.5147221874109, 21.971549985704826, 5.081315992091391, 0.15691886453251577, 530.8302764721881, 0.9014167010011603, 10885.969921406208, 555.4849179361297, 20.415277853556486, 4.820581724752217, 0.15800801454103836, 531.1057361578357, 0.8878223189792301, 10888.251948191935, 555.510836663117, 18.647629916869427, 4.820581286245685, 0.15696583015421964, 531.4745040194967, 0.8907698555102378, 10886.114945326399, 555.4653196621671, 16.56014132165195, 4.544913570799911, 0.15781602718284846, 532.917944338704, 0.9024081541171453, 10895.827030181828, 555.6044853551059, 13.98286697946405, 4.251408178400853, 0.16030139376514327, 537.6773155414855, 0.9560753728092508, 10905.087441209744, 553.9981545679898, 10.658113549996193, 2.783415532998135, 0.17630857332504737, 551.2329505165616]}