{"obs_size": 14289583, "obs_mean": [5219.889607832251, 567.7506561248149, 2.7670307803943612, 0.06529046167030166, 0.09877881208415905, 632.6330267751949, 0.5438136744788493, 5228.349808911793, 568.1131909867487, 2.6166889544642413, 0.06528198083982542, 0.09877224838093554, 633.9520073521614, 0.5439534980832238, 5225.825173525592, 568.5319074741369, 2.439460409726442, 0.06527303751859613, 0.0987490711141817, 635.3686979168428, 0.5438652157309742, 5229.9742860392325, 569.0169377930763, 2.2586524043423797, 0.06526405227486999, 0.09874573487147914, 636.803264117592, 0.544292113702726, 5227.731353164839, 569.6031677761346, 2.0548469468983104, 0.06525414767331528, 0.09878047044787831, 638.8785086318259, 0.5441074897007537, 5230.632359235904, 570.2312301905522, 1.8401790311165833, 0.06524383206998387, 0.09875737829361426, 641.3531954598948, 0.5453719598395993, 5236.077929424478, 570.936432014846, 1.6079429329743211, 0.06493297519529484, 0.09882646745681767, 644.6358812355352, 0.5481243485552137, 5236.853051314145, 571.7046209116108, 1.355660903470731, 0.06462165193001809, 0.0990332277452048, 650.5458909591224, 0.5581491089698477, 5287.270236316817, 571.2563277038945, 1.1076232945356066, 0.06340772394520523, 0.09968335153755023, 660.801333842283], "obs_std": [10918.342079989707, 556.6481849341477, 25.581341720165792, 3.4088113846763384, 0.119136900922164, 535.237588178178, 0.8058414600143631, 10933.489102484065, 556.5623136782269, 24.58147311656971, 3.408810989103193, 0.11688998690453241, 534.7286090162027, 0.8047675102688205, 10935.702740020028, 556.5262742352381, 23.411585751789467, 3.4088105163406794, 0.11711343637830017, 534.3582208834546, 0.7989291901810349, 10928.759247574459, 556.5801679814462, 22.100088492033926, 3.4088101558901593, 0.11587709367214359, 533.458173099576, 0.7989841559087507, 10930.128223389896, 556.6636825709094, 20.52913218388991, 3.4088096992185624, 0.11559201117299722, 533.3488339710608, 0.7945806239653217, 10929.050780544572, 556.8017733383313, 18.746584801219647, 3.4088092603901385, 0.1139079252592802, 533.413329978942, 0.7951648360920096, 10925.50322621628, 556.9498730995978, 16.63318823246031, 3.2138911071138576, 0.11337541957871304, 534.3088901283631, 0.8015120131732738, 10928.12867938532, 557.3359158026437, 14.012779719115198, 3.0063618069718174, 0.11392424049771815, 537.9501017932264, 0.8256057086731096, 10957.258141060025, 557.270656916583, 10.606982677285524, 1.9684191082422624, 0.11766524216049369, 545.9187712034197]}