{"obs_size": 14240282, "obs_mean": [5231.725465666601, 559.7495463221866, 2.1996204148204366, 0.06458266748236642, 0.10070827368467818, 634.144130501586, 0.5654696021469198, 5233.770929796068, 560.0904723656455, 2.112245178852498, 0.06457560588014534, 0.10071128281813614, 634.9330285371706, 0.5650034559006611, 5236.8342959381325, 560.4166434344489, 2.027799309030537, 0.06396512390029405, 0.10071349322660925, 635.8956024179489, 0.5661054032497412, 5235.832409032186, 560.7387091070248, 1.9312253788232565, 0.06395714066337498, 0.10077326666143355, 637.0443934269424, 0.5653853703178033, 5239.514309389197, 561.0464446560819, 1.8102532660518942, 0.06394847803042994, 0.10073387292126695, 638.3237828218516, 0.565765719667627, 5239.748011064143, 561.4054678832904, 1.6637102411314608, 0.0639392472380902, 0.10075003433815466, 639.7944372143693, 0.5660589687760452, 5241.56728531654, 561.7877275885409, 1.4821341318942982, 0.06392925094637353, 0.10069996025563231, 641.2420174197372, 0.5660717204195893, 5242.976432859542, 562.2185054340918, 1.3030439284840005, 0.06391947514656846, 0.10072082015152482, 643.0033559763773, 0.5672484877757378, 5245.652910232515, 562.691132380665, 1.098489341713879, 0.06300504113023324, 0.10078607992784205, 660.7630021903561], "obs_std": [11030.221226774185, 558.6813498187014, 21.184467915303614, 3.0115782041935604, 0.12363029946297624, 530.779613544367, 0.8162826720553531, 11035.94283908472, 558.7444399623799, 20.620184847920708, 3.011577682470373, 0.12243088684994105, 530.6189526947951, 0.8150100747563718, 11040.472108147676, 558.7549051585789, 19.979979847834105, 2.5453665785757416, 0.12150721006444686, 530.47558070632, 0.8127498684036204, 11036.967614055362, 558.7814489697269, 19.23494269384795, 2.5453658930871677, 0.12193603266261475, 530.5576201245825, 0.8096496568131143, 11042.016917657196, 558.7102473510098, 18.250429640086338, 2.545364904385646, 0.12149134859184417, 530.6656495678282, 0.8123090018099797, 11039.493123431148, 558.6621581679062, 16.85014178375392, 2.545364165596838, 0.1205821318804537, 530.6338693713174, 0.8102658901960451, 11045.808616602304, 558.6392531429476, 15.026704550596477, 2.5453631159181467, 0.1187580038453005, 530.4109805532008, 0.8079703736670119, 11041.45590862824, 558.5878844519293, 12.801194368931162, 2.5453623596788506, 0.11833825439296441, 530.2357451952197, 0.8056968671313228, 11050.888223901904, 558.5633239567636, 9.859455886644023, 1.6102202560980603, 0.11659230928939784, 539.6652194062515]}