{"obs_size": 799948, "obs_mean": [1910.808039846694, 408.61266357313224, 4.740560636441368, 0.07648887827209049, 0.18411839388184967, 472.58701883874517, 1.127633377419564, 1906.4523147645627, 408.94728532354605, 4.569573272262697, 0.07646836155475403, 0.1838917033969671, 474.09955186255604, 1.1268573694790591, 1899.204065741739, 409.22722976993504, 4.363532379604674, 0.07644814643452097, 0.1837518265574746, 476.0151742596932, 1.1264059201348415, 1896.9150515332442, 409.595856230655, 4.1266982353853, 0.07642645960112686, 0.1836725673281203, 478.08486185437346, 1.126742405756396, 1892.1616357871383, 410.0270780100707, 3.884143719341757, 0.07640733779695981, 0.18347864948845585, 480.31182106590575, 1.127217374129382, 1893.646241293937, 410.44930545485454, 3.609123343017296, 0.07638476077320314, 0.1833550529834353, 482.816192665058, 1.1271500635041884, 1893.8734186496708, 410.8167993419572, 3.3233435173286265, 0.07636276123698353, 0.18312508879327272, 485.41469748201064, 1.1278442798782802, 1895.1350510782224, 411.24321330886505, 3.0098106376914497, 0.07634012112037607, 0.18291167918040255, 488.40662386141395, 1.1281237130414405, 1894.8402830283142, 411.77456159650376, 2.69899168445949, 0.07631634905144141, 0.1828474814025374, 492.4114820588677], "obs_std": [4192.200072738171, 501.8206313320267, 26.889603918685726, 0.0709478986843625, 0.25088368285367924, 418.3829766449084, 1.4086589082191, 4177.984245321688, 501.8515409367972, 25.920187340390004, 0.07085695494572927, 0.2492710195808477, 418.38997931237697, 1.4061627228788292, 4149.375903871399, 501.84056443448134, 24.767042323613776, 0.07076747441946887, 0.24907779502509722, 418.67510576050245, 1.3966777735919056, 4148.174575431065, 501.71398168750864, 23.41126997405278, 0.07068044814884138, 0.2491940743117837, 418.5517677589232, 1.3955930187769692, 4125.306656263351, 501.729551901102, 21.967877005668363, 0.07060227003968061, 0.24809398326580398, 418.47543805172774, 1.4013808788073845, 4131.676957944823, 501.62597212111325, 20.215618596964166, 0.07051262273062113, 0.24670046475226534, 418.57146914693146, 1.4005546750446707, 4124.984418112968, 501.3612437004287, 18.05667227345232, 0.07043196993894413, 0.24448175486848456, 418.09167680043936, 1.403772074147267, 4118.650739563508, 501.3454163905896, 15.524746130418048, 0.07036066488739577, 0.24385927509912012, 417.38992019083855, 1.4007947749776497, 4102.965546244281, 501.20619379322596, 12.441129247016297, 0.07026781449811903, 0.2430090986205626, 416.44370632742704]}