{"obs_size": 14289635, "obs_mean": [5163.827850616313, 562.1048954714379, 2.8271269350126857, 0.06562588950411238, 0.10043599869940663, 622.4479633206898, 0.5420232598663062, 5167.451271922371, 562.5157668477885, 2.6689116971847078, 0.06561763146190211, 0.10042472680099881, 623.887632792814, 0.5421616747383421, 5170.977101604341, 562.8994463469501, 2.4933490603503867, 0.065609096555587, 0.10040384574546532, 625.296266828182, 0.5423214395608973, 5170.037657211394, 563.3959031143903, 2.3002796082615125, 0.06560026364669883, 0.10038114480264868, 626.6804439855825, 0.5422472989687794, 5172.177387531586, 563.838684263104, 2.093272501362001, 0.06559058912212226, 0.10038789401268827, 628.5552629681124, 0.5422745971467929, 5175.068658734853, 564.3553625407508, 1.870557995358174, 0.06558068947535035, 0.1003518432292358, 630.4716149574657, 0.5425116621942938, 5177.5649773211035, 564.9246863898203, 1.6279528483407728, 0.06527042783766757, 0.10031413160616025, 632.5931847470811, 0.5428415271628567, 5184.235057892711, 565.5359660341218, 1.3695079685380347, 0.06495949281553418, 0.10031400588139594, 634.8879412338131, 0.5431344128103888, 5187.909881223845, 566.0403236331789, 1.098349048103748, 0.06374667363813695, 0.10028549485973579, 638.5230383729672], "obs_std": [10813.868039587831, 553.5994081932928, 25.8098520147952, 3.408814493965331, 0.12164842550479045, 526.5245589686027, 0.7839249620481787, 10820.779893495373, 553.5416550002227, 24.807283175613097, 3.408814112321326, 0.12014258257098814, 526.3671637201857, 0.7830346920945116, 10827.781820433624, 553.4893490558654, 23.632213411715263, 3.408813743461838, 0.1199922245433442, 526.2141586217971, 0.7796012228328916, 10820.55840243624, 553.5198060329932, 22.298501735082176, 3.4088134169624653, 0.11867512484563049, 525.6385092008982, 0.7782768872935257, 10824.093487444627, 553.4419446387202, 20.70565998688328, 3.4088130018722524, 0.11834595208913593, 525.4885105803708, 0.7758983693443523, 10828.331986162815, 553.3825109403966, 18.887972477494937, 3.408812616682504, 0.1164845458990691, 525.1905466204786, 0.7741345350284282, 10825.397014568705, 553.263170278867, 16.7373087857426, 3.2138955462702263, 0.114741171668898, 524.9420401509364, 0.7762791592517947, 10837.661171984459, 553.2772726620314, 14.075490442980135, 3.006367472433536, 0.11395699547390593, 524.4395087717664, 0.7715867649984638, 10839.365436681597, 553.1693258590587, 10.62089415911018, 1.9684330550949996, 0.11243627191082925, 523.2992812265178]}