{"obs_size": 799948, "obs_mean": [2983.206270589977, 565.64971723162, 2.599918994734658, 0.062346584582998514, 0.11847128689614499, 505.46453731990255, 0.5599920194813016, 2984.8964451956854, 565.9109879642177, 2.4893093051048316, 0.06233756349287735, 0.11837881830443922, 506.6755599621898, 0.5601686397116282, 2980.418560955489, 566.1288183731942, 2.3448536654882566, 0.062327344169871436, 0.11838894236750304, 507.9670711254267, 0.5603316953102372, 2980.642142270023, 566.4160095406202, 2.1691309935145786, 0.06231799772985292, 0.11820582227969773, 509.39814663367025, 0.5607005155335697, 2980.12384541421, 566.6734937770955, 1.9726257206718436, 0.062308942847535534, 0.11813357567241418, 511.0246999821421, 0.5602226569727597, 2978.466535073925, 567.0725459654877, 1.7692274997874862, 0.062300587853211103, 0.11796450958187335, 513.1044585914693, 0.56028174706364, 2977.9791883079697, 567.3738255486606, 1.5425515158485301, 0.06228873241010751, 0.1178123919054686, 514.7815896349866, 0.5607014280929338, 2977.6662778088057, 567.7887887712701, 1.3123528029321907, 0.06227699859990956, 0.117731562589067, 516.7014630808916, 0.5606279895694447, 2978.1304994074962, 568.2859123343018, 1.0466867846410017, 0.06226474899618599, 0.11763639584198098, 521.976634972084], "obs_std": [4324.254327783841, 481.94965111542155, 23.28624120099277, 0.05989941389283943, 0.17079533402140443, 383.02786891094655, 0.8712351695299683, 4320.509673141554, 481.93223467650114, 22.6264057351583, 0.059872664601380146, 0.1702608180099306, 383.373109284284, 0.874655705593997, 4317.610635059147, 481.8517575192561, 21.645902102983566, 0.05984234256516813, 0.16984446450461352, 383.2889725268931, 0.8757935202705229, 4316.966792227456, 481.78474808018603, 20.411596403213192, 0.059818485508932484, 0.16918384532891714, 382.89530321124903, 0.871245456782831, 4314.625058300142, 481.6613959501439, 18.99890557340889, 0.05979492006563856, 0.16784200939796529, 382.86751417140994, 0.8703880065337423, 4320.324656877985, 481.6945484018341, 17.36568892603835, 0.05977763121995425, 0.1667974962217826, 382.7846253534455, 0.8701548738101768, 4308.817627132486, 481.59602064586466, 15.42937296198746, 0.05974479872002005, 0.1654095426384733, 382.16231520936736, 0.8693890753379144, 4306.910600832165, 481.5589770846932, 13.155632697098461, 0.05971279497702194, 0.16471187567422496, 381.35124468251473, 0.8675976269434413, 4299.808674667597, 481.33456791876284, 9.818966774720318, 0.05967952113971394, 0.16267672536191216, 378.8258322861886]}