{"obs_size": 14289583, "obs_mean": [5153.06174452898, 558.9059095006481, 2.7807029778265746, 0.07167939580420975, 0.10291155219980892, 624.1335996237294, 0.5666663029985116, 5157.545572537314, 559.3000685184444, 2.6368570727361322, 0.07106792565718031, 0.10289466487286558, 625.3538412501379, 0.5672330055398018, 5159.882081368499, 559.6846676351577, 2.4566439062637446, 0.07105779596788132, 0.10295289632349634, 626.6560773891016, 0.5665849612966763, 5160.721197215199, 560.1710366915536, 2.285411617679816, 0.07044642347373657, 0.10288631484907555, 628.1340624787035, 0.5677804791084856, 5161.471937870773, 560.6231006181216, 2.0786566689874713, 0.06893266309115559, 0.10300065681979727, 630.2761955534107, 0.5675640538985981, 5163.446987175527, 561.1543118508077, 1.8716280244147083, 0.06862032068284322, 0.10306901840200672, 632.7519636893115, 0.5700186980964063, 5165.643706998719, 561.64001986622, 1.644018723289546, 0.06800773409994662, 0.10331597047604496, 636.0858625324018, 0.5750484014824293, 5169.945392479454, 562.0597505189618, 1.3944984258812871, 0.06739393692594897, 0.10376223669850987, 642.8997633909019, 0.5959411993338393, 5181.409067663821, 559.2024219321165, 1.164744765470063, 0.06497516872333532, 0.10567589093110742, 657.862596396786], "obs_std": [10865.552393990303, 555.5616150225343, 25.41592532776328, 6.1186375424269075, 0.15966182985250155, 532.2439244414132, 0.9078882532706155, 10872.812486592731, 555.534774376539, 24.426357501163498, 5.903893589226317, 0.15867617407869988, 531.8642879925479, 0.906221805972683, 10879.756661663216, 555.5115664296154, 23.265788288169862, 5.903893113775067, 0.15961500794072744, 531.6315893041973, 0.8986608355661256, 10872.136541936712, 555.5960310318717, 21.966397441305524, 5.681037725350126, 0.15753435865684673, 531.2554699670211, 0.9030849124825694, 10876.78284218347, 555.5754150187463, 20.409389443195426, 5.081317005064668, 0.15918577096552405, 531.6545251115946, 0.8902497374831608, 10878.88009320789, 555.6014784150418, 18.643193665286464, 4.952665628801788, 0.1582630461430681, 532.1572102368117, 0.8961611110352908, 10875.338695644215, 555.5549683406682, 16.554466125422476, 4.684776527798797, 0.15930362642155677, 533.7627929933113, 0.9075914656392258, 10887.36581899397, 555.6503998090906, 13.974916556992257, 4.400609286945595, 0.1626509051453632, 539.090854917597, 0.9677120510187321, 10894.260064295513, 553.8730358157256, 10.647383494355582, 3.006375828641682, 0.17696659033218687, 554.483320467126]}