{"obs_size": 799948, "obs_mean": [2214.489305601541, 460.791588953282, 3.486491621955427, 0.07000472129187268, 0.15362585974587775, 470.81131083269236, 0.8271747338577461, 2211.8713700173594, 461.0526471720662, 3.358164530694495, 0.06999232173215134, 0.15353556337662247, 472.0628640203272, 0.8276749226200056, 2211.056492977033, 461.2590730897508, 3.210994964672704, 0.06997891572076066, 0.15350917568766836, 473.38239473899444, 0.8275543822848913, 2208.942943165491, 461.59561121472893, 3.018138679014136, 0.06996574809111476, 0.15337685314670046, 475.01340906074984, 0.8284656527675165, 2207.727113604876, 461.84109342107234, 2.8056498672413706, 0.0699514624938011, 0.15319170821478476, 476.9701630139022, 0.8278038685015459, 2204.810634344527, 462.20064804212274, 2.581602804182272, 0.06993692669897422, 0.15297762118037095, 478.86114412935126, 0.8275991776965944, 2206.8427308074783, 462.7307087460685, 2.341933475675919, 0.06992170785724967, 0.15283747124938163, 480.9139687021276, 0.8281746401016775, 2207.402579763496, 462.994260876957, 2.090384625000625, 0.06990592456133558, 0.15269015539635095, 483.06963965656655, 0.8277943203809623, 2211.2563004586823, 463.45447829108895, 1.8126328211333738, 0.06989079532543545, 0.1524918327028672, 489.14259344107234], "obs_std": [4054.5574170627806, 475.58058581405936, 24.22815065178862, 0.06354796940465306, 0.20578702682090091, 375.52556753549817, 1.0847916160638458, 4043.0188461868047, 475.6147173716481, 23.479111518878696, 0.06350898905628813, 0.2053267009921941, 375.5364051827024, 1.0809420152946632, 4044.5789367326015, 475.6352785974926, 22.496836772345414, 0.0634728385385128, 0.2047703025751199, 375.4715389599478, 1.0874039991197362, 4041.4295755417997, 475.53184886016834, 21.305467279448514, 0.06343799082756717, 0.20323226481757878, 375.3164358032526, 1.085213055076281, 4040.484573099705, 475.4304008693689, 19.877686823175523, 0.06339832171344628, 0.20201565761851217, 375.56082832634223, 1.0777636657232064, 4034.786869631877, 475.34568249762003, 18.161980093082363, 0.06336180099609642, 0.200602497428577, 375.5805980368285, 1.079512259453014, 4040.4979906394865, 475.36573178808464, 16.303050915731287, 0.06332107811074057, 0.19952123191082843, 374.8806674466985, 1.08319361497551, 4033.051924460715, 475.20957070236284, 13.854904986948117, 0.06327885052716571, 0.19768210538125136, 374.09016689055613, 1.0820255799736858, 4040.828681556721, 475.20954492617193, 10.832031548280465, 0.06324548751999338, 0.19636383624708748, 372.58477797317505]}