{"obs_size": 14289583, "obs_mean": [5189.887044962035, 558.7111287292288, 2.7518891908882157, 0.06529812999421256, 0.09853569871891944, 627.703190353051, 0.5464636000924673, 5193.835302749273, 559.1285954950539, 2.6018301583748107, 0.06529018162630011, 0.09852797152646048, 629.1331868334672, 0.5467113254459652, 5197.279283424342, 559.5124207613336, 2.4313519155877397, 0.06528204091785524, 0.098526217340842, 630.5792605668049, 0.546938461955137, 5196.24413361374, 559.9893979411436, 2.249526455740521, 0.06527372558199133, 0.09852844373723155, 632.0342329742762, 0.5471415440184737, 5198.448622380278, 560.4414192492532, 2.0516688275648067, 0.06526454051053066, 0.09854043384128153, 634.0320834333669, 0.5473555212213086, 5201.043570189088, 560.9429426317059, 1.839582932546037, 0.06525519884863616, 0.09852949416578502, 636.1127824613258, 0.5478794526754327, 5203.4472142767645, 561.468036191119, 1.609682381914154, 0.06494542007097771, 0.0985295924144876, 638.5240364419309, 0.5488447262596959, 5209.431552769883, 562.0049515090817, 1.3643094413601853, 0.06463513482283552, 0.09857998363773103, 641.597980412209, 0.5506508241003361, 5211.685122587847, 562.2776687745192, 1.1117461580229457, 0.0634230318414538, 0.09866742446291134, 646.6194769267485], "obs_std": [10869.319312442716, 552.4619121133962, 25.292878975861903, 3.408805630110526, 0.11485734520660075, 526.8937159534817, 0.7762130645342725, 10876.256303010012, 552.4251634973007, 24.30316075193848, 3.408805256995176, 0.11349159459611377, 526.7589792297439, 0.7750046183540785, 10882.693900392318, 552.3975384792778, 23.144953943349922, 3.408804910960793, 0.11347941896320914, 526.7316703195248, 0.7710663757280852, 10875.523371952186, 552.4482166284033, 21.84155880945802, 3.4088046184993077, 0.1123100559618219, 526.2901530616634, 0.7697799811928362, 10879.118678942754, 552.394567159381, 20.28030500989703, 3.4088042333986395, 0.11190750558959296, 526.3080690094613, 0.7681636635904254, 10883.010752334263, 552.3680177808723, 18.50924765187644, 3.4088038795715354, 0.1102927305794458, 526.2380362885717, 0.7663551516726923, 10879.678676201433, 552.2702148886062, 16.415735854967302, 3.2138855538993973, 0.10861448726059238, 526.3443185272943, 0.7695461168235795, 10891.446427059174, 552.2911746733583, 13.820861602911517, 3.006356018574498, 0.10820462059448223, 526.6663855760489, 0.7670640710955641, 10893.58261779127, 552.1446791604686, 10.468781302958075, 1.968410662357089, 0.1072498134124642, 526.7051425849801]}