{"obs_size": 14240282, "obs_mean": [5231.255570892564, 561.5401325619815, 2.1680561522587825, 0.06733233328912511, 0.10301025464207827, 629.6379767687713, 0.5683037826077106, 5234.336575818662, 561.8493509468422, 2.0746329321287322, 0.06732389317642225, 0.1030247357536887, 630.4940336042521, 0.5673587751282181, 5235.707607930319, 562.2213553074301, 1.9952875230982081, 0.0673150972391648, 0.10307333292655367, 631.4582070011056, 0.5683050739444947, 5236.128409199132, 562.5459217731784, 1.8932658777403426, 0.06670298372483942, 0.10308227707316499, 632.5791434138691, 0.5680555104878072, 5239.136045318068, 562.9234288337829, 1.7713054418444802, 0.0666932911765458, 0.10306970821715569, 633.6816594252309, 0.5677418783560852, 5239.139949090278, 563.3271863576857, 1.626761955978119, 0.06638173477667934, 0.10307930463505008, 634.8572392489083, 0.5682185371750674, 5242.215399978641, 563.7675600103988, 1.4384023434367381, 0.06576710513711184, 0.10307574746988868, 636.1991856613939, 0.5675511224426899, 5242.220319466937, 564.3241833272683, 1.2628511148866293, 0.0654544644237468, 0.10310275018317756, 638.0228611911374, 0.5689313523426339, 5261.605605588316, 564.8550288540634, 1.049950906871086, 0.06393546272995924, 0.10315407843257692, 663.924431241317], "obs_std": [11017.808630336845, 556.9368761936026, 21.25539791522057, 4.408221953211677, 0.16660810459212766, 530.6321492433357, 0.9029488614327769, 11020.276663939347, 556.973136321227, 20.6832508261578, 4.408221179104936, 0.1655878629086807, 530.5745971260588, 0.900497400109799, 11026.349587691193, 556.9896743055533, 20.043000675233106, 4.408220526374549, 0.16582400600935696, 530.4947174080983, 0.8978058915794068, 11021.730386524858, 557.017531689903, 19.288063455205776, 4.10386441996885, 0.16581599469255548, 530.4222198526247, 0.8931837712743931, 11029.72492881806, 557.0154159555517, 18.297973592070946, 4.103863987111457, 0.1654661046447355, 530.2081666746269, 0.8939510851847419, 11024.89282169161, 557.0510776520899, 16.894859508783977, 3.9428850022429596, 0.1654912044623337, 529.6941459083549, 0.8894663151229273, 11029.930497829762, 557.1163089848836, 15.057526803577996, 3.599392942958107, 0.16479800158793095, 529.2206474716024, 0.8817859266769881, 11026.787449086985, 557.1958611904713, 12.825958421720234, 3.4147142070671426, 0.1643485687778966, 529.1041814218721, 0.8782632254166416, 11034.230450804449, 557.3254794935342, 9.832369615353834, 2.2767315803872106, 0.16316722496491634, 552.1318005776202]}