{"obs_size": 14264008, "obs_mean": [5245.590931833479, 568.5523777748864, 2.4426295189963443, 0.06515988176732129, 0.09902429535436338, 634.7623358151957, 0.5477566945420018, 5255.382729647674, 568.8054311242674, 2.342964403833762, 0.06485078641144358, 0.09910952630698272, 635.7891682662678, 0.5477879317650873, 5253.693543433477, 569.2076217287595, 2.221755414046319, 0.06454106449303183, 0.09905393730205507, 636.7813304272761, 0.5472006053979002, 5257.923418022794, 569.6218252261215, 2.0726852508775933, 0.06453214296795984, 0.09903704979147487, 637.9286914891333, 0.5471989083293187, 5259.105097266419, 570.1473863447076, 1.8901252018366788, 0.06422123650436289, 0.09900745133015966, 639.285968967297, 0.5469652466544191, 5254.7365308562985, 570.6779799899158, 1.7107654454484322, 0.06391016549795289, 0.09904441402598875, 640.9236580928688, 0.5478495655639419, 5266.894250579571, 571.2675977887842, 1.5036422441714838, 0.06359937958329273, 0.09909124678077934, 642.7294461680987, 0.5474045113407591, 5258.589371121505, 572.0639427571829, 1.2843465174725084, 0.06268535866806331, 0.09906176958187293, 645.581835032012, 0.5487109579579993, 5314.897861825885, 572.6430439466943, 1.0524135993193497, 0.06267411185734917, 0.09919451787218692, 666.0114477451629], "obs_std": [10976.60523703242, 557.4402877208856, 23.578465128748654, 3.4118696720072976, 0.1192722058649222, 534.4840126394228, 0.8208481730479092, 10988.531861093117, 557.4937430091178, 22.949472642327894, 3.216776912700595, 0.11832598626275137, 534.2031881244502, 0.8191172927114049, 10995.873659926503, 557.5534536742518, 22.12013062823721, 3.009061881602871, 0.11801556736125438, 533.6292855512743, 0.8199706055885909, 10992.02954074813, 557.4824003897791, 20.962204813073896, 3.00906137071204, 0.11671903429353626, 533.3525708928341, 0.813355054085927, 11000.5879463078, 557.5701271526747, 19.47878610049633, 2.785901402401288, 0.11706199252253256, 532.5183614101456, 0.8105526750425094, 10982.490494463329, 557.6226442760877, 17.827341680044547, 2.5432350595338375, 0.11688370232999837, 531.8198832748789, 0.8141724350312739, 10991.398507659407, 557.7102495217769, 15.881272660008603, 2.274828172636548, 0.11601207594957702, 531.4343564124401, 0.8040956095612627, 10982.286885008001, 558.0402970697985, 13.47667748972903, 1.1380885831415213, 0.1151805542702796, 531.906054086651, 0.8037331023735096, 11002.482758744876, 558.321794381691, 10.24596365369133, 1.1380867276638238, 0.11677786555761023, 548.7915292853805]}