{"obs_size": 14289583, "obs_mean": [5272.505726006483, 577.0302817793913, 2.6770614649846673, 0.0643398486371573, 0.0963715346861413, 632.6419062581981, 0.5174094002603122, 5276.026016345595, 577.4465478103873, 2.52484918559205, 0.06433222673727401, 0.09636202473263177, 634.0363336974941, 0.517561561033655, 5280.160026404823, 577.8231666382427, 2.3550568270606638, 0.06432434654874776, 0.09635514827752507, 635.4327586135535, 0.517729939914979, 5279.003139645991, 578.3156853492505, 2.169515023636449, 0.06431620194263854, 0.09634472989064814, 636.8270956580959, 0.5176650336822282, 5281.386330826014, 578.7789131425319, 1.972085119628753, 0.06430722763051214, 0.09635525117534945, 638.7473365479859, 0.5177470043037654, 5284.538399303308, 579.301528393096, 1.7579592770481827, 0.06429808298374397, 0.09632861614170259, 640.7173977372242, 0.5179903566115277, 5286.688658988432, 579.8833588076012, 1.5260375337754783, 0.0639885376177253, 0.09631974290880217, 642.9104221307725, 0.5184285421065138, 5293.54395957354, 580.4987591310396, 1.27827998899618, 0.06367837770053222, 0.09633514969995972, 645.504135232031, 0.5188979853365906, 5296.963622278651, 581.0035701531668, 1.0204813534446735, 0.06276702703347595, 0.09633166670888896, 649.7202779815242], "obs_std": [10822.363125948734, 559.6510240872566, 25.365244633106578, 3.0063535769041763, 0.1096244413842935, 528.0014473190245, 0.7419559769222992, 10829.231065371558, 559.5947556403797, 24.3670559807934, 3.006353183180552, 0.1079547595453489, 527.8253648049355, 0.7406559052907102, 10837.385094571584, 559.5510286258691, 23.197350859173902, 3.006352808653014, 0.10804179255035509, 527.7187795980718, 0.737333064406391, 10829.451153911443, 559.5842002812077, 21.879056238486058, 3.006352477258884, 0.10671628110653683, 527.2141241055774, 0.7354762304622965, 10832.871381435518, 559.5243890934838, 20.309996924479382, 3.006352047759561, 0.10644845978877475, 527.1393593612995, 0.7334952384222875, 10837.328006414014, 559.4832690769987, 18.518971626364245, 3.0063516601763385, 0.10462259462469194, 526.9441802603574, 0.7314157968639087, 10833.713233162809, 559.3854841626935, 16.40131394054544, 2.78339113586707, 0.10298409052488915, 526.805519303145, 0.7338328816471941, 10846.255721755188, 559.4052045868226, 13.7753301135051, 2.54094111897178, 0.10222613021065328, 526.6017108583399, 0.7294841378480778, 10847.963068480789, 559.3327350546559, 10.390455839237603, 1.6073980176736162, 0.10085755875188435, 525.7272538015017]}