{"obs_size": 14276570, "obs_mean": [5234.1491977283795, 569.2988204449667, 2.611370728403251, 0.06508544951274006, 0.0994448890687332, 633.4577684230928, 0.5483406779079634, 5238.160094975164, 569.604431596665, 2.4924395005242856, 0.06477597039695807, 0.09943605073921837, 634.5594872011937, 0.5479831225567828, 5239.736799864046, 570.0632152540842, 2.34467627728509, 0.06476731164334987, 0.099442377880682, 635.6917133986184, 0.5478675175480224, 5244.7795509203725, 570.4751991549791, 2.164013695166276, 0.06445716310858277, 0.09941975427781279, 637.1413753876429, 0.5475849905124678, 5240.445160062213, 571.0427475226892, 1.983289053323032, 0.06444771077374327, 0.09941610339129088, 638.6932447648168, 0.548319449909921, 5245.69985645099, 571.6906855077934, 1.7771038141514384, 0.06443742763780795, 0.0994435468880839, 640.5731552226683, 0.5484296364603378, 5246.632232360803, 572.3893701358239, 1.5617789847281245, 0.06412618668329315, 0.09944285386384849, 643.1516064707362, 0.5496801379463427, 5255.540018783836, 573.0658407446606, 1.332044321570237, 0.06381448043445286, 0.09953937647775399, 646.8492115120102, 0.5531459294494864, 5296.506524185843, 573.5997570845097, 1.0752624054657385, 0.06380189067059511, 0.09980015266622216, 664.6513164484586], "obs_std": [10953.566968953159, 559.4236541903676, 24.62497351627984, 3.21536502418197, 0.12363025808694865, 535.5018038279496, 0.8256619486939915, 10964.69671803315, 559.3333138386731, 23.87473093396877, 3.007741197738983, 0.12306131402918395, 534.949362554761, 0.8261642710659839, 10972.66738272171, 559.4272252989582, 22.806154265475385, 3.007740831453284, 0.12286596141349876, 534.3653573107515, 0.8274696902419446, 10971.382770221682, 559.5039211986182, 21.53407771254897, 2.784679641000797, 0.12259391581445284, 533.7947919764421, 0.8166456495586691, 10971.156065768411, 559.6091661317323, 20.03358477058124, 2.784679387022578, 0.12199898973496028, 533.2127086690206, 0.8191946541236129, 10968.445546220271, 559.7987789243987, 18.274824098840416, 2.7846786986512733, 0.12037760317729873, 532.8017641438744, 0.8176097315447786, 10966.103483725248, 560.0217050003745, 16.215578309649977, 2.5421199142396267, 0.1173988160510718, 532.9472899427075, 0.8149786220287553, 10973.520717413454, 560.2244363661913, 13.767690878872065, 2.2738318486867732, 0.11937599399182947, 534.8504802722398, 0.8268973168157085, 10977.903564218053, 560.5089353233517, 10.362305060075515, 2.2738306897831855, 0.12054000971352825, 549.74624397285]}