{"obs_size": 14264008, "obs_mean": [5187.8551854376565, 560.3336245324597, 2.4811215753664753, 0.06923514643080209, 0.1037484167426161, 624.2677429782707, 0.5712682329538993, 5190.613877219756, 560.6129992355585, 2.3796314472061435, 0.06892527824333326, 0.10382918730731344, 625.2905377876527, 0.570999615605959, 5190.268007821599, 561.0094980316892, 2.2583682650766885, 0.06861337767625589, 0.1037972124595705, 626.3489037269642, 0.5704728485149706, 5193.6718254218, 561.4030482175837, 2.116303846716855, 0.06739861195241452, 0.10374950381393477, 627.5496945836834, 0.5714300253477356, 5197.379068531582, 561.8509412641945, 1.9283528164033559, 0.06708606713156186, 0.10381245018966695, 628.9375253009274, 0.5705186691566884, 5195.7123971410065, 562.3330762293458, 1.759444610519007, 0.06647209256999402, 0.10382244927057087, 630.6351966001857, 0.5721064153918232, 5202.78193062018, 562.8150072546231, 1.5473055679721996, 0.06495470060575755, 0.10390589378896921, 632.479165301928, 0.571374507501708, 5202.823295316493, 563.4733430463582, 1.3349991811558153, 0.06373773782839474, 0.10400297071468288, 635.0164181255808, 0.573667557743958, 5219.388511214707, 563.930024506436, 1.1074510754621, 0.06342380769290959, 0.10430199819559993, 658.0895265220888], "obs_std": [10933.301130243872, 557.5003036376338, 23.498235564968535, 5.211457320553811, 0.16906643695750506, 529.6105704594245, 0.9650333156995783, 10937.688997013212, 557.5830242437262, 22.876213157848298, 5.085871454044972, 0.16912137660432738, 529.5581417255025, 0.9585140059459057, 10936.206651277427, 557.6683234012773, 22.050821695949878, 4.957104816213042, 0.168448167066989, 529.279761920838, 0.9555018002972978, 10944.202475892936, 557.6038864222153, 20.906425021888076, 4.404554249491386, 0.1673140399495928, 529.1875638109123, 0.9507385853533573, 10954.917230715426, 557.6189830009065, 19.436746916043166, 4.255219607337226, 0.1686015391302474, 528.5722121955124, 0.9430794965567395, 10946.492171536724, 557.6166141558365, 17.800558782398326, 3.939605904502158, 0.16798391065636245, 528.4102759524217, 0.9422991114376503, 10961.28313613154, 557.5909655687318, 15.86284324323922, 3.0090695664434834, 0.16793767869127182, 528.3654276977413, 0.9281637741475457, 10956.571641678864, 557.7650239727124, 13.479431712349522, 1.970202989591092, 0.16878505262749752, 528.6198209267214, 0.9206465645658435, 10958.560475170965, 557.8190767937284, 10.305339146799124, 1.6088795871595025, 0.17118914501706176, 547.5667612678177]}