{"obs_size": 14289583, "obs_mean": [5202.344716045369, 565.3652998131575, 2.754951771510757, 0.06529031099746571, 0.09936697045547042, 632.1737965227794, 0.5482979986190248, 5215.977455882127, 565.7487800728684, 2.6059975298089526, 0.06528138381421625, 0.09932289725347425, 633.4584614153778, 0.5483595018133535, 5210.369940185325, 566.1966334496955, 2.4294352746332764, 0.06527204321463391, 0.0993006438155687, 634.8476544422589, 0.5482156082511745, 5216.415689062672, 566.6972032703824, 2.2498657938443687, 0.06526311358358729, 0.09930332068360538, 636.2699212649261, 0.5488467659973415, 5213.979778374078, 567.3153462210898, 2.046959592872654, 0.06525327871065935, 0.09936920306239892, 638.2873640407382, 0.5485553002491781, 5217.809917386294, 567.957013301228, 1.8345713797246568, 0.06524263024492039, 0.09933313696606803, 640.6965829997081, 0.5499350690639896, 5226.171166936735, 568.6638006161551, 1.6041142698145916, 0.0649312888765971, 0.099424842721442, 643.979432054666, 0.5532628092786647, 5222.400914730825, 569.4040160584111, 1.3530730042997057, 0.06461850017163608, 0.09967519731961405, 650.1375232704348, 0.5655450832260596, 5273.7157843569075, 568.58746493862, 1.1104997955503668, 0.06340342802264431, 0.10055818029994316, 661.4998777729215], "obs_std": [10928.15797635504, 556.1099143323905, 25.452171054973732, 3.4088185080344955, 0.12388448550377523, 535.8805088276348, 0.8279144489323017, 10945.695828045598, 556.0169078978699, 24.45882868931481, 3.408817849646312, 0.12127014274543463, 535.3675241792238, 0.8272105040466274, 10944.04912063731, 556.0022525162218, 23.29162497651156, 3.408817264155995, 0.12210614781301331, 534.9945230381138, 0.8208423874743049, 10936.487052941742, 556.0703944166531, 21.97972094147276, 3.4088171205422206, 0.12114353063126827, 534.1071355611067, 0.8224616732144177, 10937.100735736602, 556.1620801215238, 20.414583825877994, 3.4088169484046875, 0.1213896745050269, 533.9019474685014, 0.8159534414423293, 10937.6764605541, 556.2882936274264, 18.637782968353147, 3.4088166548797894, 0.11913909931929707, 533.9169434193261, 0.8162477709707663, 10938.304687241138, 556.4277508708477, 16.532487959202466, 3.21389883264741, 0.11893637637537692, 534.9817977668168, 0.8282351378060593, 10936.98617907548, 556.7651884954481, 13.925010880764862, 3.0063693456897487, 0.119468268964759, 539.1153313098309, 0.8617596597574295, 10962.271422704498, 556.4531786062977, 10.56069803933419, 1.9684299571500834, 0.12482938933265256, 549.2244617220089]}