{"obs_size": 14264008, "obs_mean": [5265.884024545433, 569.5973078534449, 2.456576650826332, 0.06300862494469489, 0.09806228370742667, 634.4282249375254, 0.5401616195812912, 5268.238175308487, 569.8509401424901, 2.356462222960055, 0.06300153923764823, 0.09812278477956607, 635.5642786529124, 0.54056596196528, 5266.508746968219, 570.1808052126722, 2.2345208303304376, 0.06299367634967178, 0.09809880603137743, 636.6489396507604, 0.5401494335253061, 5271.852717868389, 570.5751860206472, 2.0822664990092545, 0.06298571493693286, 0.09805746551053504, 638.0154395229735, 0.5402090354268164, 5271.834104787821, 571.0464350552804, 1.9014647916630445, 0.06297667764215564, 0.09804606084811544, 639.5551460799735, 0.5400898023893709, 5271.500805586566, 571.5509554537546, 1.717001420638575, 0.06296753565597615, 0.09804387216804811, 641.4312257905301, 0.5408067113395081, 5277.598725347909, 572.1418575340116, 1.5096198067191213, 0.06295835307405381, 0.09806495745158066, 643.5670226182799, 0.5406970364150404, 5289.176789145496, 572.85413202236, 1.2871734227855172, 0.06264757759208542, 0.09802964586601412, 646.4663844872085, 0.5418718760533774, 5308.550668787389, 573.4934356458576, 1.0517757000697139, 0.06263723293587088, 0.09808116652016857, 662.5989183016404], "obs_std": [11002.958717221525, 556.6472454402324, 23.69263367463758, 1.608849472125026, 0.11153938252241932, 531.1347322622341, 0.7735680873296482, 11009.84009542333, 556.680030023912, 23.06364616727129, 1.6088487082886913, 0.11104116086786078, 531.1369357265146, 0.7737678735872643, 11007.483294975127, 556.682569161234, 22.234855980408785, 1.6088478921793485, 0.11016530907187068, 530.6794604273141, 0.7736622516332208, 11014.183103043266, 556.5791406057338, 21.07288103337899, 1.6088472261933122, 0.10895709867084948, 530.6272151298127, 0.7701569861019695, 11013.864802196435, 556.6485583712822, 19.59224594704116, 1.6088462992342227, 0.10896146327793471, 530.028873998028, 0.7655938844296507, 11003.131555834552, 556.715107480945, 17.930319538720617, 1.6088455608697654, 0.10793701786314763, 529.6220501835597, 0.7665451296620571, 11013.386974033334, 556.8325370181213, 15.970442775730342, 1.608844781422073, 0.10723137032979041, 529.6598963746541, 0.7602180754662561, 11020.080208889256, 557.1703905668743, 13.55317862106319, 1.1380604627768525, 0.10645748534654854, 530.2750044625561, 0.7603239026847496, 11034.606070420738, 557.4629718960194, 10.313722182942211, 1.1380590830251305, 0.10627645432873672, 537.8523765083396]}