{"obs_size": 14276570, "obs_mean": [5257.27629753186, 568.8402605107528, 2.605066763235147, 0.06420144656840537, 0.09808594158519891, 632.6259532229408, 0.5386195444704442, 5263.219266173563, 569.1122263961162, 2.4850999925052024, 0.06419407538323972, 0.09808437472193968, 633.7397814603394, 0.5385394028117689, 5256.92524673581, 569.5041750224319, 2.3353914840889654, 0.06418590998896086, 0.09808793729747499, 634.9407757851233, 0.5385320553886903, 5263.753306817478, 569.8521290478036, 2.157867891237181, 0.06417744076596121, 0.09807818450958442, 636.5627055757269, 0.5383830184701563, 5257.0867287781875, 570.3151866309624, 1.9722705103536773, 0.0641686440659836, 0.09806709174066394, 638.3106903691857, 0.5388290067572539, 5262.9362544604055, 570.8863942809792, 1.7691403467359457, 0.06415917254159083, 0.09805560963151591, 640.4347328191992, 0.5392629239376466, 5265.9639715577805, 571.489428483172, 1.5504486021502364, 0.06384875385075699, 0.09802742426675337, 643.174608660664, 0.5401930971515153, 5266.998576327838, 572.1060381450166, 1.3197961415101807, 0.06353826427531935, 0.09805374419128754, 646.6776537126684, 0.5422901353756924, 5309.01795116203, 572.6740750054109, 1.0651745482283208, 0.06352706092045199, 0.0981449337048748, 659.8749659446139], "obs_std": [10963.228212883252, 555.6759412821671, 24.62259798912185, 2.78466678405897, 0.1154766152844118, 531.0466330947783, 0.772803800026182, 10968.182651732366, 555.5395739056306, 23.86548222599147, 2.7846664043620595, 0.11406209417177597, 530.5435370030096, 0.7720763264258425, 10965.202903773274, 555.5585774315898, 22.802139474841777, 2.7846660291873233, 0.1139447035784661, 530.0062807280029, 0.7741901479296532, 10970.228891996803, 555.5468190254813, 21.52495772792907, 2.7846656469005184, 0.1134418626147053, 529.7621583925489, 0.7651154210068593, 10962.28997785334, 555.5240802004554, 20.02351976857293, 2.7846652665340503, 0.11244468716696625, 529.4332550190823, 0.7667783370313874, 10968.136433861328, 555.5958634022578, 18.256095534325116, 2.78466473685636, 0.11057967653607893, 529.4612759611131, 0.766845459904278, 10963.088233806544, 555.6729175658811, 16.1927564124638, 2.5421047744154897, 0.10812544786479104, 529.6394655104185, 0.7628301139168208, 10969.17132740605, 555.7484613024371, 13.734598978059383, 2.2738152087095505, 0.10791727487311166, 530.641410416565, 0.7678360345012263, 10988.229026111165, 555.8987302659135, 10.33925223624332, 2.273814303943686, 0.10711297360644396, 536.9343917066644]}