{"obs_size": 328382292, "obs_mean": [5229.607345909677, 549.724125288705, 2.3077691229464943, 0.06058567635219704, 0.09157993625272556, 617.7203524792793, 0.4978386524279495, 5230.5477731480305, 549.9937472602821, 2.2043707460328004, 0.06038435802691996, 0.09157398823989886, 618.5944059472797, 0.4978919517931318, 5231.964309550911, 550.2719108130226, 2.0680384891156067, 0.060156313499470135, 0.09156761998943268, 619.6170810800908, 0.4979992412324353, 5233.284572047252, 550.6004722020763, 1.9141459400009304, 0.05992775569342954, 0.09156583769915631, 620.7721179774449, 0.49804701414015207, 5234.843702050393, 550.9547792089832, 1.7474592235320658, 0.05963363149444874, 0.0915498847722729, 621.9961992120444, 0.4980481725385205, 5237.730430280969, 551.3521425722918, 1.5675378957401271, 0.05939138183016105, 0.09154388999559994, 623.3688079448876, 0.4981606118886765, 5239.680130631225, 551.7687410714589, 1.3724723804534502, 0.059122590240256866, 0.09153275740586493, 624.826201878613, 0.4982601122806016, 5242.983221371177, 552.2062708028121, 1.1612562866209606, 0.0588273864045973, 0.0915240025050404, 626.4149659907067, 0.49836322422086127, 5245.704205874465, 552.664297144865, 0.9365017526584534, 0.05867563515813244, 0.09151105597990336, 631.0113664681334], "obs_std": [10782.029758432187, 519.8379907687527, 23.320674629507135, 3.0722957361344716, 0.1011829993171597, 489.3500194234368, 0.7352328276221679, 10783.694509559073, 519.8401692505305, 22.61553012988914, 2.9319625338332784, 0.10079924702993487, 489.26261941564684, 0.733667523289244, 10786.115427314922, 519.8405230431392, 21.59649253714197, 2.764319323436605, 0.1005347853901589, 489.0823630339387, 0.7327883356481547, 10787.107179628756, 519.8243039747866, 20.394619999447006, 2.585830138189132, 0.1005176158660192, 488.89831496828316, 0.7302146476295043, 10787.018283025584, 519.7897552307315, 18.9952099071151, 2.334675351603033, 0.1001588068737419, 488.70463533002567, 0.7280726659815461, 10793.006516948471, 519.7633532406197, 17.35698298495217, 2.1070339509193063, 0.10009194631382172, 488.4654574570886, 0.7258731935349811, 10790.889572053391, 519.7530258352637, 15.39251593456311, 1.8210241370106706, 0.09967224166437454, 488.21297295405384, 0.7243062366463393, 10795.350307100198, 519.7291313781918, 12.961245074433771, 1.4423312561494768, 0.09936289114644589, 487.86587063932484, 0.7206149561621495, 10794.67925024821, 519.7085344042468, 9.765133856705521, 1.2093026358017864, 0.09899221996824052, 486.4041981191642]}