{"obs_size": 799948, "obs_mean": [1843.9375672818348, 409.9804937320926, 4.981987579192648, 0.07551212475185004, 0.18026062007155674, 485.669634576272, 1.1444633563681426, 1839.4463772703814, 410.2873636786391, 4.779259401861121, 0.0754917372979161, 0.18025123900302703, 487.21882666875257, 1.1453549118192714, 1837.1707489861387, 410.68921729912444, 4.550948311640257, 0.07547354384534219, 0.18020530155585393, 489.1867717193503, 1.144152459909954, 1834.4591279982637, 411.17307875011875, 4.2962530064454185, 0.07545434509367313, 0.18018315988539738, 491.1672826209123, 1.1442491136924229, 1831.038753768069, 411.5894795661718, 4.014822213443874, 0.07543580585112264, 0.17982095027552392, 493.649246933577, 1.1443652587418511, 1831.2353376094436, 412.0407463985159, 3.73142254246526, 0.07541315149733976, 0.17984404441788598, 496.33562164458357, 1.1432701363089646, 1831.0358411545915, 412.5054541045168, 3.426138949031687, 0.07538980076579245, 0.17948810349672753, 499.17990281204516, 1.1441531599554902, 1831.4086690843078, 413.2252521413892, 3.086663133103652, 0.07536559302978986, 0.17935958600934082, 502.29811251983324, 1.1443886702636585, 1836.0800795818272, 413.79089265802276, 2.73275262892088, 0.07534009012585118, 0.1794059765672279, 506.75952411825233], "obs_std": [3808.7510346903937, 501.791398560179, 28.449042373124954, 0.0696548730138866, 0.24760302188425856, 435.25275204624353, 1.4320866942605084, 3798.053099774104, 501.8044042678385, 27.336499665920734, 0.06956525043348874, 0.24785345133096642, 434.8118814523816, 1.4388110429177816, 3801.6385434595954, 501.768276701666, 26.112646739986914, 0.0695214195929832, 0.24794059273625568, 435.18371699061595, 1.432468073694728, 3785.3941786312666, 501.88375824557323, 24.66985093618288, 0.06944304589225098, 0.24763343574976554, 435.19722506198576, 1.4348246236873845, 3777.498248894788, 501.84297888328234, 23.056200517711833, 0.06938276790751931, 0.24550295669507943, 434.98645218561, 1.4342896543813155, 3772.086122067046, 501.72007220481674, 21.224068785385576, 0.06928902755421432, 0.245138414833751, 434.542751780428, 1.4270990586025152, 3772.7449526736, 501.6076525776047, 18.98720396875835, 0.06919856551393704, 0.24228634341647318, 433.9150292446467, 1.4302606405700569, 3756.6867811345837, 501.83805917407517, 16.3080309009285, 0.06910348972482529, 0.24205185418781408, 433.495896392109, 1.433932581566243, 3772.702149900564, 501.78188901643927, 12.881241155285835, 0.06900539578430305, 0.24286220566175798, 432.6896949900597]}