{"obs_size": 14276570, "obs_mean": [5178.7038748662835, 560.7858903083862, 2.625316585146152, 0.06891996834751679, 0.1024846595312462, 625.108001496255, 0.5643143116309014, 5180.843303737025, 561.1786267990141, 2.5070467206058598, 0.06830890225124851, 0.10250431336154307, 626.2971439345217, 0.5640435394496285, 5180.417170766348, 561.5791290204861, 2.3659647940646806, 0.06829890864711251, 0.10248551886293425, 627.4373183527023, 0.5644875754470806, 5185.28233531284, 561.9829341361406, 2.181993363952266, 0.06828869764692129, 0.10256149329145633, 628.8901339006917, 0.5637203634346635, 5182.8448044811, 562.4478952577545, 2.0082265558183794, 0.06767723176204826, 0.1024794746894394, 630.4492529953152, 0.5649912183388899, 5188.000720526232, 563.0077524223254, 1.8030365837172373, 0.06676378452619255, 0.10261018955785652, 632.3798354376398, 0.5650484299100157, 5190.662143275264, 563.6079854614939, 1.5930507818054336, 0.06554952702785803, 0.10263911670198154, 634.864303323412, 0.5669047259250962, 5192.438882956489, 564.099180125198, 1.3676329118268604, 0.0649366570188847, 0.10282317319489269, 638.2961337111573, 0.5717262404065184, 5214.396899684816, 564.4649740799085, 1.114064652784247, 0.0646230521442544, 0.10325235493217234, 658.6516682602762], "obs_std": [10906.536885662217, 556.669753236217, 24.45548618451023, 5.083631881228461, 0.1572664583171628, 530.8543090947801, 0.8940755659453644, 10908.967406654026, 556.6554068311414, 23.713931689258448, 4.822778586295607, 0.15736059681672768, 530.6530367276282, 0.8905854135469436, 10910.963361859765, 556.7295013398596, 22.660657071909924, 4.8227780883265865, 0.15635093955958232, 530.1903100022936, 0.8929447788844845, 10912.810322374335, 556.7723738715581, 21.388786712211758, 4.822777423365289, 0.15792213442406308, 529.8976065157947, 0.8806368243827905, 10910.78549957234, 556.784510985432, 19.910558406428528, 4.5469841139424405, 0.15576074980665167, 529.5674323050351, 0.8890960667100977, 10917.03524069096, 556.8727331177018, 18.16899167925617, 4.098644094477567, 0.1568363042585212, 529.5171695470226, 0.881612939887072, 10917.91111854044, 556.9592328325739, 16.129712922884053, 3.4103730636731613, 0.15426459707716988, 529.7666156847378, 0.875537607405774, 10924.53534631104, 556.9554507749519, 13.711417225805956, 3.0077436601311676, 0.15529019336497765, 531.279221714275, 0.8893324165253255, 10926.775318415313, 556.946450754143, 10.368020868078634, 2.784682661981382, 0.1583351751186865, 548.5846566314904]}