{"obs_size": 14251917, "obs_mean": [5282.984292055617, 569.8328887264779, 2.2986524549644796, 0.06293397021938288, 0.09794037207661248, 636.3065223637864, 0.5393300868929042, 5281.026847057127, 570.0964355882791, 2.2132062655150175, 0.06292687941812429, 0.0979436937457612, 637.3643726440863, 0.5394748066523569, 5285.84943256881, 570.4409489614626, 2.107783114369807, 0.06291944851111014, 0.0979425324000976, 638.5177621882016, 0.5396113468805952, 5284.194911598316, 570.8134121185241, 1.9817637164179385, 0.0629112000665675, 0.0979367065559679, 639.7102454236348, 0.5395250743461683, 5288.70164245445, 571.2990509978414, 1.8276497119650639, 0.06290315783210876, 0.0979220400431743, 640.9338142799048, 0.539649988278797, 5287.603879152934, 571.7502616665533, 1.642451818937761, 0.06289435183204577, 0.0979047800726738, 642.4670725413748, 0.5396914476838762, 5288.777905076006, 572.3600497392739, 1.455713712057122, 0.06288517481228054, 0.09789028189555095, 644.3698685653666, 0.5402467451922781, 5297.117406679559, 573.0642385862898, 1.245178315310144, 0.06257476742413841, 0.09790331675823054, 646.7453812887476, 0.5404849436746202, 5317.8028600646385, 573.6545341233743, 1.021022364921154, 0.06256476597022861, 0.09786982182024978, 664.1013297425131], "obs_std": [11024.974360811131, 556.2925824702074, 22.694377668305503, 1.6095312430724789, 0.11354896432637039, 530.9505709284477, 0.7703743605798256, 11019.61885842703, 556.3138588416471, 22.11181290810621, 1.6095302918863945, 0.11283203679834233, 531.0735100449823, 0.7663894878511243, 11033.811197660125, 556.173945221726, 21.38894125223035, 1.6095294320756341, 0.11149227064261766, 530.716609781553, 0.765656498264897, 11012.39565423985, 556.3363127681218, 20.465861505527396, 1.60952852031668, 0.11026481372210052, 530.3897590171407, 0.765265642988325, 11032.039068880076, 556.3883553394793, 19.103190878359392, 1.609527833998058, 0.10997594312109077, 530.0077721173113, 0.7649563082847861, 11022.558742071671, 556.4267785432506, 17.450443824763205, 1.609526928715293, 0.10859042917568504, 529.6306669459126, 0.7641311409640218, 11019.924011228002, 556.6197599195127, 15.534208378942315, 1.6095262264389465, 0.10599159086612145, 529.3667755839118, 0.7589452076270934, 11029.02182775047, 556.8683798423554, 13.139614266972806, 1.1385420864214597, 0.10547114194575716, 529.5221413692223, 0.7567834573797186, 11020.218777248796, 557.1187580130169, 9.925574330001176, 1.1385408157765886, 0.10495001302758199, 537.7797954828239]}