{"obs_size": 14276570, "obs_mean": [5216.6409812994125, 566.470576966316, 2.6055649921514763, 0.06779524550015217, 0.10018301667690513, 630.5478001832419, 0.5526353593335487, 5221.441978856234, 566.8041264113159, 2.4872009873520042, 0.06748584874680008, 0.10017943106922772, 631.6258939024746, 0.5522411762769703, 5220.249940085312, 567.245860665412, 2.341891224572849, 0.06717579342784029, 0.10018668118154488, 632.7225786565418, 0.5522711655531132, 5226.902999765199, 567.6356453966184, 2.160547876695873, 0.06686518715301375, 0.10017825022235724, 634.1774453800854, 0.5518468597149427, 5225.711869742245, 568.1934085708261, 1.9825938583287162, 0.0659527987948856, 0.10016205894104901, 635.7584569469661, 0.5527134253536053, 5230.650118607985, 568.8279052321391, 1.7776736288898525, 0.06534077846528244, 0.10019798815408845, 637.625323479421, 0.5527807977686907, 5232.14761227872, 569.5105924602337, 1.5642557701184527, 0.06472850873312681, 0.10022132056943715, 640.1026309145626, 0.5541952436054732, 5232.065229048724, 570.1272248866499, 1.3370556793403459, 0.06441619727379125, 0.10037755810807578, 643.718210667223, 0.5579932244930403, 5275.360519007432, 570.5971575805673, 1.0825170891887896, 0.06410241459566926, 0.10066964117053341, 662.3327935730546], "obs_std": [10944.655850445724, 558.5202299821989, 24.510705195576325, 4.686907516938928, 0.13045985950126895, 533.816958050279, 0.8487924153069019, 10949.762583791853, 558.4563060039576, 23.762564908415122, 4.546981595532884, 0.12992360939409922, 533.3339540117134, 0.8473922185135672, 10954.528144664357, 558.5244146854546, 22.69944371684712, 4.402610468952209, 0.13005366635543347, 532.7504476186315, 0.8498519522709874, 10955.47247676629, 558.5756782203401, 21.42599420426147, 4.253341667855939, 0.13013389150565158, 532.2508368207139, 0.8391223472985488, 10962.15939018406, 558.6711062478346, 19.937485254534653, 3.7702432850384313, 0.12861284607733267, 531.7270450299809, 0.844861978984642, 10959.34775175005, 558.8501172589565, 18.189228497366738, 3.4103684200822237, 0.12758000903765124, 531.4573563939348, 0.8396639639052693, 10954.973542376638, 559.0391089071412, 16.13551901031408, 3.0077387236801254, 0.1255789446165287, 531.4828215934601, 0.8321562547170659, 10961.130352238595, 559.184957751175, 13.708023914403904, 2.7846776257369634, 0.12744758296322925, 533.1464966799335, 0.8429833714541125, 10967.987796937408, 559.3777856012339, 10.339881076670586, 2.5421175660275606, 0.12726820388742835, 548.5523552023329]}