{"obs_size": 14264008, "obs_mean": [5190.971110014112, 562.0368284986941, 2.4754087350483824, 0.06804977830713038, 0.10218991158417776, 627.564608670344, 0.5642944247507766, 5194.787321506942, 562.2845097955637, 2.3747901010711723, 0.06774024686007836, 0.10225397971236454, 628.578170993878, 0.5642994439571516, 5193.065537635148, 562.6511117352148, 2.253748735979397, 0.06742959041400798, 0.10225262818711363, 629.6599524354344, 0.5638338152222282, 5198.060194451787, 563.0321647323809, 2.108209557930702, 0.06681742498378687, 0.10222940769004091, 630.8674079253573, 0.5642001772573637, 5199.56762619541, 563.4888228469866, 1.9245010939421796, 0.06620501146228568, 0.10223038634597063, 632.2556437238374, 0.5635932556263598, 5198.685726600488, 563.9632932062292, 1.7492121428984055, 0.06529138090094537, 0.10220270966659713, 634.0037091934199, 0.5648853487042662, 5205.677498367759, 564.4771433807385, 1.5400668591885254, 0.06467882289522889, 0.10230697144610477, 635.8767214058873, 0.5645321910223643, 5204.550237029701, 565.1496499441109, 1.323891854239005, 0.06376431623475826, 0.10234233361030046, 638.6359084825697, 0.5666144168595825, 5232.3609112380445, 565.646324721635, 1.0951449971144156, 0.06375282498685644, 0.10256022211793607, 661.5309679895918], "obs_std": [10920.194189838958, 557.1612653846819, 23.529973943536138, 4.688974713147647, 0.1516661619422281, 531.2672123985604, 0.8832273322602107, 10927.503947405037, 557.2191960400723, 22.909054895662695, 4.54898721349285, 0.15044467971740935, 531.1689085706954, 0.8813600398170034, 10925.532694511317, 557.266206472903, 22.083273460875798, 4.404552810168348, 0.15094662544888166, 530.9028588031088, 0.8812408693376275, 10932.872271782246, 557.1647646999581, 20.9356396937783, 4.100449623999868, 0.15034408847639918, 530.7629735878502, 0.8743764542091049, 10936.29900197051, 557.1745646069413, 19.462215317487868, 3.771907773868981, 0.15052430005358436, 530.1010903817385, 0.8670910938029736, 10928.83990140267, 557.162924621769, 17.815779586466096, 3.216782913021228, 0.1484688739691429, 529.8408204539603, 0.871319925562011, 10937.636454019303, 557.173266547185, 15.87136544748802, 2.785909616582336, 0.14935156015015502, 529.7492800592371, 0.8587672735073677, 10935.616266690644, 557.3953931946833, 13.487772436453456, 1.9702017813254082, 0.14927125520517656, 530.2222991263051, 0.8616153619941306, 10945.667428805025, 557.5380609951695, 10.297194269104423, 1.9702007959065149, 0.15023639335136263, 549.7973127332563]}