{"obs_size": 14289583, "obs_mean": [5155.873290137932, 556.1040974393725, 2.823536768007856, 0.06611925804469697, 0.10030750477547129, 629.1660344735074, 0.5644408814448999, 5155.965830241828, 556.5098537864959, 2.6793753183700324, 0.06611040297621808, 0.1003133488552462, 630.6646270033679, 0.5649650702193357, 5161.416115359277, 556.8862108152491, 2.5039861555092267, 0.06610119283187715, 0.10028897999318837, 632.1820410072145, 0.5650137080277378, 5159.509132106235, 557.3423566663912, 2.32859300372866, 0.06609226743692335, 0.10030832894941746, 633.7678308527217, 0.5662696224235593, 5160.332095236039, 557.7618714275987, 2.1303130399256576, 0.0654812079366565, 0.10042666417634434, 635.8607696684606, 0.5656551979858417, 5165.19728533221, 558.2164537621568, 1.9206181873886732, 0.06547078417929428, 0.10036024180474662, 638.087068279134, 0.5665230750960394, 5165.030242312169, 558.6817972224941, 1.6961282215163311, 0.06485945064073066, 0.10044350540537021, 640.7971441272981, 0.5689403548025183, 5172.37945453669, 559.0850605647483, 1.4477493150080027, 0.06454822887603655, 0.10066035522702123, 645.4078338104512, 0.5781624838877432, 5170.476226581945, 558.5544449407656, 1.215194033303841, 0.06363559203155997, 0.10144586892325722, 654.5050507403444], "obs_std": [10864.29352062805, 556.5661367364166, 25.321883672823315, 3.936074894475637, 0.12256291485165502, 531.6869807339755, 0.8178403034394259, 10860.500653967505, 556.5410488073829, 24.33655973818025, 3.9360743734119166, 0.12161375451260377, 531.6400060019355, 0.8182808874426853, 10873.146819872733, 556.5144050662891, 23.17893168961621, 3.936073760965624, 0.12096167054636728, 531.7587078607486, 0.8131383852267773, 10863.606628007097, 556.5580335916839, 21.878599414562515, 3.93607348567693, 0.12013112500699084, 531.5459449534978, 0.8128996818300028, 10866.308763472385, 556.4860576273153, 20.32545445407373, 3.5931747319056075, 0.11986048814494786, 531.9337009993777, 0.8104977964215454, 10875.351384486807, 556.4359642981173, 18.56663437329913, 3.5931740316155345, 0.11897648426201154, 532.2961408293612, 0.8091667256507321, 10865.871357732369, 556.2919796357738, 16.484509606050892, 3.213896561366272, 0.11801674856650686, 533.1593599899061, 0.817396036650649, 10883.525936815468, 556.2268558602018, 13.902210182835077, 3.0063673114142992, 0.118798914756831, 535.279609417212, 0.8371478269383212, 10880.063336809631, 555.4931386771431, 10.617119353250338, 2.272793675977726, 0.12294489974997008, 539.6738373494294]}