{"obs_size": 14289583, "obs_mean": [5217.671090296038, 566.919073985574, 2.758846986647546, 0.06479150594570167, 0.09821979599313686, 631.88668375926, 0.5391056881786203, 5227.982999534782, 567.3067932073313, 2.606559127722621, 0.0647832942075425, 0.09818932559004659, 633.2924550602575, 0.5391484664038513, 5225.120927950753, 567.7328181655126, 2.4322257689395137, 0.06477465908180079, 0.09818066794930297, 634.8002188251377, 0.5391517255612505, 5227.703001331243, 568.264723540218, 2.2469762763546, 0.06476585361756855, 0.09817148568247257, 636.4753007358302, 0.5394956267093726, 5234.234210411275, 568.8421092483944, 2.0453639549873497, 0.06475632286618149, 0.09819716724112959, 638.6591834321542, 0.5395688896590252, 5230.216678420684, 569.5069627294233, 1.827981474336935, 0.06474626886110667, 0.09815514992312922, 641.2943381599997, 0.540709980060333, 5241.222992852428, 570.2039408707727, 1.5961416788719447, 0.06443600180642849, 0.098185871387989, 644.5889642799244, 0.5429592243524967, 5238.496983631042, 570.9850748618766, 1.3459769959697214, 0.06412493766620804, 0.09830271699181177, 649.8221205146878, 0.5493874488150299, 5283.537788096929, 571.1358364341353, 1.0933584975852688, 0.06291171526839541, 0.09866095756853117, 658.1192586515189], "obs_std": [10911.629683296132, 554.8969860886838, 25.543110838181253, 3.213887765605359, 0.11532486182928618, 531.0986145713794, 0.7782109711485378, 10914.747957591544, 554.7886353122246, 24.546616275284215, 3.2138873508165045, 0.1137524360178543, 530.7582782727153, 0.7757376097590248, 10916.822814125388, 554.739782185018, 23.378347992518364, 3.2138869110016883, 0.11372486871820901, 530.5222142046819, 0.7714124416119249, 10913.04951688879, 554.8091902473209, 22.057091969953667, 3.213886553536126, 0.11248664685460587, 530.066475423504, 0.7699387545671942, 10915.367671164138, 554.8795279693253, 20.47645783953353, 3.213886116026015, 0.11227327880871965, 530.1013468562621, 0.7668048699757611, 10915.639851864089, 555.0072866840792, 18.683626333211418, 3.213885663476541, 0.11021307430179234, 530.3766753982111, 0.7659825660988724, 10916.249259753447, 555.1322854696767, 16.568715429516505, 3.0063560697445717, 0.10910753348901814, 531.2305373756743, 0.7724135910271959, 10924.25014168822, 555.4548401988673, 13.951705830448619, 2.783395764328532, 0.10890410844878506, 533.4559251043439, 0.7847315142203992, 10951.589993981192, 555.6513202623515, 10.548624987980913, 1.6074059172620716, 0.10932547054094409, 537.1216531498749]}