{"obs_size": 14251917, "obs_mean": [5211.154785846027, 557.7755186898717, 2.3461760267057405, 0.06402804889721886, 0.0990977420094433, 628.6039491057, 0.5579464817259263, 5210.222950945749, 558.0752994141069, 2.2652832597888404, 0.06371973517836964, 0.09907373082750912, 629.5144616994297, 0.5582196084217913, 5216.694181451966, 558.4009422030736, 2.1633079956892813, 0.06341123651415483, 0.09911199390727615, 630.581598834272, 0.558337574376834, 5213.19885787334, 558.774865584749, 2.0398982115879565, 0.06340293197596526, 0.09909831381210008, 631.8264971051464, 0.5585719184303364, 5218.5014889794265, 559.2186285536186, 1.8921660854466102, 0.06339464582561787, 0.0991068160609548, 633.1948132088695, 0.5588718509937932, 5218.774827612662, 559.6033519560913, 1.708482725516855, 0.0633857893136132, 0.0990821879618721, 634.743918130499, 0.5588765876899189, 5220.012195910147, 560.0988298626776, 1.5294323563630072, 0.06337659745359873, 0.09907370069696532, 636.4037224282096, 0.5595309120169557, 5226.7691513614855, 560.6510214731113, 1.3220731639119145, 0.0627648262541184, 0.09911535495021558, 638.2804762931612, 0.5595770543008222, 5225.558563533628, 561.1762713044146, 1.10421187549717, 0.06275513240773957, 0.09910153535359405, 650.5657658373475], "obs_std": [10940.584350506258, 556.4486516050947, 22.438720088702752, 2.5443148745317417, 0.11560672167660101, 526.0119406696115, 0.7859667992165469, 10936.316842677259, 556.5383795103623, 21.87020805418964, 2.2757942516210137, 0.11475306459070146, 526.0135319825514, 0.7838452325699302, 10949.591907410066, 556.4361665687437, 21.163633902403536, 1.9710253902295896, 0.11387951402420142, 525.7421766595611, 0.7840541250270648, 10934.546924316619, 556.6210722979929, 20.257312232723283, 1.9710242209784827, 0.11269456474360941, 525.6927372898663, 0.7844598052929076, 10948.886204881072, 556.6042395506066, 18.92912492179875, 1.971023364450805, 0.11268219558545256, 525.6479350809735, 0.7848604066646412, 10946.488588456745, 556.5353072300738, 17.301708920238482, 1.971022260943107, 0.11098253805175874, 525.5175712390769, 0.783922629989088, 10946.281531906925, 556.5848697958508, 15.424262805175193, 1.9710214715819445, 0.10848621063630039, 525.217904922006, 0.7794366458471833, 10961.146614315796, 556.590839478085, 13.070848606102816, 1.1385655063434135, 0.10803106606642988, 525.0535030633124, 0.7773040663370075, 10948.168066184451, 556.605323792275, 9.937184557751193, 1.138563623135651, 0.10769357334071858, 526.3353045490178]}