{"obs_size": 14276570, "obs_mean": [5249.245517017776, 569.7469004809977, 2.608903609200249, 0.06397393389918589, 0.09844857948715995, 633.7910258991279, 0.5412623860633525, 5253.997145381767, 570.0452875585662, 2.4893812029079814, 0.06396626124560029, 0.09845653544555873, 634.937049814949, 0.5409067549138598, 5251.713148755965, 570.4915645004368, 2.340051707097713, 0.06395803724536774, 0.09844389086587368, 636.0688043368016, 0.5408122168000113, 5260.6163320005635, 570.8929483062109, 2.160457518857821, 0.0639494841128576, 0.09841239528738324, 637.5348325409135, 0.5405177890768341, 5252.945102985061, 571.4438655783566, 1.9764315238183963, 0.06394058568466375, 0.09842228472322141, 639.1604669984465, 0.5410570229404182, 5260.399385665546, 572.1291150465412, 1.7712005054435345, 0.0639309136034846, 0.09840546802698501, 641.1474232825733, 0.5412486300281227, 5261.721110204858, 572.8426302676343, 1.55403818984532, 0.06362006200495655, 0.09839002079582158, 643.8835268381173, 0.5423826839360291, 5262.043985610133, 573.5688409050632, 1.3232302997148475, 0.06330899553016563, 0.09844046938494407, 647.6771504849345, 0.5452165532757958, 5327.023409074011, 574.139121791859, 1.067532117308289, 0.06329759150721062, 0.09860949778938546, 663.5919492462522], "obs_std": [10953.479262286784, 557.1838855458524, 24.638900116510417, 2.5421126108077243, 0.11829044831510767, 534.427692459231, 0.7958473647655835, 10962.87472972184, 557.0889931006553, 23.88279524029489, 2.542112136508784, 0.11765944800857496, 533.8734541778329, 0.7953481096500119, 10965.281914374234, 557.1413170063333, 22.812914339375755, 2.5421117461249025, 0.11708432902719282, 533.1390667582876, 0.7961572996412336, 10967.70727406024, 557.2026420741169, 21.53646291402202, 2.542111292290287, 0.11655350824703359, 532.5527709210662, 0.7861779772714707, 10963.409304014423, 557.2778021816197, 20.033623319015284, 2.542110859656152, 0.11596770030564776, 531.9711176450487, 0.7901199498424952, 10964.979584800012, 557.4827587290433, 18.272201346453166, 2.542110281752387, 0.11359065467862177, 531.7964782456074, 0.7882014072899062, 10960.371651602614, 557.7014869877058, 16.21351467705016, 2.2738212817999304, 0.1113930251948096, 532.1107385167902, 0.7826308657577603, 10962.574012830253, 557.9298230877963, 13.76854232195743, 1.9693149957704745, 0.11154084425978486, 533.8857603177009, 0.7938208130690927, 11002.885854016235, 558.2632422414905, 10.366133915622008, 1.9693139764253769, 0.111371306275505, 546.2681327039369]}