{"obs_size": 14251917, "obs_mean": [5261.039346871276, 569.4798953011023, 2.300991859551245, 0.0640746146563378, 0.0996026268516021, 634.8747942864561, 0.5493158810846684, 5265.207253417242, 569.7239416283437, 2.218965420581666, 0.063764486143942, 0.09960782402381461, 635.754887853189, 0.5495965208049216, 5266.99690301239, 570.0413065133624, 2.114365807771684, 0.06375608229420021, 0.09962994279288977, 636.7683381742497, 0.549507808458367, 5268.863141841405, 570.4208074604982, 1.9889759391666395, 0.06374672034366395, 0.09962339931926462, 637.8322838195926, 0.5491210813254392, 5271.814576905579, 570.9297367505019, 1.8388194374132263, 0.06373736149755217, 0.0996179758936286, 638.8416427983652, 0.5491395001809581, 5270.521379498646, 571.3922618269528, 1.6495928231970478, 0.06342641364373021, 0.0995652939546309, 640.1853560870446, 0.5488399994190566, 5275.9593566454005, 572.0082454872564, 1.469269151651669, 0.06341641350367876, 0.0995797610324981, 641.9201017086008, 0.549813490704483, 5276.17338382551, 572.7600534019389, 1.256507177244998, 0.06280394210049921, 0.09961771334052878, 644.3275300848264, 0.5495631020725468, 5325.338963159023, 573.4034597591327, 1.0339112976871814, 0.06279248225864063, 0.09961159158518734, 666.6361470517487], "obs_std": [11005.322945408601, 558.616389364539, 22.648874118682688, 2.544318571659651, 0.1265084833304894, 533.9415101387835, 0.8270855181803227, 11010.15815176518, 558.6658159517009, 22.07098534115461, 2.2757975779622357, 0.12645135835514898, 533.824979017466, 0.8221692773642021, 11025.348548535161, 558.5367558647184, 21.34846466475648, 2.2757965707491024, 0.12476618073794114, 533.4424601006326, 0.819698805334959, 11010.998319795644, 558.7169735308607, 20.43156243048849, 2.2757956518698856, 0.12463463779101672, 532.8678170044649, 0.818704641399327, 11030.295860636192, 558.7936084934307, 19.083858879500966, 2.275794647099127, 0.12414638413656814, 532.174805582554, 0.8183789141745624, 11016.750957903088, 558.8262892759253, 17.440983899983614, 1.9710258726595278, 0.1224930965513052, 531.4456638601897, 0.8152492427805851, 11019.867908040227, 559.0205776372092, 15.541268373795935, 1.9710251640430978, 0.12078201182959633, 530.9455599713215, 0.8143202979147476, 11024.586757695984, 559.254072213791, 13.150506427117941, 1.1385730256946986, 0.11999414491483391, 531.4553024140947, 0.8093149472216725, 11030.64316111685, 559.5883238763766, 9.934344596819683, 1.1385703326093373, 0.11983719799464529, 548.6103845581825]}