{"obs_size": 14240282, "obs_mean": [5265.118630761461, 565.6794911786156, 2.1224772795931988, 0.06341072660654577, 0.0976337333134978, 638.1563992198143, 0.5396777633336234, 5266.821626625427, 565.9850575992806, 2.0418097057347606, 0.06340483676637262, 0.09762754971537918, 638.9989732191657, 0.5397348956291779, 5270.198459878713, 566.2993692119301, 1.950379985452535, 0.06339857675853007, 0.09764112047745976, 639.9586720568319, 0.5400935565742375, 5268.877000425951, 566.618197027278, 1.85204738220774, 0.0633916785400116, 0.09765168445245745, 641.1775481685895, 0.5402196160862595, 5273.059455638925, 566.8954990498081, 1.7305747175512396, 0.06338442913525964, 0.09764086437319239, 642.3700596851439, 0.5404516237108283, 5272.465485902632, 567.2498438584291, 1.5759646473293156, 0.06337666286862241, 0.09764030433280795, 643.8516935643042, 0.5404642219164056, 5274.681716932899, 567.6275785128414, 1.397362917391664, 0.06336796891930316, 0.09760710274445426, 645.3596557651, 0.5407614689091238, 5275.644322374326, 568.0996907926401, 1.2063287791632216, 0.06335924606191877, 0.0976283246766455, 647.1702052321255, 0.540902775239994, 5277.951437597535, 568.6303800725294, 1.0013383864167857, 0.06274754172404073, 0.09762164167352912, 659.5190678000602], "obs_std": [10955.21587935012, 554.6085842186453, 21.32157591867121, 1.9718157522465878, 0.11000848733336457, 527.8604328875521, 0.7577658704640704, 10956.257018012664, 554.6356599179358, 20.74633366409191, 1.9718152263185063, 0.10923251835457944, 527.690000720212, 0.758021956672553, 10962.504217307967, 554.5804118871333, 20.096011189112286, 1.971814715399718, 0.10801558732795245, 527.5478274699113, 0.7548787677851583, 10957.108211355713, 554.5790944909212, 19.336970137159085, 1.9718142191847938, 0.10808030744493596, 527.6526845764474, 0.7542462577462068, 10964.14132590806, 554.470708603155, 18.33961278336014, 1.9718136461453257, 0.10706761250289422, 527.6285636775009, 0.7572272081735716, 10959.395344660106, 554.4118712157032, 16.9189537031032, 1.9718131262789853, 0.10592712965350723, 527.4653604658425, 0.7522314092249224, 10963.96437860269, 554.3825002454251, 15.06667804830276, 1.9718125167810074, 0.10454697820866825, 527.2296537611471, 0.7515831375146037, 10961.541198900499, 554.3199375258259, 12.803272471663778, 1.97181194479077, 0.1036901918020896, 527.134219766632, 0.7461361328252172, 10963.933674437421, 554.3205606530996, 9.787828364363095, 1.1390071729091857, 0.10125125300269491, 528.9053819507186]}