{"obs_size": 14264060, "obs_mean": [5265.261054528525, 576.3100351512824, 2.4440772823445784, 0.0629711598171294, 0.09687296359605899, 632.8230038147135, 0.5155715710674108, 5267.791513840866, 576.6013735920909, 2.3436642863252124, 0.06296466119717131, 0.09688860102635657, 633.9223562161603, 0.5160187089089512, 5268.492494157486, 576.9334003081871, 2.2196570261201933, 0.06295734900506056, 0.09687758908151042, 635.0114214942505, 0.515939757824899, 5270.200447396451, 577.335297594093, 2.0604489885768844, 0.06294989188450725, 0.09684053964894958, 636.390440616009, 0.516058788591733, 5274.194877709694, 577.7546201432131, 1.877788371613692, 0.06294154174583702, 0.0968380432542353, 637.912041138072, 0.5160072038395677, 5271.981110016169, 578.2052437384586, 1.6818585311615346, 0.0629330030018889, 0.09682975112773046, 639.6131997739265, 0.5162001081739579, 5277.664790962485, 578.704405127292, 1.4698439995344943, 0.06292441290979721, 0.09682095990924076, 641.3228401445778, 0.5161377757104162, 5279.599329790549, 579.2965171206514, 1.237461143601471, 0.06261442354596942, 0.09678155902996725, 643.3964762665005, 0.5164038036856152, 5283.123538261007, 579.8379709563756, 0.9915979742093065, 0.06260503918233093, 0.09678620711094983, 650.7116913546777], "obs_std": [10852.863102032985, 556.4328958492337, 24.010646970639517, 1.608845156037035, 0.10809323130466039, 527.2717777299276, 0.7335203268320976, 10858.17131877719, 556.4826766659202, 23.382554052702794, 1.6088444932664376, 0.10746805246999301, 527.2097013892483, 0.7348937400296841, 10856.007370097, 556.471886123459, 22.544874651349556, 1.6088438021965665, 0.10687682562667682, 526.9786708068758, 0.736524615173958, 10861.033410150443, 556.3356921061549, 21.371809465138476, 1.6088432304596199, 0.10543451657287685, 527.028292810565, 0.7329079555562403, 10866.216651880195, 556.2785736576582, 19.87063283731623, 1.608842492574181, 0.10528842549952122, 526.5388064748015, 0.7297182878682232, 10858.0783943033, 556.1652946016399, 18.169807876134875, 1.6088418559401887, 0.10440709796790222, 526.2546825168296, 0.7307077502459648, 10867.028880773718, 556.064972854631, 16.163951892816907, 1.6088411869915193, 0.10352691147589509, 525.9330619006578, 0.7253402702680334, 10868.068910854834, 556.0854306506549, 13.692609101876634, 1.1380576749212827, 0.10278650078285348, 525.6832801512915, 0.724658498557931, 10869.734342081974, 556.0038231919964, 10.359224518087322, 1.138056691030245, 0.1017731630432131, 523.9589459912874]}