{"obs_size": 14240282, "obs_mean": [5241.634143083754, 563.9874560068403, 2.159532725545744, 0.06652329655853201, 0.10108039872384557, 633.4969378390623, 0.5618545841297553, 5244.461787200062, 564.2873052654434, 2.067169456335205, 0.06651562825076954, 0.10109295478235732, 634.2073175997041, 0.560932976537995, 5245.062541271901, 564.6468912624064, 1.9853729722487234, 0.06590500906190788, 0.10111761740806867, 635.1642868085607, 0.5617195445989446, 5248.188635463702, 564.9609875001072, 1.883414176769814, 0.06589687356424, 0.10114752520610243, 636.2438360842809, 0.5614587318566017, 5249.441538703478, 565.3654264711892, 1.7615946088708074, 0.06528433539842261, 0.10114067287298148, 637.293972751234, 0.5613346228677482, 5250.420274777038, 565.7752361224306, 1.6134981034785687, 0.06497382040904227, 0.10115159408978068, 638.3977842651271, 0.5614567432021713, 5252.385550092142, 566.2516528815934, 1.4269678086431155, 0.06466192391239996, 0.10114182520430468, 639.7217898684356, 0.5610585405542149, 5251.786293348821, 566.862338821661, 1.2471878717008553, 0.06404856222321399, 0.10113184434570822, 641.6064383905227, 0.5619674454480961, 5287.2365430033615, 567.4250469197169, 1.0365408494017183, 0.06343555189013164, 0.10118531981845598, 666.6740996196088], "obs_std": [11013.32848607672, 557.1512848811373, 21.304387720430498, 4.103857442632712, 0.1408093405610179, 532.4900892457775, 0.8598022314125573, 11015.313693935364, 557.1717276221932, 20.733401732798445, 4.1038567486054935, 0.13972007612922085, 532.0259699173315, 0.855032548454765, 11022.617447987821, 557.1696123779845, 20.09261441466225, 3.7750411008068063, 0.14004645509730101, 531.8255794875246, 0.8513007722293281, 11022.216623299002, 557.1765577654069, 19.331868584956105, 3.775040935182673, 0.1392866350569563, 531.6029025703563, 0.8480391280712684, 11026.39544288078, 557.2041607355306, 18.33117190362175, 3.414707222959284, 0.13916490507089477, 531.2599635457874, 0.8488184680378053, 11023.684371858137, 557.2534693989496, 16.91124522930449, 3.2194516717395647, 0.13824108498631368, 530.5725523311711, 0.8427661801405784, 11022.55906419335, 557.3725407921688, 15.070526133413708, 3.0115629171342446, 0.13861174617881505, 529.9799433142244, 0.8365318911917926, 11019.87653623617, 557.525039141839, 12.830639409916897, 2.545349130894755, 0.13755187465284469, 529.8233866894598, 0.8330108680777915, 11038.515901746981, 557.7381201177105, 9.833336115510809, 1.9718259438727668, 0.13621057874845857, 551.0906669552273]}