{"obs_size": 14276570, "obs_mean": [5188.53197876524, 558.4952995012106, 2.64872017578452, 0.06464226710323932, 0.09958400176064723, 625.8836436125812, 0.5590318584926166, 5192.687416684323, 558.8521912476176, 2.5321308969871614, 0.06463450740955935, 0.09953798525962461, 627.1680290771491, 0.5592617916628426, 5193.023701248152, 559.2819413206394, 2.3893875069431942, 0.06462604177292537, 0.09953381028013074, 628.4257520312399, 0.5595263159848616, 5196.032918131917, 559.6913625611754, 2.212558828906383, 0.06461725670417284, 0.09952623591359809, 629.996073296221, 0.559402921710187, 5195.150753782883, 560.1102360721097, 2.0350916221473363, 0.06460823071200528, 0.09953017699216292, 631.6252612530421, 0.5602828245860139, 5199.018622727908, 560.6798825628284, 1.8352886582701586, 0.06429804065416932, 0.0995646605690311, 633.485903950269, 0.5604228259308796, 5201.95365289151, 561.2161885522922, 1.6232721865265958, 0.06368674412860345, 0.09953566670110546, 635.5600069423717, 0.560907374810615, 5205.333857929233, 561.6774263005749, 1.39989283140138, 0.0633760941557454, 0.09958124882636435, 638.0429273263381, 0.5625196898134575, 5208.317171937471, 562.1168918024428, 1.1498050301998308, 0.06336504772127277, 0.09969862440453152, 648.3351686008101], "obs_std": [10895.568156975909, 558.9762513496291, 24.35207683126168, 3.0077413538338584, 0.12005505157868802, 526.3004051007578, 0.7945811288328668, 10899.56819465134, 558.9263976753994, 23.61130005623933, 3.007740795353369, 0.11871083990555455, 526.2369813140288, 0.7956767114287927, 10898.006079775505, 559.0280774122779, 22.564196955945796, 3.0077403781632532, 0.11831453528906272, 525.9155346471243, 0.7976136138992211, 10900.94767286015, 559.0801719842375, 21.30276655901048, 3.0077397263678933, 0.11768230499111829, 525.8004452113, 0.7899433796349994, 10898.097373346467, 559.038236009761, 19.824724015368098, 3.007739208226885, 0.11672680390523754, 525.5320748883847, 0.7926224123317099, 10904.184705889582, 559.1249305577853, 18.086442346537705, 2.7846779712923793, 0.1150927646669543, 525.4861982077318, 0.7936813558992256, 10905.67286898893, 559.1367940219047, 16.058067102488756, 2.273831188479204, 0.11302880526918366, 525.3747878738068, 0.7888154299066159, 10914.142682367003, 559.0355150305787, 13.657434086260208, 1.9693263237947447, 0.11239224994372023, 525.6824547942504, 0.7933268698586377, 10911.889719736548, 558.8957742290794, 10.34889770580314, 1.969324736688517, 0.11223899390360426, 527.2160983348206]}