{"obs_size": 14289583, "obs_mean": [5163.050419622532, 558.1552262931675, 2.788741980784184, 0.07378999436345395, 0.10373521729472444, 621.8522158916314, 0.5703146348637548, 5165.06302882959, 558.5547769308592, 2.6451789390915046, 0.07317846765753099, 0.10376351871492634, 623.1018915900714, 0.5711390550725208, 5167.830037703128, 558.9424941931476, 2.463344101783796, 0.07286723066468129, 0.10381279200771641, 624.4414177891681, 0.5702271025683854, 5167.7923288742995, 559.421065891146, 2.294186961229029, 0.0722551272741905, 0.1037810351704455, 625.9036520662132, 0.5718079296645993, 5169.190003412787, 559.8646457352884, 2.086755995608829, 0.07134217232959943, 0.10389455444879, 627.9502220326535, 0.5712270134125251, 5171.961529721381, 560.3943988428495, 1.8803047646666806, 0.07072887606350133, 0.10391203735721334, 630.3247812236411, 0.5736633507080233, 5174.211866287251, 560.8663676889661, 1.652996382049777, 0.07041606944388278, 0.10422292037920126, 633.4617686166686, 0.5789021874186556, 5178.561813565455, 561.3113750765154, 1.4026240653768554, 0.06920130215648164, 0.10474396013970479, 639.7913646590433, 0.5999189031618594, 5185.458367077624, 558.1501299233155, 1.178447474639393, 0.0658806139108546, 0.1067811175235139, 654.7251576209999], "obs_std": [10892.892890246989, 556.0995295883024, 25.410142027536363, 6.81717612737785, 0.17071884344542887, 530.6204226177455, 0.9562595969298964, 10898.18945562092, 556.0685824007825, 24.421775989060688, 6.625113437227694, 0.1707945183099903, 530.2995956344922, 0.9515803634446522, 10905.974019285799, 556.045074959893, 23.257966687916227, 6.5269628965646564, 0.17186633053266379, 530.1521857546447, 0.9397861657935482, 10897.204984486649, 556.1175546390251, 21.960705595790266, 6.326095353187572, 0.17023806864248467, 529.7577642835513, 0.9467180129374515, 10902.884260404258, 556.0705618626753, 20.400703440955247, 6.012224230416384, 0.17108292854106064, 530.0311591146877, 0.9347490644194402, 10904.821949599138, 556.0969760647852, 18.63345980947274, 5.793537142053093, 0.16951685488518595, 530.3910813004135, 0.9314300852130893, 10902.642362008986, 556.0263191078079, 16.54449429260986, 5.681037606800535, 0.1717257271376761, 531.5838651214, 0.9431898788109732, 10913.268480959887, 556.1350787856851, 13.962206941861211, 5.206790010754879, 0.17628710345137868, 535.8285104842064, 1.0022454175455766, 10919.244530533568, 553.9123369662888, 10.659228380768536, 3.5931820320054455, 0.1906384299874114, 550.5319380871391]}