{"obs_size": 14264008, "obs_mean": [5240.451245666914, 570.145836990557, 2.443499821368581, 0.06307006458627375, 0.09856764222503238, 639.2553705688692, 0.5450761001396418, 5252.303379388193, 570.3548284605561, 2.3438583321041326, 0.06306242186846267, 0.09863351412071635, 640.3790318526218, 0.5452066574135835, 5251.85995240702, 570.7453900053897, 2.2226445750731494, 0.06305400949853132, 0.09859534000457743, 641.3736806174426, 0.5446784133884804, 5253.55755379945, 571.1826831560946, 2.0717451224087924, 0.06304555796681602, 0.09856882324463047, 642.568452526705, 0.5447435621881775, 5252.475836136733, 571.7220568720937, 1.8905500473639667, 0.06303621602750974, 0.09855249664435191, 643.8800430492334, 0.5443885121209038, 5250.843199496461, 572.267091549584, 1.707923186806962, 0.0630266751769297, 0.09854964412513052, 645.4105499087362, 0.5449918296456846, 5262.829371768367, 572.9054422151194, 1.5013700216657198, 0.06301702794923596, 0.09858644732651627, 647.2148718694875, 0.5445310645507664, 5257.522732230344, 573.7261379830969, 1.2791732870592893, 0.06270561499868225, 0.09853118557589075, 650.0867106968308, 0.5457485069414307, 5318.262206440147, 574.3694296161359, 1.0461586953680901, 0.06269486554908846, 0.09863458575857624, 669.3827175930662], "obs_std": [10980.620674697779, 558.7893253103362, 23.617931180187433, 1.6088597858007854, 0.11578997160360723, 539.2675919840647, 0.8010184734780391, 10995.381339341353, 558.7932245055134, 22.98645710574116, 1.6088588096973746, 0.11512348089790019, 539.1303321833253, 0.800535724234017, 10992.39510498192, 558.8379700957647, 22.154342060255964, 1.6088578792175812, 0.11488550261477135, 538.6634335020751, 0.8004383795836675, 10998.372975735208, 558.7726941597118, 20.99907238168697, 1.6088571196174575, 0.11343288663768462, 538.3921048837682, 0.7958085580848385, 10998.934265164624, 558.8854317614781, 19.515029878672976, 1.6088561277917448, 0.11418092356505709, 537.4362881815634, 0.7911409006992549, 10986.506923190142, 558.9593043999581, 17.854810545808853, 1.6088552745549984, 0.11326704067562121, 536.4924198705365, 0.7919200312544292, 10994.366568587284, 559.0769969956419, 15.905279570418953, 1.6088544223810977, 0.11274967398397169, 536.1218661017575, 0.7841730872545627, 10982.551479216874, 559.4711678960048, 13.497241233328245, 1.138073897774597, 0.11134546374458607, 536.4875268188996, 0.7864190480666193, 11014.065520104932, 559.872696918752, 10.24663387679546, 1.138072418144201, 0.11170549647985448, 552.7216731395372]}