{"obs_size": 14289583, "obs_mean": [5155.435490068232, 556.13275698808, 2.821603611525963, 0.06646813005516725, 0.10037479047786033, 627.4464887596813, 0.564610463510375, 5156.208274515391, 556.5378822461088, 2.676184532466763, 0.06645924829465687, 0.10037774830252143, 628.9172937213543, 0.5649809664144863, 5160.699587113536, 556.905607392462, 2.501694836021457, 0.0664502772810169, 0.10034725548142323, 630.4261225354167, 0.5651062726603134, 5159.567470914299, 557.3637292984687, 2.3261736189222595, 0.06644113303293073, 0.10034421761740674, 631.9693994899601, 0.5661859669382953, 5160.191940979705, 557.7713919993326, 2.1273429042680947, 0.06613082001686856, 0.10047763061098461, 634.0262544105519, 0.5657285475720324, 5164.865555794919, 558.2417389646711, 1.9179332944845207, 0.06581995161140117, 0.10039605285087727, 636.1913295073788, 0.5665806993108252, 5165.3106319586705, 558.7236230056537, 1.6917117175497705, 0.06520875107580891, 0.1004643968825395, 638.842824300378, 0.5687769382773514, 5172.524385864404, 559.167049381357, 1.444202675473455, 0.06489777062109563, 0.10065484495131877, 643.0625978955418, 0.5768604789237064, 5171.9326348119575, 558.8313419642826, 1.2085895018769968, 0.0639853554072992, 0.10133414543482519, 651.0684914379959], "obs_std": [10873.612985201647, 557.4911384788755, 25.309360722523554, 4.096775242308141, 0.12227119528343668, 530.2083065777057, 0.8169572088161046, 10871.930220219276, 557.4516133968269, 24.325338957587118, 4.0967747634501155, 0.12063001390124127, 530.0880431888759, 0.8168593800872745, 10881.66440376583, 557.4206209718242, 23.168995560997626, 4.096774212925018, 0.12060947023758016, 530.1627696397105, 0.8119228352075353, 10874.244001402303, 557.4684533399261, 21.86962732468855, 4.096773821709362, 0.11896830267866297, 529.8453568583868, 0.8119086634360317, 10877.144502197423, 557.3974765991342, 20.317369145531316, 3.936072852553746, 0.1197406337721079, 530.1595554712602, 0.8087404703605006, 10884.744968738636, 557.3500120551573, 18.556586777053045, 3.76852515742515, 0.11776203449601204, 530.3746804678289, 0.808667226598101, 10877.798011632807, 557.2304513072313, 16.475192735539213, 3.408814115374304, 0.1167690213138071, 530.9925970261584, 0.8147348675729409, 10894.53463807331, 557.2061854159233, 13.894396378964691, 3.2138960202834834, 0.11764741845262904, 532.3816754548211, 0.832298106851573, 10894.023399636135, 556.650830186391, 10.602825066649482, 2.5409594898706183, 0.12030965200821271, 535.1742134174114]}