{"obs_size": 14264008, "obs_mean": [5221.86533164233, 564.7063174670121, 2.438833180688065, 0.06384419718532974, 0.09787328965435281, 634.4650988904395, 0.5395184865992843, 5224.728451997802, 564.9955405942004, 2.3414593570054087, 0.0638374552142793, 0.0979066945926429, 635.5772891664162, 0.5399428980269839, 5225.269411806185, 565.3158986590585, 2.220835826788656, 0.06382997848193318, 0.09787453624822791, 636.6738465487406, 0.5399393338113728, 5227.157114716509, 565.6833595438252, 2.0679355339677317, 0.06382223458589785, 0.0978561605164551, 638.1037591557648, 0.540130026847999, 5231.111283780103, 566.0617211515865, 1.8911744160547301, 0.06381371196651901, 0.09785097751817048, 639.7033269155919, 0.5402161839785886, 5228.434788729682, 566.4723066616339, 1.7040143976363447, 0.0635039133491879, 0.09785819407266284, 641.571585554632, 0.5406733516975093, 5234.237699165687, 566.9471049791897, 1.5011773689414645, 0.06349514471129868, 0.09786662003134107, 643.47153071138, 0.5408307173551876, 5235.797594799688, 567.4883615460674, 1.2793057182805843, 0.06318494001658723, 0.0978525507515136, 645.8416745938451, 0.5413934830939559, 5239.524574288936, 567.960836883995, 1.045013154787911, 0.06287435873108899, 0.09787857778501098, 656.21136986771], "obs_std": [10881.20663770465, 554.4276761979086, 23.586366250669503, 2.274818269764816, 0.10949098264139301, 528.0027632966072, 0.758738014742515, 10886.507129089734, 554.4960377867988, 22.96776641065026, 2.2748177766717985, 0.10879041667876972, 528.0210670127906, 0.7596742108882795, 10884.087902575862, 554.505441588426, 22.14041046519332, 2.2748172847749415, 0.10801518404082638, 527.8254234863482, 0.7622225577474476, 10889.198641469473, 554.3724394017453, 20.98633105773252, 2.2748168498210575, 0.10680639280507592, 527.9827504829817, 0.7579137389853355, 10894.234165803995, 554.2944023396954, 19.5044765322773, 2.2748163096995544, 0.10649402820147913, 527.6302705201138, 0.7545830031903271, 10885.345714682, 554.1800721128278, 17.839582898106286, 1.9701747154277829, 0.10566941510369016, 527.5432894987997, 0.7555697241807889, 10894.344834353331, 554.0794815308204, 15.890266839067156, 1.9701741731754767, 0.10489581136543975, 527.4627732841639, 0.750498319412122, 10895.727315017375, 554.107027933862, 13.476937995391852, 1.6088465202712567, 0.10429595911825, 527.5420756233099, 0.7496085928997064, 10897.473316314889, 553.9830321846645, 10.251082866285783, 1.1380622593948038, 0.10349986240883113, 529.0456521742846]}