{"obs_size": 14240282, "obs_mean": [5270.34994133087, 569.9342569901354, 2.1290494809021334, 0.06327568351301745, 0.09860247295453854, 642.4060778514124, 0.5478432160262398, 5279.547670483175, 570.2030109375643, 2.0424030226367713, 0.06326849025469576, 0.09864132820824847, 643.1013717848673, 0.5470859294781248, 5280.115836492923, 570.6109824229605, 1.954680532309683, 0.06326151503980884, 0.0986391167637699, 644.0681972915118, 0.5477014734680627, 5285.318993957963, 570.9810491112466, 1.8541504304479364, 0.06325375125549611, 0.09866289049282939, 645.0720683098324, 0.5474556475075849, 5284.016584724104, 571.4530741034482, 1.7336099102531817, 0.06324553257260765, 0.0986433352369716, 645.9485239284294, 0.5470493848366598, 5284.571700027831, 571.9540789992781, 1.5805769155414198, 0.06323687921124857, 0.0986225592418752, 646.9282373126161, 0.5468113455899731, 5285.673270779043, 572.53446055352, 1.3974084221084948, 0.063226824564578, 0.09858530709132023, 648.2254308679138, 0.5465967105848475, 5285.60193235119, 573.2430808603368, 1.2110725054461702, 0.06321739977228812, 0.09860228902060966, 650.2124608589444, 0.5471204434013751, 5342.2475232853585, 573.9095298112776, 1.0021487636270126, 0.06260494790300584, 0.09860768517365104, 672.0774006704802], "obs_std": [11044.923977179262, 558.1410668473297, 21.332133048568892, 1.9718297164071037, 0.11749864421356136, 539.1641337348339, 0.8072675205798241, 11056.64665291246, 558.1220876413828, 20.76100575411501, 1.9718285095619463, 0.11735992664780713, 538.3911703354856, 0.8031999496797566, 11067.15790041033, 558.1644736894787, 20.113939045754393, 1.9718282466042707, 0.116978672650308, 538.0474242855221, 0.8004596770959891, 11059.395815693308, 558.2339662748922, 19.352115038663417, 1.9718275981340014, 0.11629017185936912, 537.5565211852139, 0.7988204024816915, 11061.9715449479, 558.3302914161568, 18.34925816536009, 1.9718269237268904, 0.11626549484843833, 536.8770294021022, 0.7997498647642595, 11051.675639930336, 558.4861843353157, 16.92821866703634, 1.9718259006993277, 0.11473688936729788, 535.931487866842, 0.7964657207101001, 11046.457830922061, 558.7048431515773, 15.072207659490607, 1.9718244786871353, 0.11417694839247354, 535.0263886684967, 0.7898984739391505, 11042.947851015668, 558.9647784755891, 12.812714969163842, 1.971824168170106, 0.11324462422935298, 535.0294343232439, 0.7855323695470631, 11069.346969475995, 559.3668323682393, 9.795337064738977, 1.139028120043036, 0.11085884843903211, 552.7196229973932]}