{"obs_size": 14276570, "obs_mean": [5173.929336212723, 560.9414866456017, 2.6207594681355535, 0.06896678800889174, 0.10269414774634221, 626.0497956378463, 0.5657068152224533, 5177.434115970074, 561.328071518579, 2.5021315343951662, 0.06865615772703833, 0.10268785955569136, 627.2011967390819, 0.5654144587250625, 5176.19073096911, 561.7451417952632, 2.3612948348237706, 0.06864590289692159, 0.10269016909376724, 628.2986370171526, 0.5658424406563011, 5181.819012855279, 562.1555968975742, 2.177051070390157, 0.06803345877841144, 0.10269602248586342, 629.7561149293297, 0.5651619370759555, 5178.492226745599, 562.6225581494714, 2.0049626766092974, 0.06712045919300688, 0.1026740342929719, 631.3175995384531, 0.566407510137269, 5183.490514397542, 563.180654386873, 1.7978317621109272, 0.06650802597508394, 0.10277388619878705, 633.2370421384566, 0.5665361119653048, 5185.343242910075, 563.7676158909317, 1.5889848892275946, 0.06559464451020845, 0.10282481083383539, 635.7557404406363, 0.5686324230540301, 5187.116160511903, 564.2060944610645, 1.364733756077265, 0.06498183898927401, 0.10307556438563388, 639.2090392160982, 0.5735669510954323, 5207.808293598995, 564.5439361135062, 1.110482629931419, 0.06466812134504993, 0.10349722962252149, 660.2940754494458], "obs_std": [10894.988577131748, 556.6236224799916, 24.43297399612028, 5.083632185740713, 0.15777107302955007, 532.3338326088007, 0.8989178556170192, 10900.47646600344, 556.6143617199043, 23.6896792505466, 4.954922176976509, 0.15741252822166554, 532.084625079956, 0.8955565533666316, 10898.5790631787, 556.6986246754212, 22.634781933252185, 4.954921752917837, 0.1574834722295912, 531.5434129556469, 0.8973781098961453, 10901.172356995901, 556.7592887456333, 21.36377683602443, 4.686910089333138, 0.1567243626401848, 531.2771983644386, 0.8881428479251787, 10898.313592407038, 556.7616559481207, 19.88456510921787, 4.253345487706302, 0.1559504854097623, 530.9641609378147, 0.8924100946930321, 10904.784352817609, 556.8546925680893, 18.135482173935806, 3.937870597192391, 0.15647844994769555, 530.9674025549474, 0.8876635159726974, 10904.818608522573, 556.929894895795, 16.097554067119503, 3.4103731102601795, 0.15444015660587643, 531.3770934385649, 0.8836356571126947, 10911.582191625479, 556.8989847008438, 13.687257968769154, 3.0077437639411353, 0.15665713310669824, 533.1624048224566, 0.8976427530408263, 10914.069004175342, 556.8818347104617, 10.348530312650377, 2.7846826566943004, 0.1599544286607217, 552.5908404768929]}