{"obs_size": 14276570, "obs_mean": [5234.9333655353585, 568.5490249408646, 2.6043099287854155, 0.06434879742761006, 0.0987491661775904, 633.575960486404, 0.5436147337210906, 5243.468289575827, 568.8775021591321, 2.4846837160466415, 0.06434117046125885, 0.09873819373070712, 634.7371639069194, 0.5432096226194717, 5240.016005522128, 569.3453708418759, 2.336570548808292, 0.0643328875491168, 0.09873490219597629, 635.8590006318015, 0.5431120054046971, 5247.529131016294, 569.7740424345624, 2.1567721098275006, 0.06432407863212901, 0.09870710410511763, 637.3566454527913, 0.5428156539000975, 5243.957075277984, 570.343772909039, 1.9747846296414335, 0.06431499511031673, 0.09869397871883825, 638.9771999097828, 0.54334446509214, 5246.915894759022, 571.0440985474802, 1.769058744502356, 0.06430516165242031, 0.0986929950111271, 641.0406587054594, 0.5435667347969806, 5254.945920415334, 571.7816922412035, 1.5525311752052489, 0.06399421769095073, 0.09867619064509205, 643.8017530760728, 0.544729893805063, 5252.0116916808975, 572.5333066695991, 1.322573699425002, 0.0636828247494385, 0.09872649007114542, 647.6129100325008, 0.5477376305373453, 5310.545619479754, 573.1199080731576, 1.0676872666193629, 0.0636707323331229, 0.09890756606741002, 663.8163834869251], "obs_std": [10961.355863457973, 557.1533504663962, 24.58576626546845, 2.7846726516042306, 0.11930739366027976, 534.2673517561984, 0.7975841898830525, 10973.707843684748, 557.0651919629663, 23.829355313845927, 2.7846722401670045, 0.11818813636415669, 533.7857108381847, 0.7961384028216851, 10973.517752228263, 557.1355925786215, 22.76330217026238, 2.784671861282747, 0.11793722098446466, 533.0133721519704, 0.7972095402644164, 10977.098456661244, 557.2056685365475, 21.490159177228875, 2.7846714640602754, 0.11736003315973287, 532.4223695470197, 0.7897311600986018, 10975.400330418674, 557.300042085623, 19.9907110494754, 2.784671049974313, 0.11626947551472695, 531.8258163457441, 0.7927373361380653, 10973.61008582851, 557.5075038849612, 18.227240047984672, 2.7846705183080473, 0.11450069466629054, 531.6660956403613, 0.7907494726786382, 10975.408538610334, 557.7545918116803, 16.15948367410402, 2.5421110741333153, 0.11220408087124879, 532.0448575101047, 0.7863457065112557, 10973.217950119984, 557.9931210364524, 13.719997591492197, 2.2738220694026774, 0.11220785018598502, 533.8700466891652, 0.7980510243929032, 11002.834382406458, 558.3346585803989, 10.325488447696339, 2.2738208229715764, 0.11239199570007118, 546.3960324150728]}