{"obs_size": 14276570, "obs_mean": [5172.063945347457, 560.8651724468831, 2.624692415615235, 0.0695966620852983, 0.10299148068324561, 625.7471109081563, 0.5668163620533849, 5176.301728730656, 561.2393446745261, 2.5057163590414224, 0.06928641804166612, 0.10300555582874615, 626.9282336231979, 0.5666505414816353, 5175.102802418019, 561.6701375750619, 2.3646665130349938, 0.06897559240105355, 0.10299769245876388, 628.0261693326875, 0.5671766831249069, 5180.765063612799, 562.0834271817391, 2.1812903239363517, 0.06866393549004482, 0.10304347039534009, 629.4661157453065, 0.5663176961273224, 5177.861196854339, 562.5564438096825, 2.0086419917389122, 0.06805171857407688, 0.1029695763394856, 631.0409814281734, 0.5676328213289645, 5183.615588188233, 563.1167856144717, 1.8011945446280164, 0.06713744199370773, 0.10308819870431125, 632.9975021237326, 0.5678452968045269, 5185.49618327026, 563.7035262671635, 1.591785982207211, 0.0653210009580805, 0.103159422374142, 635.5050368955527, 0.5699529679748371, 5187.82572304973, 564.1811098884396, 1.3674040753486307, 0.06500854470626327, 0.10336820547925782, 638.9597356434606, 0.5749002554535612, 5207.8030667870435, 564.5119183389287, 1.113441253746523, 0.06439399684126498, 0.10386576954506672, 660.6524027960926], "obs_std": [10893.290382922163, 557.7484450065532, 24.446181009284228, 5.33173962505459, 0.16265195490690418, 532.0586415286892, 0.9015870713783157, 10900.032344337196, 557.724037731818, 23.698291273999395, 5.209163736838762, 0.16248315620015455, 531.8270151429093, 0.9008492674404834, 10899.181205948222, 557.8425728112001, 22.643391108235463, 5.0836329742646145, 0.16244691001044054, 531.2896085380067, 0.9018753329946306, 10905.65664305561, 557.9285776278389, 21.374905101733333, 4.9549226063892355, 0.16260966401916188, 530.9474181307894, 0.8902295752746379, 10901.0260368741, 557.9400334702414, 19.89540338056802, 4.686911267340139, 0.16073502344999013, 530.6788337731748, 0.8976837762650334, 10908.301627008617, 558.002042574861, 18.14233359177052, 4.2533462040795635, 0.16141542057226121, 530.7685559932985, 0.8937403947066052, 10906.348354909409, 558.0331023518903, 16.104396469621005, 3.215368534307032, 0.16019861640200567, 531.1704512253465, 0.8898505347228239, 10913.486670250175, 558.0935462096731, 13.684171140433365, 3.0077452476248925, 0.16144732774224457, 533.0185513109885, 0.9021930094783347, 10918.80885762536, 558.0872681412849, 10.347695593769272, 2.5421261522975556, 0.16527840110299802, 554.4441564933612]}