{"obs_size": 14289583, "obs_mean": [5158.514043720543, 558.2874109762336, 2.7860505796425272, 0.07347453739574471, 0.10354384623630984, 622.3451535102207, 0.5677874324254463, 5161.310785369445, 558.6883488482483, 2.643066001296189, 0.07286304638694528, 0.10355940187778731, 623.573933097139, 0.5684760425129565, 5163.291335767553, 559.066202071817, 2.4624172027973104, 0.07225140730678448, 0.10361892394571666, 624.8944514197967, 0.5676863403921906, 5163.848259192212, 559.5491119649888, 2.2917401438516434, 0.07163982677801743, 0.1035759584831826, 626.348508397663, 0.5690822214336424, 5164.963646935248, 559.9916910101575, 2.0842114846878315, 0.07042620610539223, 0.10367858833970191, 628.4282415526541, 0.5688171011708621, 5167.811754659269, 560.5319286783947, 1.877646254617787, 0.0701135745120841, 0.10373812161446555, 630.8098692344888, 0.5711228893803574, 5169.476378586915, 561.0065231434675, 1.650358026542832, 0.06950068471159172, 0.10395882701797461, 633.9753722700434, 0.5763229913007542, 5173.955353356081, 561.441293493309, 1.4001908243228651, 0.06888675173489091, 0.10450347118120999, 640.4469648204572, 0.5968980276051761, 5183.168240236131, 558.4062836543236, 1.1725493319154239, 0.06616719197173986, 0.10649864907142555, 655.3009367432263], "obs_std": [10881.368108450333, 555.6052723376112, 25.413814355804156, 6.721831089833964, 0.17108917109497096, 530.8102201437703, 0.9285047936675007, 10886.137664691672, 555.5792970149095, 24.42621424365361, 6.526963274198312, 0.17063745902235522, 530.4371461731034, 0.9257232260535262, 10893.59028454129, 555.5522077996312, 23.26088382749807, 6.326095588974969, 0.17203181653923416, 530.2324664827595, 0.9161635241195851, 10885.357240093117, 555.6322387905792, 21.962762328659473, 6.118637226874787, 0.17026541164986037, 529.8253387812316, 0.9191753666081249, 10890.504703623285, 555.5945106557987, 20.402944874804454, 5.681038351175679, 0.17092282587483867, 530.1191275784314, 0.9123584767256329, 10893.348584518106, 555.624416265295, 18.63694141045786, 5.566265243209322, 0.17048576719815864, 530.539155750467, 0.9120525835109853, 10887.246330109983, 555.5584795259808, 16.549794156814635, 5.32930992141513, 0.17096598462955187, 531.8664918253024, 0.9269854091477607, 10901.637730025419, 555.644245088285, 13.970188706723983, 5.081316352650437, 0.17619337740370283, 536.5683118410302, 0.9831136917084171, 10907.903639483478, 553.5744229383511, 10.658626629976366, 3.768531922974095, 0.19115300464585702, 551.6618078634581]}