{"obs_size": 14276570, "obs_mean": [5175.052050285966, 558.1121943856261, 2.66376524613405, 0.06491982625246126, 0.1003713504116892, 628.3710420375518, 0.5633658516716565, 5178.330779443206, 558.4774819862193, 2.545089821995059, 0.06491194569263489, 0.10031056203794057, 629.6706170544652, 0.5636494365943688, 5178.803632596459, 558.8942175886785, 2.4032683620785664, 0.06490320466870549, 0.10031254367141466, 630.9706252340699, 0.5640040249163583, 5182.314927328663, 559.2973693961505, 2.22547215472624, 0.06489418755289963, 0.10028197712615838, 632.6153894275232, 0.5639067065828929, 5180.956829941599, 559.7183633043511, 2.0489243564805832, 0.06488499217964122, 0.1002932806841564, 634.2696812477619, 0.5651538340792012, 5185.275414145545, 560.2585590936758, 1.849378947464272, 0.0645745906426474, 0.10035801139825701, 636.1895612304595, 0.5648000829330939, 5187.690507912845, 560.7782786761805, 1.6374090555364489, 0.06396323567083016, 0.10030561977134589, 638.3180960850253, 0.5655395449327175, 5190.988733038869, 561.1996482348351, 1.4147317597994475, 0.0633515079929631, 0.10037754799500234, 640.967154623603, 0.5677483382213067, 5193.447855716552, 561.5474021421112, 1.165500396803994, 0.06333985120355229, 0.10057581964603543, 653.1461476032368], "obs_std": [10907.628151947998, 559.3792959088198, 24.366003099457572, 3.2153644485372754, 0.12333823409263163, 529.6597034041934, 0.810688641204104, 10912.398858025628, 559.3510841684591, 23.61923182968218, 3.2153640008419355, 0.12162650393157963, 529.5602548901575, 0.8108369205753497, 10909.674219124696, 559.4212984536053, 22.57327718894367, 3.2153634770417714, 0.12176894441825716, 529.2934650575223, 0.8149187644823185, 10915.351832337317, 559.4725131869623, 21.310857822171325, 3.215362833449791, 0.12085817619667337, 529.3340322276999, 0.8076150784095942, 10910.74334933427, 559.4483703937361, 19.832515348754406, 3.2153623655155315, 0.1196998293024017, 529.2025594492687, 0.8106749024339939, 10918.426791299364, 559.5054298527223, 18.094212361217267, 3.007738605693694, 0.11875017799075528, 529.3185164808981, 0.8081239965094812, 10919.652401892825, 559.4932426868355, 16.068441422544122, 2.5421190783215857, 0.11659984833747196, 529.4192525333381, 0.8070571513428932, 10927.229083520198, 559.3615179161236, 13.671407379259824, 1.9693263274346493, 0.11631241419690973, 530.0985680943053, 0.811887315320778, 10926.203945315383, 559.1523536596119, 10.372584200288275, 1.969324545542308, 0.11707112071465446, 534.3289643339484]}