{"obs_size": 14264008, "obs_mean": [5195.7198094220685, 559.6988848435868, 2.504721043342096, 0.06436677938102188, 0.10006018163268052, 632.852018036724, 0.5636118192726833, 5193.624408022924, 559.9939626365885, 2.4087816692194792, 0.0640584592428811, 0.1001198152701551, 633.9401022220427, 0.56332614409639, 5196.394224784274, 560.3314011040935, 2.2890821429713166, 0.06404997161247598, 0.10006803396808304, 635.1000197978465, 0.5633011528737313, 5197.35931320742, 560.713376072139, 2.144046750394419, 0.06404111250541437, 0.10005102734588985, 636.5644757686547, 0.5638090800285613, 5200.738766005341, 561.1075841376421, 1.9644426026681983, 0.06403206072396553, 0.10002578857309984, 638.1949032968365, 0.563789598687837, 5200.914343517598, 561.5184061169904, 1.789055011747049, 0.06402277401990586, 0.10004018281292412, 640.0420608933072, 0.5651715167293828, 5203.524402036302, 561.9732168546177, 1.5874334899419573, 0.06341137402027028, 0.10011559820045038, 641.9140377953624, 0.5645569656158468, 5207.92243942989, 562.4968761935634, 1.3709452490492153, 0.06310064932395762, 0.10008539881560634, 644.2647771550105, 0.5654430688064715, 5208.186498507571, 562.9467022172169, 1.144716968750999, 0.06278960635055203, 0.10017518196000837, 658.8455462320703], "obs_std": [10956.041860440657, 560.5485336269869, 23.410767013673027, 2.785910717373014, 0.11831101697741098, 532.4519965210134, 0.807629131338368, 10948.55860481491, 560.6569379508977, 22.796970688980288, 2.543245466902224, 0.11816056082565238, 532.4507674285977, 0.8072127513643975, 10952.106242853173, 560.6846331092554, 21.97777121069747, 2.5432444784968435, 0.11736511002974774, 532.3166620194307, 0.8079912777734569, 10955.512537175513, 560.5687137624861, 20.839041352975023, 2.5432437392653124, 0.1169453823775369, 532.5434602296617, 0.8060069686521883, 10956.044574946405, 560.5059066437195, 19.375554020819884, 2.5432431847716783, 0.11611483656799096, 532.3600849588269, 0.8034538708600293, 10957.60077230339, 560.4341944669175, 17.74135489341517, 2.5432425660076428, 0.11528003692856237, 532.4277559747449, 0.8063398213441926, 10959.293466798514, 560.3343563256637, 15.819133773766312, 1.9701986918738845, 0.11579377635158275, 532.5943922178865, 0.7993880700254183, 10966.029928075592, 560.3621233207928, 13.460720612565442, 1.6088763055314033, 0.11491926438924806, 533.0319536979866, 0.8008240059668326, 10958.422090429614, 560.2611627959182, 10.315450419571475, 1.1381040465307581, 0.11413925383809181, 539.2576843624854]}