{"obs_size": 14264008, "obs_mean": [5198.90996396475, 560.8398047729643, 2.5033423284675673, 0.06471818259861692, 0.10006691248609856, 632.8933282258864, 0.5629788405895553, 5202.85736051061, 561.137978680326, 2.408219625227356, 0.064409731724641, 0.10013622826711917, 633.9805290474719, 0.5626648809367006, 5203.391345695314, 561.4963091720083, 2.288016664040009, 0.06440139903007158, 0.10006132511598508, 635.1259816837811, 0.5626708886450514, 5206.222357521098, 561.893921820571, 2.143121764934512, 0.06439277671963826, 0.10005333198200679, 636.5464101891912, 0.5631752112730161, 5209.758439965238, 562.3061613538074, 1.9630068911907508, 0.06438330175951482, 0.10003375553063393, 638.1621886001432, 0.5631265978678762, 5207.09751668651, 562.7055028292187, 1.7874942302331855, 0.06437411937206797, 0.1000575358327767, 640.031849751155, 0.5646573401389086, 5213.491235655064, 563.1516778453855, 1.585941553033341, 0.06376279404253907, 0.1001375158208694, 641.8807479002659, 0.563928330242111, 5214.546136059716, 563.6879270538826, 1.3698675014764434, 0.06315092223624162, 0.10009372025415267, 644.1864231420759, 0.5648151458552245, 5218.450145406818, 564.1207342985225, 1.1435104354961103, 0.06283955144480628, 0.10017980413478575, 658.9395255741995], "obs_std": [10974.017902477815, 561.8161131058283, 23.4129811013439, 3.009070628755215, 0.11824190472004995, 531.8257988212316, 0.8088317514679015, 10987.756904813781, 561.9330503158362, 22.799643244914677, 2.7859118865206174, 0.11822750702309606, 531.7988870985105, 0.8078352760817734, 10984.112942929165, 561.9942806162295, 21.982776276839232, 2.7859111765113247, 0.11714305538466277, 531.6587561007291, 0.8083614342369904, 10993.684084441711, 561.9127981872556, 20.84417254435488, 2.785910640400789, 0.11652626447737223, 531.8667261275933, 0.8069057391322654, 10994.081233774337, 561.8806428249798, 19.380627145812493, 2.785909769129486, 0.11582971478612955, 531.6774829807406, 0.8037595735740105, 10985.611109448253, 561.7884639385295, 17.74448976618371, 2.7859093638123045, 0.11520393824577659, 531.7199357856534, 0.8072140146758476, 11001.192170249642, 561.6944252573629, 15.823827572360136, 2.274838765485127, 0.11574103269451724, 531.8573186305567, 0.7993261785269827, 10997.502260016528, 561.7345591369461, 13.462071381188377, 1.6088791498546924, 0.11475139461485036, 532.2274975967398, 0.801548418737164, 11002.962942858136, 561.6039879873284, 10.314380558742144, 1.1381075900470365, 0.11401112097210823, 538.9165228301835]}