{"obs_size": 14251917, "obs_mean": [5256.962570424151, 568.670024250071, 2.295998075206304, 0.06490121405303692, 0.09923401384403258, 635.2824353608538, 0.5481298160802206, 5263.550969857495, 568.9305771988428, 2.213728581214723, 0.06459163190405279, 0.09924262313252356, 636.2498751245439, 0.5485001315963696, 5264.706364346666, 569.2914827528115, 2.1093394664030107, 0.06458358251097811, 0.09926987022258195, 637.3192878121663, 0.54849741785618, 5267.96755447039, 569.682194683003, 1.9848882785382482, 0.06427335804559554, 0.09927464342888115, 638.4033685385186, 0.5481408667339592, 5269.421458735677, 570.2327760539163, 1.8336468701017552, 0.06426437600465322, 0.09926048281273267, 639.3797508049416, 0.5481260261339277, 5269.010400733198, 570.7293433578093, 1.6459044772713733, 0.06395326815670548, 0.09922963571483003, 640.6721681863166, 0.5477613965195325, 5273.374088605792, 571.3799349940084, 1.4642040084853147, 0.06394320384556743, 0.09923173905068317, 642.394098257517, 0.548663942191114, 5274.3152919804625, 572.1598129570921, 1.2521305730309824, 0.0636321389867145, 0.09928405120588416, 644.8215560271657, 0.5484229841501663, 5328.704429375728, 572.8149011111979, 1.0302348799814087, 0.0627174299023858, 0.0992439375698014, 667.0513575166487], "obs_std": [11007.578311696005, 557.9284205642319, 22.633069241432796, 3.2181421605449088, 0.1223201307134109, 534.6011152666217, 0.8250573974778527, 11015.741354860567, 557.9811602448174, 22.057202425654836, 3.010338495307465, 0.12242349545709062, 534.5949714808402, 0.8209142789904138, 11029.960340195788, 557.8741517690673, 21.339311925303818, 3.010338273824781, 0.1208359136362045, 534.2638609951375, 0.8191431911451267, 11014.723319813947, 558.0884606013426, 20.423659517283877, 2.7870843242339554, 0.12092214166848736, 533.6767986553516, 0.8181773830134479, 11029.684755031816, 558.1849081996194, 19.072200200605756, 2.787083859139144, 0.12033518603076251, 532.9230794562283, 0.816745761262666, 11020.125254784927, 558.2446065049245, 17.43144815681379, 2.544314582502059, 0.11923337429476606, 532.0782217318435, 0.8142546583264213, 11018.689072220146, 558.4908817063267, 15.52698037434003, 2.544313968005917, 0.11748463085554983, 531.5621798076666, 0.8107089156805529, 11024.593458940211, 558.767193849254, 13.143747124847051, 2.2757940698542853, 0.11724488802349967, 532.158387163184, 0.8031954413550503, 11035.446436840048, 559.1351208174785, 9.930701698952634, 1.1385723204910627, 0.11544622274682197, 549.5241676769044]}