{"obs_size": 14289583, "obs_mean": [5211.090232476886, 567.3602596380874, 2.7532208602588333, 0.06544645818594547, 0.09875036006872945, 635.9865767809592, 0.5445190826072801, 5223.89636614177, 567.7318063795142, 2.603184291661975, 0.06543792633382636, 0.09872666372097712, 637.2041095630775, 0.5445360835932489, 5223.649540465617, 568.1835271890019, 2.427103296156368, 0.06542901746601675, 0.09871035992170003, 638.4564498157381, 0.5443732183087993, 5226.02289292911, 568.7113577772003, 2.246068412213288, 0.06541991622919271, 0.09869228747472894, 639.7444640915897, 0.5448197363772398, 5229.8409540412285, 569.3318341060058, 2.043874478352517, 0.06540985743629454, 0.09876164571366454, 641.6614966892548, 0.5445531588990832, 5229.5236985798565, 570.0327624675962, 1.8303644689981506, 0.0653994231416759, 0.09871920123302409, 643.9583201471083, 0.5457742384785217, 5251.2412771289755, 570.7565938768122, 1.5980441836546244, 0.06508834342010605, 0.09880065071408906, 646.8631528770783, 0.5487283763984402, 5235.743142873798, 571.57795332446, 1.3471126484236804, 0.06477659359395622, 0.09902993326768199, 652.4292726655965, 0.5595256083400563, 5284.727528415545, 570.9676882803368, 1.1007745992307822, 0.06356217933330176, 0.0997876677728808, 662.65236176787], "obs_std": [10933.802358670622, 556.903955666612, 25.475571417728972, 3.5931712678597973, 0.12101654300473598, 540.4983882935866, 0.8165502767407469, 10946.813525308162, 556.804879636131, 24.482049336031757, 3.593170870908383, 0.11888980267425203, 539.6895372076673, 0.8142414168359301, 10953.361220206663, 556.7903359155931, 23.312278038164155, 3.5931704350362788, 0.11956612530787522, 538.9731196791478, 0.8090847855590967, 10942.098235147749, 556.8565288704579, 21.999259813219208, 3.5931700872569574, 0.11782804782904313, 537.7815665404162, 0.8098774806496698, 10948.899882067284, 556.9837094460618, 20.4342235336589, 3.5931696336381655, 0.11844920902265343, 537.4009659718619, 0.8039870652161406, 10944.234946483888, 557.1659499194571, 18.65521029349918, 3.593169183337944, 0.11597889510897749, 537.217346189206, 0.8025977235407543, 10951.30593793098, 557.3502545780817, 16.54087260379091, 3.40880923114944, 0.11643844725932209, 537.9988252395939, 0.8114089783366656, 10942.653049003153, 557.7725294197465, 13.927346272356589, 3.2138908270525226, 0.11607445692081748, 541.7444925667013, 0.8419907607429524, 10964.88324854659, 557.5739337867066, 10.542215689967776, 2.27278582179423, 0.120965571294244, 550.9704953823391]}