{"obs_size": 14289583, "obs_mean": [5162.8298108315, 559.7277462890274, 2.7869287718193037, 0.07195318574461612, 0.10235649331971397, 624.2381076837137, 0.564170825628734, 5168.145504353761, 560.110129455842, 2.6418007439405335, 0.07134164542143111, 0.10237829588820048, 625.5051574376012, 0.5646097466245441, 5168.712084688448, 560.4919585127152, 2.4624910328034066, 0.07073049594499052, 0.1023835113622283, 626.8339780416735, 0.5641160002360072, 5170.9578901285895, 560.9672425010583, 2.2884332593890244, 0.06981873560796732, 0.1023406720114922, 628.3087139965712, 0.5650655828095456, 5171.612555960097, 561.4475188674155, 2.083345959080821, 0.0689064227541913, 0.10244146673230421, 630.3124803943799, 0.564763717667639, 5173.372256110106, 561.9778299338757, 1.8742609213998758, 0.06829359465752821, 0.1025126383290542, 632.7363428398662, 0.5668596377515297, 5176.538223476024, 562.4822767046455, 1.6455869985849132, 0.06768147469489606, 0.10266752245758246, 636.0150148518238, 0.5717139987920106, 5179.062251200943, 562.9769634985148, 1.3945004553316915, 0.06676698203447307, 0.10312322993932016, 642.5725717973705, 0.5906671981960866, 5198.125842241595, 560.6425481415378, 1.1608205081981746, 0.06494932272580002, 0.10479998638350832, 656.3906030855252], "obs_std": [10876.21588857236, 555.8515343548212, 25.464379622610306, 6.223230140059983, 0.15416016253618267, 531.4772666884862, 0.8990086943968136, 10886.614218613648, 555.804427704249, 24.473468267936912, 6.012223151339042, 0.15353562603902546, 531.1349749751469, 0.8973143068066065, 10891.085756719447, 555.775142167297, 23.314776304047047, 5.793536225567212, 0.15345862285036607, 530.9198698276477, 0.8897093908203811, 10884.865453999771, 555.8526487606966, 22.011866423859345, 5.4490749616752145, 0.1521020599991815, 530.487847990874, 0.8904543739343495, 10890.20841468935, 555.838335702784, 20.45320841384635, 5.081316025836469, 0.15283605086989083, 530.6545648141441, 0.8807313535905846, 10891.14554780364, 555.8812111896934, 18.684014448736264, 4.820581401355097, 0.15212598648835465, 530.9497866399827, 0.8801598686198195, 10887.580536133935, 555.8500266131828, 16.59430652980691, 4.544913756801171, 0.1518431440532668, 532.3361567518821, 0.8931583617940607, 10897.065432943415, 555.9984997500986, 13.995039380509835, 4.096778032362468, 0.15581717388635458, 536.962822594955, 0.9444417423421215, 10908.81033328641, 554.5316836673593, 10.657326037987575, 3.006374628469362, 0.16981443036858393, 550.1555934322671]}