{"obs_size": 14276570, "obs_mean": [5245.385195520195, 569.1080253170053, 2.602116754934834, 0.06436580268160323, 0.09848284190502361, 633.7840175464214, 0.5415697451839248, 5253.950536385859, 569.3897876730896, 2.482806584494735, 0.0643581830273725, 0.0984917771339337, 634.8692179064432, 0.5411351159977821, 5248.753958666571, 569.8254393036983, 2.3339884860299076, 0.06435008729156204, 0.09848578075441125, 635.9324464099315, 0.5409313643263459, 5257.031751881058, 570.2060172716557, 2.1554472818050834, 0.06434133883055212, 0.09846587120793014, 637.3799708302922, 0.5406067437066862, 5251.243319848537, 570.7349390644952, 1.9730259439066946, 0.06433235378876692, 0.09845964517891927, 639.0060185786939, 0.541200607148668, 5253.74125985979, 571.3762255920013, 1.7683548639484135, 0.06432271746260453, 0.09844499273018728, 641.0632034293432, 0.5414607661364429, 5261.60125399957, 572.0596312699759, 1.5502036553597958, 0.06401207070690638, 0.09842804461323698, 643.6869902546089, 0.5425230357852427, 5256.756328044441, 572.7373366992211, 1.3206119537115708, 0.06370117131034224, 0.09846737714240973, 647.4113901384346, 0.5451921461527945, 5311.577662614286, 573.3020681438188, 1.065313797361691, 0.06368976956853742, 0.09862843660136922, 662.956064446193], "obs_std": [10971.22928195739, 556.6498422682855, 24.592243497815442, 2.784673012408789, 0.11752543339971823, 534.2708077592644, 0.7876486611172346, 10986.178322220136, 556.5336205336386, 23.83851105647033, 2.7846726319961905, 0.116535344337367, 533.6082404650105, 0.7865725502643243, 10984.606223635075, 556.5878315105698, 22.776420512479092, 2.784672277084966, 0.11614015094357685, 532.8097652456331, 0.787027209868073, 10987.877043069177, 556.6308278278481, 21.5048174087876, 2.7846718375225405, 0.11570602043727082, 532.1828810285364, 0.7783450179477838, 10980.516585731202, 556.667494595315, 20.01284644578732, 2.784671443953759, 0.11489450693012372, 531.622089896892, 0.7807840089865942, 10977.841883035127, 556.8094254382396, 18.249925808350508, 2.78467091520332, 0.11279275110700984, 531.517020793013, 0.7799538672062611, 10976.294040690238, 556.9942540650975, 16.186217461383137, 2.5421115441801936, 0.11066281596351712, 531.6527142589844, 0.7768520965759903, 10978.020936223003, 557.144008915841, 13.740743115149447, 2.2738227279672345, 0.11064533645383276, 533.3360989675845, 0.7843835205739381, 10992.27564269789, 557.3880536635528, 10.347730348769499, 2.2738218333145657, 0.1101938971962485, 544.2726347520321]}