{"obs_size": 14251917, "obs_mean": [5200.479354318744, 559.4519438332401, 2.3650634507624484, 0.06430522575700631, 0.10000698794484969, 635.0901922663918, 0.564011410535169, 5201.541582000924, 559.7489627535721, 2.2843379595881728, 0.06399643399243139, 0.09997124077946866, 636.0195014908244, 0.5647201645926018, 5207.114056767682, 560.0523411692617, 2.182253797857509, 0.06368748494010383, 0.10002035445210697, 637.0826763206668, 0.5642420970456231, 5203.860614015662, 560.4246308759726, 2.0601626433833427, 0.06367879566560128, 0.09997420174380832, 638.3663267440176, 0.5645162574269881, 5209.366916795015, 560.8495038948095, 1.913502022219186, 0.063669957789265, 0.10000172324698456, 639.7756034532512, 0.5650801118895099, 5208.570989624367, 561.22379235018, 1.7286487845810496, 0.06366060162573978, 0.09996888259228556, 641.364419465209, 0.5649386214500168, 5211.406092990752, 561.6907166944632, 1.5515999005607457, 0.06365103015798552, 0.09995091082939896, 643.1295325965306, 0.5662333669919738, 5216.146275997145, 562.221227221573, 1.3442252014237803, 0.06303871584244548, 0.10002650606995601, 645.1121925797039, 0.565926910113214, 5215.873366898438, 562.6905047931446, 1.1276542657384265, 0.06272712526364838, 0.10001674436891454, 662.0086799567125], "obs_std": [10932.426170524494, 560.0669849639319, 22.467212260440625, 2.7870894382916243, 0.12061907539252464, 532.5900849181094, 0.8065690107750751, 10932.857851239982, 560.1764501282371, 21.89834707105398, 2.544320815909257, 0.1195426999197672, 532.6263018236929, 0.8044159525509526, 10944.765473091182, 560.0867598390191, 21.191120406360138, 2.275800927963013, 0.11902563466367522, 532.3661447811644, 0.8023914543292021, 10929.488517418013, 560.27632985411, 20.28543730367949, 2.2757999387980425, 0.11798739650446467, 532.3303130405264, 0.8028960186842182, 10944.736604708833, 560.2375161962533, 18.95961275510665, 2.2757988934807365, 0.11827987179177432, 532.2986377854265, 0.8047010639984855, 10939.184924557807, 560.1482292602195, 17.33321096861286, 2.275797830804717, 0.11633418241939016, 532.2850363183406, 0.8026149162296675, 10943.976403676446, 560.1671114124862, 15.457859978587742, 2.2757971146331113, 0.11382176506236835, 532.1647925507953, 0.7998400767068621, 10954.494144401755, 560.1550380901172, 13.110316796046448, 1.609552137682221, 0.11416780271731249, 532.3436427773524, 0.797548293210193, 10944.302256679417, 560.103032999142, 9.992458599603914, 1.138576500405461, 0.1138064623953168, 541.3918180895855]}