{"obs_size": 14251917, "obs_mean": [5206.178526567594, 557.745669301891, 2.355300764100717, 0.06454914729675418, 0.09981441355685705, 629.0436208005314, 0.5622550511625968, 5205.594915359748, 558.0427113770028, 2.2745912006083104, 0.06424053124201565, 0.09980025102096828, 629.9965112429394, 0.5630080978579992, 5211.291870468395, 558.3547504521673, 2.17277668681343, 0.06393175788380677, 0.09985555096419726, 631.0389731861343, 0.5626296000741563, 5208.155989707039, 558.7251594995957, 2.0503731533098315, 0.06392290263345687, 0.09981966092126504, 632.3107433185745, 0.5628647099895414, 5213.307859063621, 559.1418871580576, 1.9029704565357766, 0.06391409634283646, 0.09982104928614148, 633.6786787524786, 0.5632497768545848, 5213.647400867291, 559.5220873093774, 1.7192209300685655, 0.06390483881705941, 0.09977768069256913, 635.2311107320278, 0.5631751708208848, 5215.426366956841, 560.0236362588979, 1.5406740721265777, 0.06389536119204929, 0.09977069047707694, 636.8945633582165, 0.5643008341263925, 5221.213828521293, 560.5642262721569, 1.3344091184364881, 0.06328340039260126, 0.09983111105797277, 638.7857515190836, 0.5639397556132244, 5220.559544690994, 561.0626907243425, 1.1160085341501778, 0.06297200617608976, 0.09980276761203354, 652.790345424736], "obs_std": [10954.152712262628, 557.2810038841708, 22.449384344559768, 3.010339144099253, 0.11912186917136378, 525.4020880098091, 0.8013682481196529, 10949.550878749656, 557.389594409211, 21.882510150347727, 2.787085033507796, 0.11867100633314423, 525.4487713723776, 0.799553052722315, 10962.146155935376, 557.2930473042913, 21.176277012472532, 2.544316140015138, 0.11810322942685268, 525.1687361155301, 0.7975623178343348, 10947.02062441518, 557.4558469238195, 20.270755234618335, 2.544315122479377, 0.11672690578022844, 525.1194753811563, 0.7980887434788972, 10961.654934284114, 557.4265085409739, 18.943100323712855, 2.5443142437694184, 0.11647009294006935, 525.0502728833087, 0.7970111026360311, 10958.981434307725, 557.3506236713023, 17.318615618516407, 2.544313316099964, 0.11456750993899555, 524.9363454717138, 0.7970209445589211, 10960.181536406244, 557.3937408591835, 15.439580090418755, 2.544312672621397, 0.11220930514979406, 524.6519735800114, 0.7938094290394411, 10973.113800714316, 557.4024182226717, 13.091306511302282, 1.971023631725715, 0.11170272124333447, 524.5614904522661, 0.7902013534784745, 10961.82586082799, 557.3837512364016, 9.963069101227852, 1.609544403107657, 0.11119097677221318, 527.4278933262115]}