{"obs_size": 14251917, "obs_mean": [5217.861314657925, 563.3967144209441, 2.317896602962254, 0.06628623791488011, 0.10116865431632825, 631.4433592834803, 0.5608126118753339, 5220.241561675749, 563.6850891006452, 2.240071212876134, 0.065976093752449, 0.10120294433675124, 632.42924441584, 0.5613314276248274, 5222.978599377264, 564.0180917416233, 2.133923457454881, 0.0653650924232241, 0.10122294497119301, 633.4240901273383, 0.5611307624792146, 5222.405461367965, 564.4243030604234, 2.008026358840007, 0.06475315371168061, 0.10123474276106273, 634.5449613988023, 0.560936776575421, 5226.325552596363, 564.9019299649304, 1.8617756474444804, 0.06444214568153271, 0.10123828049973879, 635.6737055956248, 0.5613701057198475, 5226.643771125591, 565.3515642141334, 1.6715145758988073, 0.06413079642886706, 0.1012312284762116, 637.0359085953129, 0.5607467641721743, 5231.078042076102, 565.9243538956902, 1.4936824989929425, 0.06351757255603639, 0.10118260575633356, 638.7302057724976, 0.5619450372887033, 5235.140667204068, 566.6069594707856, 1.2806171969707654, 0.06290476311019218, 0.10129485981956088, 640.8383950594111, 0.5616627149877746, 5265.849815410596, 567.2135479739321, 1.0618304190236303, 0.06289353622260913, 0.10128734480975378, 665.567619626699], "obs_std": [10967.437411008004, 556.85644742599, 22.58546225252597, 3.941270700417549, 0.14130563347913408, 532.1517248044391, 0.857565452628562, 10967.072954671172, 556.9186101355348, 22.015353493918695, 3.7735016841598763, 0.14220816521976623, 532.2751103307156, 0.8539488364469542, 10979.589129297865, 556.8130511872586, 21.291682699057905, 3.413315683511412, 0.14059123186732034, 531.868452849923, 0.8501652458085804, 10964.287538160637, 557.0175033131962, 20.371933961193495, 3.010337493829216, 0.1404778110068441, 531.490986253174, 0.8498535769967693, 10982.77917621439, 557.080957519786, 19.033469033275697, 2.787083059320488, 0.13998669758876806, 530.9666062772523, 0.8494170370390197, 10976.463193922888, 557.0814048935126, 17.39431213251434, 2.5443134909923013, 0.13908389097538904, 530.4485260555501, 0.8421018516560367, 10979.988327429195, 557.2289983275306, 15.496948690085562, 1.9710238697145643, 0.13729071973526488, 529.9886316219325, 0.8434864987852971, 10991.156280958407, 557.3956371980115, 13.121023960455322, 1.1385707904213276, 0.13753852666032232, 530.0266064285506, 0.8367388375078776, 10989.69658716732, 557.6368173731712, 9.951556999629977, 1.1385695313601516, 0.13647561191961752, 551.3882840964495]}