{"obs_size": 799948, "obs_mean": [2212.805266187325, 458.1589115792527, 3.716581577802557, 0.06992112772704558, 0.1537779276027924, 467.4255523367253, 0.8290829453914763, 2212.033840857169, 458.45050928310343, 3.5460604939321057, 0.06990872315824898, 0.15372955594738466, 468.83688658930623, 0.8293483826449113, 2207.2231179176733, 458.6773515278493, 3.353227959817388, 0.06989341259431232, 0.1537074515455975, 470.31981052100525, 0.8280838291989023, 2207.441024712399, 459.0773437773455, 3.144868166430818, 0.0698801759139279, 0.15326955988889066, 472.0876335595167, 0.8277321100871757, 2207.77975213558, 459.3521253881502, 2.905882632371104, 0.06986556359162706, 0.1532061574827316, 474.0755044336159, 0.8282166715836805, 2201.5198371127462, 459.8257049208199, 2.6690859905893882, 0.06984934496741621, 0.15311188842649848, 476.2024109033774, 0.8283098213884393, 2207.2029887192707, 460.21940426127696, 2.402961192477511, 0.06983116161299867, 0.15283847180566626, 478.5997559908057, 0.8286590540885972, 2208.443572434603, 460.6233267662398, 2.1245543460324923, 0.06981376178450989, 0.15272415455754287, 481.3782349560987, 0.8292719126744225, 2208.316017419536, 461.0939836089346, 1.8498839924595099, 0.06979618599083315, 0.1524634444063822, 484.5617533814862], "obs_std": [4080.5319767372034, 473.70823663623895, 25.61116967849516, 0.06354872643955668, 0.20698429703399357, 375.1632336320753, 1.091497872041977, 4080.9493663674307, 473.7558451946058, 24.574570829165726, 0.06351215937224684, 0.2065333136758349, 375.12822441516596, 1.0855946538898607, 4068.97906535092, 473.6516804616714, 23.434665296451506, 0.06346842996313105, 0.20656895240143536, 374.86592733860897, 1.0830733941940065, 4087.164851638941, 473.7354201168949, 22.085157003092235, 0.0634383098486423, 0.20377927950218566, 375.01360603106815, 1.0798408899488308, 4076.700708532082, 473.67018220965514, 20.5284651375864, 0.06340133629441848, 0.20265464601024133, 374.674137242532, 1.0817628635252614, 4054.029174731249, 473.68519945001736, 18.751862018070828, 0.06335399410733891, 0.20157901103311304, 373.9143105905393, 1.0822600112499703, 4072.7720492525823, 473.5989328394445, 16.697931868731892, 0.06330286741390427, 0.19973582086050048, 373.77268695762734, 1.0832301089801217, 4075.5855495475985, 473.6102563940169, 14.195448449175334, 0.06325487442441691, 0.19856791701235937, 373.600197783619, 1.083870743711994, 4070.276686498559, 473.7279830512619, 11.168805157369833, 0.0632122448717709, 0.19705171555871986, 371.99244829171585]}