{"obs_size": 14289583, "obs_mean": [5213.603489451607, 567.9123202545519, 2.759471707466901, 0.06523655448203729, 0.09860809818082134, 634.5283450691804, 0.5427525239190445, 5225.791936839109, 568.287190885836, 2.6080127740606565, 0.06522818692862446, 0.09860226720198846, 635.7927379599078, 0.5427556682375355, 5222.695378322419, 568.7309332959542, 2.43169650227022, 0.06521929732953664, 0.09858236824692501, 637.1475550135135, 0.5426644458414791, 5228.187766515365, 569.2512891383884, 2.251243160839613, 0.06521036708027744, 0.09857726745860944, 638.5436787673415, 0.5430590711429928, 5231.105684145432, 569.879863044289, 2.047666541423917, 0.06520048460568051, 0.09860697010304668, 640.4462330305948, 0.5428570544011426, 5228.889811792679, 570.5636575958865, 1.8332607046685687, 0.0651900938562794, 0.09858603241235196, 642.780610337993, 0.5439328603221549, 5244.421507685929, 571.3048520030289, 1.5990342755278444, 0.06487927060041608, 0.09863831795672329, 645.8077917041165, 0.5466155188014085, 5237.584802252805, 572.107113972465, 1.3471223757894124, 0.06456778567618818, 0.0988361457344139, 651.3435941226527, 0.5562729395253018, 5289.662778944179, 571.6974691983664, 1.0993847056278687, 0.06335403627713278, 0.09947919695347336, 661.0228170306559], "obs_std": [10925.994182883785, 556.5690590775748, 25.539652088601905, 3.4088107458840198, 0.11873038683462675, 537.0199534579459, 0.8027916011356012, 10940.566797253137, 556.4745129550457, 24.537791828714017, 3.408810347419542, 0.11645844023776784, 536.3773053343027, 0.8007675884486263, 10941.174357949774, 556.442004367027, 23.369323908083285, 3.408809907604438, 0.11690724096593874, 535.8425631132652, 0.7951199426771298, 10935.420595761647, 556.5088003520569, 22.05712291756996, 3.408809552834424, 0.11565495867038701, 534.8938650305954, 0.7959107670501326, 10940.596677731892, 556.626576026627, 20.486891447763345, 3.4088090909293842, 0.11510293065108779, 534.607168555487, 0.7914383984107991, 10935.375448018798, 556.800536009605, 18.701200332639782, 3.40880861442366, 0.11361309635740896, 534.4866518461052, 0.7900332319407101, 10942.084930885974, 557.0004451058088, 16.57181830332631, 3.2138904476840233, 0.113058099816205, 535.2405454937577, 0.7998757533593824, 10936.529614398238, 557.4142029814747, 13.939902911557725, 3.006361062876135, 0.11321888576829985, 538.7623859283085, 0.8234752076612557, 10970.303523597948, 557.3719051775685, 10.544956117013966, 1.9684179686689594, 0.1171243876294463, 546.534311062069]}