{"obs_size": 14289583, "obs_mean": [5154.259131301337, 555.5057796997995, 2.825269638729136, 0.06619932933795997, 0.10117490257210413, 626.9518491653248, 0.5660351931193479, 5156.613740580663, 555.9138789424435, 2.681733819664297, 0.066189991614109, 0.10118489044515806, 628.4279501297792, 0.5664650781621848, 5160.872677648048, 556.2705859926074, 2.505616783918747, 0.06618062599175308, 0.10114855167488113, 629.8879227008472, 0.5664834332114677, 5159.488421082918, 556.7173351384712, 2.3317268250585057, 0.06617109960382417, 0.10116011128701204, 631.4052414837171, 0.5676608455964053, 5160.815746268592, 557.1353705702959, 2.131448622398568, 0.06585995587695681, 0.10127054557925201, 633.4227210454883, 0.5670802804392573, 5164.188803704905, 557.5877638276779, 1.923200278132679, 0.06584876711567532, 0.10123224757923298, 635.5580386053284, 0.5679855777456947, 5165.612414616101, 558.0281721307052, 1.69851688464247, 0.06553774356579357, 0.10133624998455078, 638.257215062981, 0.570567106681846, 5171.77982163567, 558.3879941073156, 1.4509341525221555, 0.06522537566289512, 0.10159487080644679, 642.9420014817756, 0.5811997591532309, 5170.428114187763, 557.5710315689408, 1.2214839299369338, 0.06431204931740228, 0.10253396693815353, 652.6350507328341], "obs_std": [10883.215347077708, 556.0390220511962, 25.314317507512072, 3.9360812110338803, 0.12708890790352687, 530.9987541619997, 0.8262004714488814, 10886.595598287659, 556.0019652374676, 24.330597217215278, 3.936080623001692, 0.12529803747011695, 530.979270144445, 0.8258200149938143, 10896.165060635598, 555.9428513778714, 23.17468588539027, 3.9360800234510873, 0.12535482050905625, 530.9586245701862, 0.8218893391447446, 10886.574123914263, 555.9778237642049, 21.876392531634, 3.9360795622931604, 0.12452084698426023, 530.4562966178131, 0.8221489496016631, 10891.129164816815, 555.9125216985768, 20.323458213036872, 3.76853209041249, 0.12503941352833067, 530.6602803210325, 0.8201575258673018, 10894.627490395047, 555.846876110449, 18.565547873722014, 3.7685312915767675, 0.12352832566929955, 531.0057145652336, 0.819073460297462, 10891.399602390535, 555.6885848002473, 16.486282059232458, 3.5931800300259846, 0.12275987146565107, 532.016229214066, 0.8274774175331507, 10907.416235750688, 555.602340956327, 13.908481045870522, 3.408820029297871, 0.12365417820842373, 534.4004990254036, 0.8523269400946181, 10907.595324656635, 554.709992451136, 10.628974087372885, 2.7834153483793047, 0.1284774883650731, 539.7920861675038]}