{"obs_size": 14240282, "obs_mean": [5226.322999105991, 562.2703929599146, 2.160552368274729, 0.06734397508385931, 0.10238262543726266, 631.4471217448784, 0.5664142898294036, 5230.550765947855, 562.5709285111067, 2.0697149115445894, 0.06733588517356119, 0.10239761540888083, 632.2584949346747, 0.5655685463251676, 5230.977009446293, 562.9568338604532, 1.9889134217988096, 0.06732735032277667, 0.10239845015702699, 633.2523490045664, 0.5664303517304361, 5231.96013299299, 563.2958145070443, 1.8860983932762005, 0.0667156013564286, 0.10240385709967073, 634.3728467712416, 0.5661847629141379, 5234.864721001831, 563.6693966453754, 1.7654361058299266, 0.06670591483842285, 0.1024034361094129, 635.4463487251105, 0.5659669697552667, 5234.144382100615, 564.0548019343997, 1.6184747605419612, 0.06639454297268299, 0.10241806062520496, 636.6212095265095, 0.5663517778651117, 5236.3848516696935, 564.5129571872244, 1.4319646198017708, 0.06608170820543606, 0.10244155758579823, 637.9472655095326, 0.5657653651803026, 5236.287569965488, 565.0667179905565, 1.2543870971094533, 0.06546787204278119, 0.10240587658720458, 639.800172024495, 0.5669940531374695, 5257.8178086541875, 565.5862937264866, 1.0431747067930255, 0.06394939439198663, 0.10250173025604428, 666.3717051273727], "obs_std": [10998.003741534827, 556.6787513993332, 21.2634141978323, 4.408221201230347, 0.1562373381400003, 532.1158216146874, 0.8805845312197841, 11001.149201694761, 556.7061751130486, 20.695816033662165, 4.408220527170292, 0.15480456234204978, 532.0027331856302, 0.8777272039891352, 11006.43712616592, 556.7369593666873, 20.054199414355573, 4.40821987452845, 0.15441436827902266, 531.9421081828878, 0.8748873206937071, 11002.393515235552, 556.7820182552584, 19.293923734919176, 4.1038637763495975, 0.15357405721646672, 531.8274871280154, 0.8728711990280366, 11008.196752399483, 556.7897085645134, 18.302540660155522, 4.103863330101098, 0.15371694365026997, 531.5813113253239, 0.8722987482507979, 11003.169777210729, 556.8070541771046, 16.892526344454367, 3.9428842871749796, 0.15382889390551271, 531.0611574803432, 0.8681297707686424, 11004.842002921287, 556.8866332003512, 15.053488004246178, 3.7750465983608064, 0.15380351935463019, 530.5707277526296, 0.8622389739855425, 11004.26206125105, 556.959610208748, 12.81814925213217, 3.4147135961605497, 0.1518738500141921, 530.5001157616242, 0.8621844894959849, 11011.98695986303, 557.0858165657655, 9.827616332572186, 2.276731164484662, 0.15145790984970098, 555.1572817399333]}