{"obs_size": 14264008, "obs_mean": [5252.892706303227, 570.3694139122749, 2.452432794485253, 0.06311661884605804, 0.09853919567922304, 635.653162730324, 0.5439714350973858, 5260.730480826166, 570.5836463355881, 2.3522029011761636, 0.06310922079222918, 0.09861916811481092, 636.7685511911786, 0.5441907168728839, 5256.203438659414, 570.9379130325782, 2.2307214774416844, 0.06310107501861495, 0.09859646668005333, 637.7845045299082, 0.5436227661959053, 5261.680848102989, 571.3127444964977, 2.0798770583976114, 0.063092764634535, 0.09856409667528214, 638.9559290583607, 0.5435756513877795, 5261.247754332747, 571.8125605369823, 1.8978030578782625, 0.06308342742741899, 0.0985394045975722, 640.4074275375697, 0.543305280605604, 5257.0657131370435, 572.3290223897799, 1.7148436820843063, 0.06307417437603258, 0.09855211020072442, 642.1711126913232, 0.5440642902752574, 5268.130529488038, 572.950404612785, 1.5075796368033445, 0.06306471929699721, 0.09857099424979351, 644.20276936319, 0.5437775426093859, 5262.884696353374, 573.7640999640493, 1.2855757652407374, 0.0627532639510663, 0.09853465705809988, 647.2566113644878, 0.5449202603504227, 5318.686164603049, 574.3696532559431, 1.0505071926487983, 0.06274252237415458, 0.0986055526793744, 666.0838392320906], "obs_std": [10969.491470431132, 557.9703197285578, 23.69359845752808, 1.608857811565001, 0.11477691860414696, 533.9456457301366, 0.8007540221199967, 10983.910394256367, 557.9785688229819, 23.067790894358676, 1.6088568958105176, 0.11419781426871246, 533.8494671363425, 0.8005842516291278, 10982.007442694325, 557.9824504689092, 22.23932015853972, 1.608856071494483, 0.11389090163688724, 533.2916118635269, 0.8004137045040098, 10987.100736411372, 557.8768598077953, 21.084807690266828, 1.608855346592794, 0.11266035982553356, 532.9245970650361, 0.7952815635303597, 10988.563379658852, 557.959174137235, 19.602114399450798, 1.6088543412971328, 0.11321072505293343, 532.0738529922537, 0.788499781638253, 10973.18816440029, 558.0272766188226, 17.94128059317658, 1.6088535633911565, 0.1122641240173134, 531.5207171393156, 0.7906748994303037, 10981.863581677579, 558.157533756654, 15.977953254267144, 1.6088527470303737, 0.11083676971702408, 531.4775263442294, 0.7824497274476447, 10972.747773148396, 558.5647655924124, 13.574352530091536, 1.1380715078220405, 0.11020547927170565, 532.007849316761, 0.7829105673914233, 10999.525968999034, 558.960243649185, 10.308626524754835, 1.1380699997118546, 0.11090627844380141, 546.0120805793359]}