{"obs_size": 14289583, "obs_mean": [5159.07999325222, 558.9014881679892, 2.786702942976013, 0.071320014324638, 0.10273526557625888, 623.6902812001842, 0.5652962290782189, 5163.996627100632, 559.2825013158185, 2.6418861908006694, 0.07100916422824274, 0.10274567739352396, 624.9792263468664, 0.5657408004838532, 5164.904485169883, 559.6720746154734, 2.462480955532432, 0.07039779173738699, 0.10275477046174195, 626.3113710995856, 0.5651456141162747, 5166.42502898897, 560.1546262056772, 2.289010952943833, 0.07008706631481876, 0.10271002463199935, 627.7701461645137, 0.5661288857064931, 5166.79463415361, 560.6215501879935, 2.08424234633019, 0.06887426347725527, 0.10280760369788289, 629.8456206046061, 0.565863399582782, 5169.506568747083, 561.1627183942318, 1.8758007843895794, 0.06826174883011683, 0.10285562485686234, 632.3096920986003, 0.568126769409607, 5173.559244480393, 561.6810187533114, 1.6478747490392127, 0.06765009565045517, 0.10304579458301792, 635.5743525036395, 0.5730065857065537, 5176.55541687298, 562.1938472942142, 1.3969625985586844, 0.06733741180271771, 0.1035102040214191, 642.0894830309591, 0.5924669959228688, 5192.300248477146, 559.7580102232514, 1.1660861622064127, 0.06551965910951388, 0.10534308462920244, 656.1038128261215], "obs_std": [10879.637285670942, 555.6311013408971, 25.437464777290877, 6.012223485686452, 0.15970719573797548, 530.8750590311056, 0.9018193168216424, 10888.798237768604, 555.5932477414414, 24.44665744077131, 5.903892555591317, 0.15834142238054874, 530.5603479333176, 0.9005553186185306, 10892.5922939363, 555.567506489162, 23.285916108781652, 5.6810369135887875, 0.15876307437372184, 530.3389180090695, 0.8914725237387042, 10886.234528009983, 555.6398299690298, 21.983961402130248, 5.566264040309437, 0.15745590985611077, 529.9031591769646, 0.8936207694671324, 10889.795521118787, 555.6046986568374, 20.424531556959344, 5.081315723054064, 0.15849665993034698, 530.0932983971464, 0.8835803604663316, 10891.626877958026, 555.6451013933402, 18.658162455807588, 4.8205812211307535, 0.1571999256542272, 530.3834436417449, 0.8839413331323082, 10890.530856946494, 555.6233290797821, 16.568869539099644, 4.5449137812197655, 0.15749775602702207, 531.6712437240528, 0.8966701642118627, 10899.266151291708, 555.7827596181836, 13.983877779071971, 4.400608592845723, 0.1611754722954404, 536.1410696162241, 0.9525534772572466, 10911.16280630946, 554.2487762302194, 10.661148367277171, 3.4088200659982304, 0.1763846453895704, 549.1474657703981]}