{"obs_size": 14251917, "obs_mean": [5218.594096230029, 558.7399389148842, 2.352508648485674, 0.0640952043575689, 0.0995090254769935, 628.9390269315111, 0.5598901205360688, 5217.157094539811, 559.032108382332, 2.2720491566152115, 0.06378675235774317, 0.09949482697555738, 629.8759132546132, 0.560345259728919, 5223.098202117817, 559.3476983482293, 2.1693551821835615, 0.06347795562913465, 0.09951904208556715, 630.9362976298553, 0.5601983693842726, 5220.106975336649, 559.6993365173261, 2.0468355941169176, 0.06346924223289464, 0.09949124059794945, 632.2148183094682, 0.5605151217201113, 5224.8010000234935, 560.1433808518533, 1.8999439864826604, 0.06346044581070102, 0.099508099448516, 633.5918320177775, 0.5609600555490171, 5225.865475638187, 560.5132955798157, 1.7148986343381034, 0.06345128288040892, 0.09948505426519066, 635.1224753832529, 0.560828769350816, 5226.817422820554, 561.0132092405536, 1.537648865061451, 0.06344194896890765, 0.09947510556390353, 636.8059579428179, 0.5617477276916506, 5233.243857614503, 561.5720813557923, 1.3302379602687835, 0.06283010944156643, 0.09952235881299422, 638.6855805580365, 0.5615617421151073, 5232.187998483181, 562.0788879839813, 1.1122936654767215, 0.06282018512654254, 0.09950870851808846, 652.0132223972843], "obs_std": [10967.558606235185, 557.9571357878059, 22.457634409014915, 2.5443232693439253, 0.11762787983852746, 525.7895594527525, 0.7922415365051276, 10960.515873598246, 558.0342154171506, 21.888621089042175, 2.2758036102967436, 0.11696151374470577, 525.8227992748921, 0.789941200824264, 10973.191351840964, 557.9217222283096, 21.180561033397442, 1.9710361243382541, 0.11616990776998273, 525.5550646668466, 0.7874871105461962, 10958.977156304332, 558.077178001113, 20.274599338987, 1.9710348314784554, 0.11457583774215704, 525.5389008529982, 0.7886436298078823, 10972.069135966463, 558.0698632733018, 18.946805034974865, 1.9710336518117915, 0.11458941428705403, 525.4744719857398, 0.7894415958393697, 10971.297397704267, 557.9728192616825, 17.319973167552337, 1.9710324685363974, 0.11285997456715315, 525.3467502186854, 0.7887578212745038, 10970.661372975168, 558.012150671535, 15.44188465900568, 1.9710316607127187, 0.11053164360096365, 525.0530008689682, 0.7847153046426467, 10984.635124153836, 558.0212498318087, 13.09325900012342, 1.1385831667280553, 0.10981564996303153, 524.9553116186374, 0.7817971775082637, 10972.37319695675, 557.9849522701745, 9.960556654957252, 1.1385811973694222, 0.10946247018550204, 527.4015398076845]}