{"obs_size": 14240282, "obs_mean": [5256.246643866066, 565.9136512184239, 2.148977176154236, 0.06364931528934144, 0.09986322850727249, 627.5210189173241, 0.5369745835089399, 5257.0217222880465, 566.2352179542511, 2.0684162013083736, 0.0636430625752449, 0.09985435150764688, 628.345643060159, 0.5370859808815479, 5260.705379494531, 566.5505902902767, 1.9774696175258324, 0.06363645015837001, 0.09988461615507375, 629.324741180415, 0.5374968522392993, 5259.303779041476, 566.8762273808904, 1.879151058946726, 0.06362933376861027, 0.09992308806061649, 630.5034028488054, 0.5375237495296682, 5262.991764413144, 567.1838088599649, 1.7578531099313903, 0.06362173206304009, 0.09988094207706044, 631.7207598374745, 0.5378037939838447, 5263.374693782366, 567.5713598227899, 1.601750653533406, 0.06361380549171224, 0.09986969139796609, 633.1954529960799, 0.5378370143933897, 5264.74141274603, 567.9707955923908, 1.4223143193372154, 0.06360488723538842, 0.09984795536120698, 634.6766932543862, 0.5380246141895151, 5266.768775847409, 568.4686440900538, 1.2294694023615544, 0.06359564863533827, 0.09985973691665621, 636.3912926124174, 0.5382061806079322, 5270.006570276648, 569.0356533669768, 1.0194937150823278, 0.06298367586359076, 0.0998951669723257, 647.1993097645556], "obs_std": [10960.695311440782, 555.1924628658546, 21.42607061382455, 1.971832879011834, 0.11723534139621392, 523.2646552671895, 0.7579573548561735, 10961.4424606103, 555.2168942903855, 20.86265251433586, 1.9718322593686435, 0.11654863243802903, 523.0819643823631, 0.7581316372600875, 10968.161071799164, 555.1717167459649, 20.217536436979604, 1.9718316744500501, 0.11582822159248352, 522.9108557111225, 0.7550960126311743, 10962.941863434238, 555.1595883844974, 19.465080633779838, 1.9718311173096208, 0.11582454891653869, 522.9188623100041, 0.754159644694935, 10969.29488054867, 555.0762306186249, 18.46911107687902, 1.9718304901962318, 0.11473751310548769, 522.851583367171, 0.7571962473834208, 10965.772383946094, 555.0408461028211, 17.054603059396612, 1.971829930805664, 0.11382281584330223, 522.7100039658253, 0.7537376072551473, 10969.747756185367, 555.0371711479195, 15.204121024493405, 1.9718292792743157, 0.11263099965795431, 522.4368956607399, 0.7517266664053223, 10967.966983483986, 555.0091478643074, 12.92694193551811, 1.971828510419772, 0.11169458509531688, 522.1467321800258, 0.7472578958389954, 10971.76475011275, 555.0332492469636, 9.883999863688242, 1.1390357086543454, 0.10971622531336725, 521.5805376705229]}