{"obs_size": 14251917, "obs_mean": [5276.431662471296, 568.9887609505444, 2.2956668215230276, 0.06285012818683386, 0.09785620904471976, 636.7100654146388, 0.5394634236222777, 5270.79714889287, 569.2398646441738, 2.2095305494692394, 0.06284319730595649, 0.09784723075485248, 637.764011228567, 0.5395977766359847, 5275.927991861237, 569.5665755701497, 2.1046614290554735, 0.06283573124598713, 0.09785202799504135, 638.9152553753523, 0.5396989247131175, 5276.1246679138185, 569.9592270990632, 1.9783810135857511, 0.06282775776494587, 0.09784539369138984, 640.19806030491, 0.5396411089119125, 5277.915531678147, 570.4910612375867, 1.8249729492530722, 0.06281966736945728, 0.09782539173558176, 641.5486054250306, 0.539792377895587, 5289.3214392385535, 570.9633327221875, 1.6409298482442747, 0.0628109691326517, 0.09779036201557975, 643.102971111277, 0.5398139843924502, 5280.540618390051, 571.6183798993499, 1.4534028650321216, 0.06280175153006524, 0.09778605184249914, 645.0299823694271, 0.5404215156459704, 5291.911016282392, 572.35149973158, 1.2433013748255761, 0.06249125328811024, 0.0977970827424139, 647.4105945473801, 0.5406534684422093, 5317.148049449147, 573.0066565781992, 1.0189954796958192, 0.062481399489073816, 0.09775334885419197, 664.6618840896947], "obs_std": [11000.815931951796, 555.4003996428498, 22.64868276370046, 1.6095296650525668, 0.11327647503801055, 530.8805710530505, 0.7686019676162678, 10991.532423396175, 555.418975887486, 22.065392236641348, 1.6095287677884678, 0.11241872653907185, 531.0383281543258, 0.7656250525436972, 11004.273448570153, 555.2690919691815, 21.344954628847095, 1.60952793664093, 0.11117884190356879, 530.7226303983877, 0.7641651234192145, 10989.249961339832, 555.4388528926384, 20.41767621727599, 1.6095271369257937, 0.11000772296226338, 530.3989846605409, 0.7640918617459336, 11003.137961462588, 555.4971915069983, 19.068807417535677, 1.6095264406061702, 0.10976644405057168, 530.0176471751417, 0.763910409555771, 11008.063520297617, 555.5535244985952, 17.42118474374132, 1.6095256131606124, 0.10816563522453054, 529.669910591034, 0.7623718639319031, 10994.794829179933, 555.7489715515336, 15.503023422693346, 1.609524888586958, 0.1057641285529636, 529.4236894836805, 0.7576603885020047, 11004.54254875288, 556.0163292757612, 13.107339328058544, 1.138540154711918, 0.105073727909585, 529.5831492438363, 0.7555910294403163, 11010.447807728195, 556.3159838741259, 9.893655309037014, 1.1385389696016284, 0.10469039339285292, 537.9971919810042]}