{"obs_size": 14251917, "obs_mean": [5209.419059923871, 558.9808539440694, 2.3619971264216595, 0.06462247312625541, 0.09993821781680347, 631.3786585674055, 0.5627914030793258, 5206.969486224145, 559.2728919204343, 2.2812392185556507, 0.06431385232548859, 0.09990786011201161, 632.3428177428069, 0.5635204299183061, 5213.74952282239, 559.5831651278913, 2.1790092518781856, 0.06400492725344371, 0.09996069013543969, 633.4086455991386, 0.5632404804209888, 5210.448715059052, 559.9377011527642, 2.056495838419491, 0.06399633062023283, 0.09993840478484417, 634.6624379595122, 0.5634281548229603, 5215.121369613113, 560.3614962113519, 1.9100468379095947, 0.06398754283175494, 0.09993965426328243, 636.0730154153509, 0.5639417897957123, 5215.9524456794825, 560.7420898535966, 1.7247333814812422, 0.06397829831349117, 0.09990321547774939, 637.6623496972862, 0.5638214141297616, 5217.013012440676, 561.2176508605827, 1.547626259681417, 0.0639687461467194, 0.0998950813778939, 639.3803870181025, 0.5650039854287677, 5223.394717096537, 561.7498632640086, 1.340057902386044, 0.06335672549132348, 0.09997298754392157, 641.2691524244261, 0.5646166823733182, 5222.03836247857, 562.2284996467492, 1.1224937669788562, 0.0630453842367399, 0.09994793375557745, 656.0725856191365], "obs_std": [10954.308312397972, 558.7338603228073, 22.463575929964897, 3.0103421891093407, 0.11952082892414784, 528.6267877685065, 0.8043140984138579, 10943.667771453764, 558.8373947867505, 21.89505680035164, 2.787088364311545, 0.11877082830970355, 528.6764320478678, 0.8011509060033265, 10959.104716568398, 558.728381112638, 21.187583316174987, 2.5443197709356062, 0.11842529437153772, 528.42619921916, 0.799708860678206, 10944.385028391214, 558.8813536078442, 20.280816504664067, 2.544318900139692, 0.11713958722894191, 528.403218994637, 0.8003494790090614, 10956.883455763691, 558.8580119042347, 18.954753293035093, 2.544318024479108, 0.11708186381761039, 528.3676454090925, 0.8014998795227767, 10956.58454413644, 558.7849346381124, 17.32788954175478, 2.5443170977022134, 0.11536988750791677, 528.3481093413117, 0.7997135226583806, 10955.712904778351, 558.7931022875532, 15.452096437149208, 2.544316443218756, 0.11240961212242603, 528.1415557359256, 0.7965094683072655, 10970.611427369127, 558.7886917866969, 13.105062050067435, 1.971028530658113, 0.11274411573547537, 528.1306737529126, 0.793562474833307, 10957.849213585014, 558.7405076975525, 9.97705009253383, 1.6095506891670543, 0.11247062633727688, 532.9206412076564]}