{"obs_size": 14240282, "obs_mean": [5237.21789196415, 560.2583347717411, 2.1808106047338103, 0.06480964202809457, 0.09905167021790692, 631.0102646233685, 0.5593203192886201, 5236.986403884426, 560.5748091224598, 2.095375850000724, 0.06480342901679323, 0.09904866863416147, 631.813480052432, 0.5591112470946782, 5240.923975519853, 560.877081226341, 2.0100058411764596, 0.06449527037997638, 0.09904807072191434, 632.7735701936805, 0.5597667126254909, 5239.887643847245, 561.2264847704562, 1.9123739263028638, 0.06448795290051912, 0.09909154689317315, 633.971677655349, 0.5597801431881659, 5243.2295927021705, 561.522330456658, 1.7917430989077323, 0.06448027716137295, 0.09907087666445118, 635.1841551524465, 0.559989816423573, 5244.242792700813, 561.9116436739102, 1.644832735756216, 0.06417045629687027, 0.0990667274575047, 636.6108957676021, 0.560014263692247, 5245.1561371295375, 562.3229240825428, 1.463270039174786, 0.06385979765015258, 0.09903075135443228, 638.037138370009, 0.5601125072523132, 5247.867492720766, 562.7967285338871, 1.2827486141075015, 0.06385062195349156, 0.09904113174563467, 639.7704331363675, 0.5606133063937865, 5249.288968250512, 563.333799007632, 1.0781103913532049, 0.06293724275692746, 0.09907606303758633, 652.9938762117654], "obs_std": [10985.018038292128, 559.7727391454608, 21.174563361562825, 3.2194510921170085, 0.11486493361374085, 526.6623377659542, 0.7902171425490834, 10982.807919298855, 559.8118787471568, 20.610425076410746, 3.2194507439924895, 0.11409886998679941, 526.5042148804247, 0.7893675465816186, 10990.622959415372, 559.7974811068729, 19.969645438428195, 3.011562420086726, 0.11294619152091681, 526.3349675169368, 0.7867371028239307, 10985.840336066703, 559.8288794630587, 19.222803780261852, 3.0115620417957794, 0.11347100864877425, 526.425339877335, 0.7858241463403618, 10990.868636710415, 559.7620338110117, 18.236787619508565, 3.0115614919150184, 0.11224004341689213, 526.4313695369966, 0.7892709759310096, 10988.891531551883, 559.7642815760086, 16.835960180747396, 2.788215763564666, 0.1114688221580613, 526.293926036384, 0.7843733177514366, 10991.42389620971, 559.7820678263888, 15.007171736817169, 2.5453468656789413, 0.10976082795856676, 526.0199809906098, 0.7819452514753359, 10991.61244483716, 559.7814425688005, 12.780544451967444, 2.54534621644769, 0.10870115330454341, 525.8589564483863, 0.7784578553670063, 10992.890334004625, 559.8339514712055, 9.82490519298098, 1.6101953860026856, 0.10702462398071845, 527.648792170099]}