{"obs_size": 14264008, "obs_mean": [5186.352396330225, 557.2442092012287, 2.4999181856880623, 0.0637312012179975, 0.09945867539418099, 627.6779986890549, 0.5596149805159949, 5188.210427939955, 557.5480531839298, 2.402606125851865, 0.06372414626037276, 0.09951210287417216, 628.7715282881724, 0.5598425627635637, 5189.297027453623, 557.8712226605593, 2.2826116614628935, 0.06371589146831153, 0.09947458704166572, 629.9304257882725, 0.5597807229216373, 5191.170537199911, 558.2689223113166, 2.1375661735467335, 0.06340650538026399, 0.09943709402055848, 631.3347967889443, 0.5600762186196149, 5195.019497631872, 558.68202338361, 1.957774490872411, 0.06339731850158299, 0.0994304936845946, 632.8703420372419, 0.5599580397739536, 5193.3802971606, 559.1152686538032, 1.7815147748094364, 0.06338818353706245, 0.09943799412220004, 634.6726753229955, 0.5609425026962953, 5198.124371088568, 559.5920638855504, 1.579238317869704, 0.06337936501712041, 0.09948225938319799, 636.4809660172191, 0.5607836302391352, 5200.910263445417, 560.1602031490727, 1.3621360840515513, 0.06276761380687153, 0.0994659562791887, 638.746114763534, 0.5615036791903035, 5203.5923058742965, 560.6500841839123, 1.1349900392652612, 0.06275783462075489, 0.09952540379520403, 650.5884195738871], "obs_std": [10900.471214514362, 557.4203188012456, 23.420843445810156, 2.2748322529174088, 0.11545281572196361, 525.9974925286627, 0.7920307613587153, 10905.224202810961, 557.5180617631129, 22.80337258321994, 2.274831711242862, 0.11500073445672165, 525.9856924013482, 0.7930294807877225, 10903.829211791257, 557.5457763111258, 21.980719835773357, 2.2748307359407396, 0.11423922159155898, 525.8711129139703, 0.7944974015161834, 10908.425810547618, 557.449718470537, 20.842726722468544, 1.97019110406494, 0.11306448914822648, 526.0340788830612, 0.7908280177264159, 10913.040343729788, 557.4294368639024, 19.377526203431223, 1.9701899712766864, 0.1125945707944829, 525.6662453872939, 0.7868752026189587, 10906.096342013012, 557.3774216040742, 17.74058426777462, 1.9701892053271106, 0.1118902210224706, 525.5012483249964, 0.7894108071636302, 10913.644755370287, 557.3201803850047, 15.814878945744491, 1.9701886555373451, 0.11118899485887798, 525.4050585061261, 0.7843311439431078, 10916.09732755798, 557.3951973010487, 13.44912109216656, 1.1380877732567685, 0.11065387710749307, 525.4766270507437, 0.7834483958546895, 10916.46687434221, 557.33154126534, 10.29446292482529, 1.1380866934923124, 0.10993087745490585, 527.1721669166348]}