{"obs_size": 14240282, "obs_mean": [5293.328551191602, 571.9803253194002, 2.128913247644955, 0.06322250316616748, 0.09801203530084561, 641.7538418731259, 0.5425373034045733, 5296.685531475535, 572.2190815462783, 2.0432834827287834, 0.0632159447933066, 0.09803877125670786, 642.4272565499764, 0.5419649346832263, 5293.358424166351, 572.5691038983639, 1.9556213844641557, 0.0632092846183887, 0.09805036500260371, 643.360485008192, 0.5426431731478877, 5298.699441234543, 572.8916081156259, 1.8549334907833988, 0.06320136823492101, 0.09807706022563363, 644.3892262154126, 0.5424890577307859, 5296.258298746758, 573.2907838482412, 1.7338556919027306, 0.06319341853680407, 0.09806412502168237, 645.3142416299465, 0.5421231524067183, 5297.522270351289, 573.736467016594, 1.5804450361306046, 0.06318508558644528, 0.09804505809196812, 646.3022014780736, 0.5418269912773351, 5300.2048661317685, 574.281690348548, 1.3970335699812686, 0.06317574808505312, 0.09800123798489381, 647.6120684112816, 0.5416355659951615, 5294.041026992199, 574.9683395314784, 1.2097985840448946, 0.06316629705472945, 0.09801114487507974, 649.6319021323692, 0.5419711299257078, 5360.108592339191, 575.6070815170655, 1.0001776650209595, 0.062554088901618, 0.09799609099826852, 670.2500955644431], "obs_std": [11034.04463491494, 557.6968679974204, 21.382852869886058, 1.971819674742872, 0.1135164047152922, 536.7865345850977, 0.7866122936223782, 11048.042674808386, 557.6613229482073, 20.812561270506954, 1.9718190078030404, 0.11302785284329114, 536.0392756250657, 0.7845438540144308, 11049.08317877275, 557.6441674090352, 20.16741106594044, 1.9718184392888496, 0.11277727717894534, 535.5770716472197, 0.7829292756020616, 11046.467564190212, 557.6760040078209, 19.411923861769424, 1.971817697933603, 0.11258630824711822, 535.1705300476588, 0.7815063446323847, 11048.188750921678, 557.7045111003747, 18.41542878137732, 1.9718169946833635, 0.1118646303011376, 534.4885813780869, 0.7811468937967623, 11041.214099183679, 557.8165167364625, 16.988975319700085, 1.9718163745087511, 0.11035266403573218, 533.4569956810818, 0.7758559964591003, 11041.165415959287, 557.9932692635051, 15.133365651272454, 1.9718155802985788, 0.10918796870030789, 532.6643391413727, 0.7716514540576548, 11028.557610335703, 558.2256089814574, 12.8652143890431, 1.971814858127509, 0.10854284474205178, 532.399229974396, 0.7679430072130482, 11069.75655139357, 558.6196074172738, 9.843578957369887, 1.139011953621548, 0.10613624432708592, 547.7047211154149]}