{"obs_size": 14276570, "obs_mean": [5179.186790089433, 557.4154507700378, 2.652522489645622, 0.06466535881035153, 0.0996110705071316, 626.0310609982695, 0.5595293279127913, 5181.09017371504, 557.7831430098406, 2.535265963743392, 0.06465795314491504, 0.09957814848916816, 627.3073031476006, 0.5597889245105756, 5182.2752418045575, 558.2099341788679, 2.393253561604783, 0.06464943494803725, 0.09958277219843437, 628.5824376832774, 0.5599539080465398, 5184.889114225753, 558.615594011727, 2.215014670890837, 0.06434004095858464, 0.09956206740946863, 630.1563338771113, 0.5598418937461864, 5183.944233622137, 559.0435284525624, 2.0393413123740505, 0.0643309754493622, 0.09957373569905145, 631.8018562203667, 0.560673094938068, 5188.873172742561, 559.6100473012775, 1.8389932595854606, 0.06402069761624116, 0.09960128413015223, 633.6843326328353, 0.5609172778895821, 5190.853302798921, 560.1629162326805, 1.627321268343867, 0.0637101714722165, 0.09958598774019266, 635.7809592423998, 0.5614867644679364, 5195.220340170743, 560.6227242958217, 1.403121968371955, 0.06339955110976207, 0.09961428349274451, 638.2954524737163, 0.5630938675045936, 5197.387479104759, 561.0609092380032, 1.1535798164405033, 0.0633883305631603, 0.0997316511785396, 648.4668133949494], "obs_std": [10896.16682314138, 558.5931925765468, 24.351600690835664, 3.007737722242129, 0.1194283747180707, 526.4618444675727, 0.793759623160197, 10897.357056485214, 558.5587304130303, 23.60919643621267, 3.0077373760470816, 0.1181335996561952, 526.4036653521331, 0.7949615213922835, 10895.86409634158, 558.6507447101351, 22.560860287945207, 3.00773685245976, 0.1179000941660329, 526.0785232997907, 0.7960622694534817, 10898.861446534203, 558.7174250190025, 21.29821801802247, 2.7846755123245517, 0.11693620947991372, 525.9521309415858, 0.7890855485980615, 10895.976588595488, 558.6838119818024, 19.82346659767943, 2.7846749773686836, 0.1161492162358918, 525.7176521213581, 0.791953722652276, 10903.482826039372, 558.7790322484458, 18.085984965096344, 2.542115414762616, 0.1146701710070061, 525.6509198259703, 0.792442399328526, 10904.206872786208, 558.8065249222402, 16.058632024482403, 2.2738267570436936, 0.1124337863789768, 525.5519068982794, 0.7882261858829537, 10913.19755625524, 558.7139894497166, 13.656021157821197, 1.9693212265211963, 0.11178086020310384, 525.8820301520642, 0.7926638589335104, 10910.295968319662, 558.5886527834249, 10.350793760759124, 1.9693196118694605, 0.11160173945883123, 527.1664553097714]}