{"obs_size": 14289583, "obs_mean": [5158.665052679821, 558.6932077024221, 2.7819044824471084, 0.07130676069526296, 0.10275256401155966, 624.1946979457722, 0.5660761078892432, 5165.013222241207, 559.0803594478577, 2.6376555564987445, 0.07099600938775465, 0.10275803713103476, 625.4185732696336, 0.566634992357749, 5164.625065246338, 559.468070761757, 2.458210711957095, 0.07038492690354269, 0.10281312274906869, 626.7295770991581, 0.5659605798853983, 5166.157040646556, 559.9557098342198, 2.285867824134546, 0.07007441094698892, 0.10276275236828118, 628.1848303519146, 0.567124421475453, 5166.860300147731, 560.4195643077898, 2.0805318111802142, 0.06916220735329423, 0.1028844079164526, 630.289637574543, 0.5667869394789486, 5168.977462751521, 560.9528795906781, 1.8729588540127449, 0.06915067576178456, 0.10292342461281073, 632.7579734317927, 0.5692244926951676, 5174.16483925406, 561.4506981764267, 1.6449569592058775, 0.06853847441840119, 0.1031386796192715, 636.0887393312089, 0.5743979727750228, 5176.939749266448, 561.9083700343109, 1.3948224381355285, 0.0676245187344597, 0.10362356274665299, 642.7546944368729, 0.5948574064757849, 5190.920629405922, 559.1763290083412, 1.164989559177479, 0.06520577126660074, 0.10547288468697848, 657.3142074410441], "obs_std": [10881.011733002719, 555.3034964411883, 25.423302453484194, 6.012223399237309, 0.1589380870656061, 531.6947246778185, 0.9078861889892207, 10888.379194824027, 555.2722242502523, 24.43357809368632, 5.903892460826911, 0.15795716382396344, 531.3139322801775, 0.9069147250347995, 10893.166659471606, 555.2464524361354, 23.272677973990508, 5.681036981063672, 0.15931120256332992, 531.0504692754389, 0.8977123616383786, 10885.747626498216, 555.3282466524204, 21.97415019183412, 5.5662642532415, 0.1569332124769712, 530.5668276419532, 0.9006153787764212, 10890.028496626588, 555.3040423897393, 20.419766696302872, 5.206789133027571, 0.15888522795638507, 530.8583187149983, 0.8876838480637207, 10892.72348221844, 555.3295417235606, 18.65442915797476, 5.206788746236692, 0.15722149017286768, 531.2914871384577, 0.8908020603742209, 10891.968610546794, 555.285447144417, 16.564825645990517, 4.952664526898535, 0.15813889792818564, 532.8543465357109, 0.9059373482636676, 10903.328261153403, 555.4111441292222, 13.984543510733033, 4.544913343676388, 0.16138311345296294, 537.8279099132803, 0.9609824524440962, 10911.70234318133, 553.7414942784084, 10.659976942274918, 3.2139027259896613, 0.1758201966651775, 552.027983046752]}