{"obs_size": 14251917, "obs_mean": [5203.542915951145, 560.8897863354101, 2.325832798493003, 0.06801552102711067, 0.10321000573866679, 626.9834990863326, 0.568526056599995, 5205.040382832653, 561.2120254419108, 2.249404202957398, 0.06800609532234399, 0.10319129981629914, 627.9139145042216, 0.5694077101347413, 5209.438975207499, 561.5317198381102, 2.1433546799353373, 0.06769594933854398, 0.1032551083887877, 628.864723332916, 0.5689656885456499, 5206.338724994232, 561.9403558131864, 2.018678189046428, 0.06768570894779508, 0.10324306498795999, 630.0005089694686, 0.5687222608720159, 5209.9934135686035, 562.38094082361, 1.8747306064159648, 0.0670726635085039, 0.10322787986072345, 631.1365679371627, 0.5696402627801084, 5209.898163393666, 562.7951620824061, 1.6827841475641487, 0.06645883510205162, 0.10326749076078687, 632.4987139837646, 0.5685957513645638, 5212.651750502226, 563.3196025489065, 1.5088063591725942, 0.06554396125090561, 0.10323027833090745, 634.1540811703582, 0.5703550575687805, 5217.485778141119, 563.8867486387971, 1.2936287799037842, 0.06432758205546144, 0.10333618216223192, 636.200630502686, 0.5699666947962384, 5232.399747506748, 564.4428654755707, 1.0769745571771152, 0.06341143235138959, 0.10339474440869863, 661.3308746209585], "obs_std": [10959.549184650446, 557.0278748076888, 22.56136454509522, 4.69096458238872, 0.16757692119370257, 530.314066073319, 0.9128441912730104, 10959.72926726223, 557.1490268062049, 21.988727080485106, 4.690963869156949, 0.16697891612789093, 530.4399756227159, 0.9108254674450319, 10970.11125817321, 557.0363916524319, 21.27405256562157, 4.550917080843961, 0.16685687517151132, 530.0561663531286, 0.9053212517987884, 10953.389709361927, 557.2422853061912, 20.36246595576306, 4.550916681190774, 0.16598105404691182, 529.7802797299356, 0.9055867821260376, 10967.653016904675, 557.2588902453597, 19.026866025898425, 4.2570236489548785, 0.16541083048658206, 529.4188129810061, 0.9044614165781084, 10961.748540361566, 557.21910304939, 17.387653071563626, 3.9412756824039974, 0.1657391798836612, 529.0093315019491, 0.8991048680555664, 10964.044866407383, 557.2842705622419, 15.498358976548518, 3.4133219223126736, 0.16395282370470982, 528.648218347454, 0.902764400719244, 10975.266774696944, 557.3315297006158, 13.127337080871607, 2.5443240194057024, 0.16408975452917765, 528.6948641060786, 0.8925976170501053, 10970.926897089905, 557.4187678183207, 9.95242887309256, 1.6095619885619996, 0.16460081929252293, 550.6220324749302]}