{"obs_size": 14289583, "obs_mean": [5221.522605311275, 569.0266179915817, 2.6941383104041594, 0.06513204184559584, 0.09791695530842236, 623.5991062242596, 0.5209196008028926, 5224.914840641126, 569.4456077549637, 2.5424897283566636, 0.06512420139923716, 0.09791099678591003, 625.013211288111, 0.5210725117030975, 5229.047573197899, 569.8354615386608, 2.3724692316073885, 0.06511626917420289, 0.0978992455158425, 626.4187826276417, 0.5212918470748936, 5228.043888395857, 570.3303530970778, 2.187127294057496, 0.06510787092997139, 0.097894338413024, 627.7947643082329, 0.5213522980341609, 5229.979753541585, 570.7937130145785, 1.9894197052496212, 0.06509872796407812, 0.09793678210560817, 629.7000658127448, 0.5214202114925177, 5233.0879825981365, 571.30406576595, 1.7756293518152348, 0.06508941523094941, 0.09788921270263813, 631.631432927937, 0.5217424862572886, 5235.267377628666, 571.8427078662827, 1.5445174292349888, 0.06477969309553164, 0.09788103813799127, 633.848727100947, 0.5223017283289478, 5242.098080362464, 572.4408547821163, 1.2975770531582342, 0.06446923437290807, 0.09789430160775171, 636.5493789473965, 0.5231458707367399, 5245.171294671565, 572.8901550871009, 1.0403294483820835, 0.06325713595834911, 0.0979337228761682, 640.9975928482077], "obs_std": [10816.316135630086, 552.8777614574666, 25.325520827629266, 3.40880673632366, 0.11444726354496111, 523.5499464442928, 0.7467216868896487, 10822.698652756324, 552.836270740163, 24.33164923801857, 3.4088063212806228, 0.11297213365125323, 523.3843884395211, 0.7454133272095536, 10830.3247946721, 552.8001070870307, 23.167128115729934, 3.40880598630627, 0.11280635035576635, 523.2966121704081, 0.7422547080548948, 10822.842568156784, 552.8384163048313, 21.853736387054905, 3.408805622876971, 0.11163978983349082, 522.7440349744768, 0.7408090735191514, 10826.089883661045, 552.7781513645417, 20.288631332233727, 3.408805179401493, 0.1115438707184491, 522.6712031477854, 0.7387478905013831, 10830.554181530322, 552.7346182041842, 18.509425881297894, 3.408804771445465, 0.10969590441987657, 522.4476440209612, 0.7368513893870884, 10827.126152055796, 552.612919719475, 16.406484832320903, 3.2138864185486815, 0.10813821281818292, 522.3283448222011, 0.7393701370400597, 10839.830526637741, 552.6258456487702, 13.795048299438777, 3.006356837245835, 0.10728489074529951, 522.1174851026352, 0.7358708016860812, 10841.239978852665, 552.5178013471415, 10.417753184311726, 1.9684117364380356, 0.10614892157713242, 521.4650598004644]}