{"obs_size": 328400380, "obs_mean": [5219.74877940312, 549.2317656240228, 2.440174983963173, 0.060771984275951936, 0.09163671556910466, 616.294095394823, 0.4974992523102444, 5220.797683896262, 549.5108466226499, 2.3042520413648737, 0.06059615089696488, 0.09163284328089968, 617.2879347255987, 0.4975364866158254, 5222.617919798634, 549.8459279188414, 2.1509669690394406, 0.06041996785274303, 0.09162903726685041, 618.4235210019021, 0.4975446615752058, 5224.454289936382, 550.2084904530265, 1.985090038568165, 0.060217354115977215, 0.09161260062348556, 619.6583596294648, 0.49766771420431066, 5226.264558001759, 550.5989947088367, 1.8069992336793277, 0.05997516221014553, 0.09160619714728076, 621.0164990207772, 0.49770563241662596, 5229.296022334412, 551.015040107444, 1.6133752829396848, 0.05973261217692078, 0.09159085657836889, 622.5025694078605, 0.4977639303319973, 5232.526596754894, 551.4607300667553, 1.4039610581449384, 0.05945061957638528, 0.09157819217986544, 624.0935587914282, 0.49793227548529057, 5235.418253203752, 551.9232282435235, 1.1804030525177829, 0.059128926313298864, 0.0915743934736976, 625.8078749683319, 0.4981507448494707, 5238.356608475431, 552.3977905598035, 0.945258422051765, 0.058793685111029136, 0.09157344429141924, 628.6863837711054], "obs_std": [10767.589580256586, 519.7366266719406, 24.143439409623355, 3.1800196901173883, 0.10129137780892009, 489.42616222089384, 0.7372739951579419, 10769.3502229762, 519.7226977220843, 23.20113604926922, 3.063056316644653, 0.10122558927172365, 489.2351302234097, 0.7354596608924049, 10772.130254262493, 519.7228768392175, 22.090451793930516, 2.9414457003909456, 0.10116059796571493, 489.07277199862233, 0.7327937511261786, 10772.128441991566, 519.7042726061931, 20.8255647717552, 2.794557580939771, 0.10074340156878298, 488.8959236413886, 0.7318014435450754, 10771.958175924115, 519.6737189213794, 19.35766539690999, 2.6073916395191192, 0.10044637055224716, 488.6652253906793, 0.7292320816642629, 10777.796323525907, 519.6667251348041, 17.644048881526583, 2.4057077731514287, 0.10014522089678625, 488.43560984245005, 0.7257941760200275, 10780.533345806016, 519.644956976215, 15.59178195455215, 2.146592286864819, 0.0998579330420073, 488.1016584635816, 0.7244025994919656, 10782.993104145886, 519.6591405714146, 13.085089887620239, 1.8054852369833048, 0.09951566117669836, 487.74442298413913, 0.722365889326102, 10782.542603666234, 519.6417376492392, 9.808196632002783, 1.3621764005700003, 0.09936007841389834, 486.6866893975837]}