{"obs_size": 14276570, "obs_mean": [5228.797799164998, 567.8836127305086, 2.603588046708698, 0.06648626255361731, 0.09975831822650694, 633.3095367713722, 0.5501947046104648, 5231.958023422353, 568.2170321022486, 2.485844499063851, 0.06617696010029679, 0.09977507761339076, 634.4078442737011, 0.5497296134856327, 5234.423958249145, 568.6774613930378, 2.3397022534124092, 0.06616798573614636, 0.09976551289595524, 635.5017228431353, 0.5496046115418957, 5240.867395051371, 569.1234432360154, 2.159164491190811, 0.06585756456299344, 0.09971534180289818, 636.9051315936491, 0.5492277154106799, 5242.868907680584, 569.7108371968897, 1.9803162804511167, 0.06554724078179112, 0.09971383691972273, 638.4398348312425, 0.550101649836101, 5243.811883919542, 570.4047843424576, 1.7745132759479343, 0.06523609069763209, 0.09974762918537218, 640.3305137378665, 0.5500958957228921, 5248.973520287806, 571.1342762302149, 1.5605296650385911, 0.06432235133670712, 0.0997477593309178, 642.939937806624, 0.5515959668184027, 5260.678976410917, 571.7992341297664, 1.3326173583710934, 0.06401038167333516, 0.09987559321797956, 646.5558474525772, 0.5551377872976943, 5291.902843118247, 572.3362431592462, 1.077742623053016, 0.06399745951381096, 0.10016789308013122, 664.0679169670736], "obs_std": [10957.099884884834, 558.7338037962545, 24.54204649084508, 4.098642640145956, 0.12855564431546282, 536.4697519159085, 0.838586237560001, 10964.418202416435, 558.6673457384634, 23.795727253790016, 3.937868811882752, 0.12834675115798785, 535.872925709659, 0.8368415660251586, 10969.535710297692, 558.7560883745278, 22.73578112275247, 3.9378683584823877, 0.12796997680823516, 535.1537370086268, 0.8385075344940193, 10971.967024971931, 558.8300257307994, 21.463828913057583, 3.77024460638954, 0.12741290964503207, 534.5962884624475, 0.8289339517251774, 10982.119671362196, 558.9247851381505, 19.96956384013707, 3.594813223975049, 0.1268318314612538, 534.0098904197357, 0.8341622530576198, 10973.681047306025, 559.122037317187, 18.218033834796294, 3.4103692836629453, 0.12469193226183725, 533.7361970466272, 0.8289456770972523, 10979.790579717548, 559.3560965205654, 16.162543248419993, 2.784678433635896, 0.12270097800897754, 534.0467608661994, 0.8268247932833761, 10995.275963425274, 559.5369243056124, 13.72855189795361, 2.5421194137049405, 0.12390204558523656, 535.9630045220891, 0.8374761741449855, 10988.345795671736, 559.7588551873044, 10.356119459170877, 2.5421181074787613, 0.1259684736383546, 550.2381879857487]}