{"obs_size": 14251917, "obs_mean": [5208.7078462866175, 560.3573075818501, 2.361729723797858, 0.06412441954812892, 0.10011409332190171, 635.101064536604, 0.5628574087963084, 5209.815077818037, 560.6629914417829, 2.2805409966953913, 0.06381561347909252, 0.10009175186348623, 636.027828551153, 0.5635711734077654, 5214.939568808997, 560.9668637559425, 2.1792830396079346, 0.06350673733843021, 0.10014129665391731, 637.0813061503234, 0.56304459891256, 5211.90720742935, 561.3518063569975, 2.056099540854749, 0.06349818013289775, 0.1000933246996885, 638.3931929026776, 0.5633647740160194, 5217.477573011955, 561.7634722402609, 1.9087733250200654, 0.06348935988275171, 0.10010158191406783, 639.8182735611861, 0.5638234983406105, 5216.8944863731385, 562.1423884941233, 1.724728048865286, 0.06347991054411185, 0.10007137098609224, 641.4105255813196, 0.5637791788290668, 5219.268104592181, 562.5935632378439, 1.5471626729232284, 0.06347027252369665, 0.10006508536984854, 643.1748767121312, 0.5650716888822808, 5224.67605762689, 563.1267753664297, 1.3409322409048552, 0.06285815926742462, 0.10013438496905437, 645.1100511645294, 0.5646312696741077, 5224.142141504599, 563.6018994497371, 1.123209179508974, 0.06284770265832412, 0.10012767703053478, 662.3086036079667], "obs_std": [10941.190764111472, 559.4396105055314, 22.469220097029254, 2.544324807211296, 0.12130132759278006, 532.7425130400637, 0.8077585828570162, 10941.576915548709, 559.5489638327995, 21.899488917086554, 2.275805226631363, 0.1204769852638811, 532.7588563152013, 0.8052431742856473, 10952.08570532961, 559.4521277489695, 21.19187228196396, 1.9710379935919629, 0.11986577962170165, 532.5302771851769, 0.8036504540629137, 10937.87098456082, 559.6378367142667, 20.284218545029994, 1.971036962972121, 0.11884104020802534, 532.5893576420226, 0.8038376065924445, 10952.760746171152, 559.5886001331336, 18.954293105749645, 1.9710359848114751, 0.11896587533301994, 532.6520260805822, 0.8038873388727985, 10948.021582751007, 559.5018172660617, 17.32972195240967, 1.9710347858811912, 0.11703780013671687, 532.6275948406344, 0.8036176684460158, 10951.389433420112, 559.4958319234354, 15.453963513562957, 1.9710339458503932, 0.11471191274295321, 532.4507833599432, 0.8001792326016364, 10963.927803564646, 559.4834679614282, 13.107987188029716, 1.1385873808584124, 0.1148716034174548, 532.5574283070403, 0.7973679037933296, 10952.90572403677, 559.4205730898693, 9.988768942648814, 1.1385850788267087, 0.11468790668318614, 542.5148506145348]}