{"obs_size": 14264008, "obs_mean": [5247.982663868868, 570.341665189756, 2.449684618797186, 0.06313788798016123, 0.09883591278398086, 637.4259367031569, 0.5464062646347763, 5255.677526881057, 570.5677775839722, 2.3501081883857613, 0.0631299845103932, 0.09891585724468267, 638.4339672232878, 0.5465139647987093, 5250.00652475742, 570.9813854563176, 2.2286575414147274, 0.06312177623085496, 0.09888099259464896, 639.5206773038816, 0.5459651367974894, 5258.360807125677, 571.4004132639296, 2.0778565884147007, 0.06311326711013664, 0.09884421367437542, 640.7324772979098, 0.5459647528941705, 5257.147209705554, 571.9483349981296, 1.895566449486007, 0.0631034465729496, 0.09881573874341683, 642.1043445892133, 0.5457214402852665, 5257.045118599145, 572.517919297297, 1.7133860973717905, 0.06309403456925469, 0.09884689364980848, 643.6240743310451, 0.5463988705699427, 5265.016615331937, 573.1556019878846, 1.5064594046778437, 0.06308425037760242, 0.09888084416392669, 645.3999766085852, 0.5458542303818532, 5262.233313834801, 573.9933694653002, 1.284913188495127, 0.06277269688618534, 0.09884136300961088, 648.3850724456462, 0.5470453664916972, 5316.193107053325, 574.61991440274, 1.0500475742862736, 0.06276159379145897, 0.09893265910086542, 668.1288705712504], "obs_std": [10982.541616318556, 559.8861663569542, 23.657402529189973, 1.6088685965918148, 0.11769343381854111, 537.1847203146604, 0.8096705386570331, 10985.129319091897, 559.9027899579498, 23.0275456873407, 1.6088672267395578, 0.11721947363275768, 536.887602426607, 0.8097518389504061, 10985.820973966727, 559.9712763347641, 22.198513390404205, 1.6088668480664743, 0.11683801467018319, 536.5199046168996, 0.8094737079974457, 10990.186907167395, 559.9208636530242, 21.03776461229633, 1.608866107812027, 0.11528172561060306, 536.3056987928909, 0.8042354088748301, 10995.749020523977, 560.0811457814366, 19.55070221246757, 1.6088648243675399, 0.11572115068480858, 535.370953313841, 0.7983460473090987, 10985.125014328947, 560.2113089040101, 17.891739617537326, 1.6088640608204963, 0.11543949211726687, 534.3579547372728, 0.8025600954506916, 10990.784502063283, 560.3782357299483, 15.94412315916228, 1.6088631770941588, 0.11480389604254544, 533.837669037777, 0.7911742534160096, 10986.463258293921, 560.8298410063617, 13.518993274685103, 1.1380869148948827, 0.11348417519303226, 534.4357380955934, 0.7925764366669946, 10999.406008720116, 561.2440074974321, 10.262340677780129, 1.138085093587495, 0.11399385339253225, 550.7694062605423]}