{"obs_size": 14240282, "obs_mean": [5287.877434627837, 572.4156985093413, 2.129598627330554, 0.0633395476175342, 0.09831069283803517, 639.996050826338, 0.5436867767787512, 5300.176230683743, 572.6495227411929, 2.0439912636561557, 0.06333283196801265, 0.09834838816317097, 640.6233647213827, 0.5430955127153057, 5294.738230379741, 572.9844984811398, 1.9561648428029723, 0.06332604794681135, 0.09835600558998796, 641.5343975196172, 0.5438704873962904, 5298.487351388758, 573.2604274269288, 1.8550595416579532, 0.06331817444339337, 0.09838726882817447, 642.5557866254267, 0.5436194816928861, 5297.640892011645, 573.6520380705944, 1.7345128418102955, 0.06331030135380145, 0.0983629828436691, 643.4941531080106, 0.5432734415653078, 5295.840702654474, 574.066792076168, 1.5813192463463857, 0.06330183348336169, 0.0983417417427556, 644.5227183051513, 0.5430294105131229, 5300.081509833911, 574.569045964118, 1.398316339521928, 0.06329246415528243, 0.0983076064296339, 645.923454258931, 0.5428439750701957, 5293.403741406375, 575.2471979136368, 1.2115596446755759, 0.06328297616986193, 0.09831099120143763, 648.0080188157787, 0.543224452718041, 5356.681569944304, 575.8629175321107, 1.0011949201567778, 0.06267066531218324, 0.09830559234297491, 669.4380287772361], "obs_std": [11025.149083132968, 558.8716974358382, 21.36620422359892, 1.9718224856588897, 0.1142193065802101, 535.1556045573523, 0.7927311794775752, 11043.440026968668, 558.8493000541832, 20.794492987709084, 1.9718217713318642, 0.11376186310619137, 534.3704813414953, 0.7888822238341755, 11047.90751640419, 558.8243160612944, 20.147950858651313, 1.9718211713474414, 0.11333771823079383, 533.9424330688039, 0.7883735380838353, 11043.630274200706, 558.8312140174642, 19.388665878891764, 1.9718204115873859, 0.1131280024819875, 533.4902268549515, 0.7854820789043687, 11046.914760840542, 558.8597191022745, 18.39200729224957, 1.9718197444368855, 0.11253886438792256, 532.7990864392483, 0.7868559606350838, 11036.223409095142, 558.9311308076212, 16.96714296417262, 1.9718190901462105, 0.11111205055890193, 531.858844824547, 0.7820175368885487, 11035.411649136337, 559.0921178612518, 15.103520199805915, 1.9718182737268142, 0.1105816562478474, 531.147665896391, 0.7775068606956326, 11026.126290874814, 559.32173618753, 12.838408259313775, 1.9718175550845853, 0.10963748226154353, 530.987796389993, 0.7739654312791201, 11061.521035121477, 559.71408785856, 9.815576663671187, 1.1390166581213703, 0.10745443268375153, 546.4735968980153]}