{"obs_size": 14240282, "obs_mean": [5220.450788614655, 561.1957990719565, 2.1723635810021173, 0.06674369611663056, 0.10339313107338743, 627.7709058748076, 0.5712402715761072, 5222.160315200979, 561.5031094889833, 2.0765967977319555, 0.06643304192565311, 0.10343372717373234, 628.5916219680666, 0.570008090570144, 5224.921776807873, 561.8881159095025, 1.9974206971463062, 0.06642399669810775, 0.10349046067002103, 629.5680783373616, 0.57115719941504, 5225.21794011741, 562.2072331854102, 1.896130497977498, 0.06641449471303464, 0.10354543172579068, 630.6816092270693, 0.5707229180574003, 5226.822683286616, 562.5765398466125, 1.774238670273524, 0.06610218349539171, 0.10347551881893953, 631.7792671006491, 0.5704938384647358, 5228.094897772846, 562.9801835385, 1.6293571293040405, 0.06548889989012313, 0.1034927144138732, 633.0179750921544, 0.5711428530699323, 5230.43012242562, 563.4296143152222, 1.4397366569004744, 0.0648741631210056, 0.10352645142034418, 634.3844124707131, 0.570336304505792, 5232.779274086705, 563.9987041689202, 1.2667457709053795, 0.06456096314849105, 0.10352753204669625, 636.172780470545, 0.5717489437358326, 5251.1321499239775, 564.5413250945452, 1.0527109645721904, 0.06334312370128005, 0.10362072236631287, 661.3602600033686], "obs_std": [10993.864465200168, 557.2701379185297, 21.269040702102075, 4.103866276488644, 0.16603562561025598, 529.6508889013091, 0.9401920639566059, 10996.547512755784, 557.3068139510169, 20.689687528997098, 3.9428871419766183, 0.16529812774167324, 529.583753692752, 0.9353472613844719, 11007.683914486517, 557.3362463633206, 20.047404592435683, 3.9428863655530733, 0.16591238964476673, 529.4986351058383, 0.9316814119203173, 10998.694520703328, 557.3671895886233, 19.29304337705708, 3.9428859830690404, 0.16683718042655643, 529.4642879414706, 0.9273363518857639, 11004.090127988318, 557.3574296646349, 18.301111856297943, 3.775048541079474, 0.16490566547279073, 529.2369221832263, 0.9263550409735062, 10999.539934917111, 557.3922932110487, 16.892609506307533, 3.414715544644685, 0.16480165520409426, 528.7871797699531, 0.9166733146986291, 11003.363390874314, 557.4735480391786, 15.057051576273835, 3.011572602285426, 0.16524386410906716, 528.3587388532374, 0.908057875302439, 11006.616104508175, 557.5662588196373, 12.825825937522326, 2.7882274025588756, 0.16397318821562343, 528.2239849340882, 0.901423244969622, 11019.018683238908, 557.7062749757122, 9.83657350527031, 1.6102162704521776, 0.16371274566768396, 548.2201294560402]}