{"obs_size": 14276570, "obs_mean": [5221.810171590173, 568.0180346539819, 2.6153696581181616, 0.06596897848951798, 0.09950570167470232, 632.6009951639696, 0.5485187617194168, 5226.653380596007, 568.3879347770508, 2.4969056993381464, 0.0656596972775742, 0.09949726000979246, 633.7555741831034, 0.548133259529459, 5229.497556191276, 568.8635693307286, 2.349463491580961, 0.06565081563625563, 0.0994848237608195, 634.8250856850051, 0.5479987930574769, 5232.608598372335, 569.3146127536237, 2.1679404086555802, 0.06534063854785119, 0.09946440182641933, 636.2162983088563, 0.5476434958817521, 5230.417854217929, 569.8959493771963, 1.9869501567953647, 0.06502983474070433, 0.0994633223385591, 637.6610842728113, 0.5483838230751882, 5235.702259015661, 570.5512962847519, 1.7800574647832077, 0.06471893945556234, 0.09949901861917897, 639.4075627478641, 0.5484215898497042, 5235.087151481527, 571.2500368786059, 1.5638903462106095, 0.06410658235340141, 0.09949283304960527, 641.8313390134978, 0.5496798932096896, 5237.875631052986, 571.892631423374, 1.33402525956865, 0.06379448270404547, 0.099611301418759, 645.4224017794214, 0.5530440389393739, 5279.4380489033865, 572.3961104102736, 1.0775781577787942, 0.06378141347999525, 0.09987007827202259, 662.5880790071607], "obs_std": [10950.532680618222, 558.4092043792741, 24.60850628024298, 3.7702452047125727, 0.12408218198578662, 535.1696090967909, 0.8314395851675404, 10958.20694421472, 558.3581706596377, 23.859535397200734, 3.5948137965578706, 0.12342201693630328, 534.6802997369915, 0.8305725477425699, 10967.995564790053, 558.4659953910972, 22.79429848680022, 3.594813297981226, 0.12308662572825513, 533.987296973473, 0.8314857459798288, 10958.262126836513, 558.567247620747, 21.51728407700708, 3.410369392967164, 0.1228386337465577, 533.488696470038, 0.8218116710279512, 10964.269940317448, 558.6734088492015, 20.009672242922534, 3.2153625026204353, 0.12224440690795296, 532.8257973506527, 0.8257147123080588, 10960.202592659785, 558.8620042989816, 18.251103670400894, 3.0077390029827655, 0.1202718754795864, 532.4239740075077, 0.821064537574389, 10954.792486940436, 559.0732821506763, 16.182068774449753, 2.542119525259065, 0.11789275661047084, 532.5106006312595, 0.817341438662885, 10959.992113637543, 559.2391968985783, 13.747284038532554, 2.2738310105450457, 0.11991333928334123, 534.2389620193347, 0.8273385705085637, 10960.927038215177, 559.4511031127724, 10.357710493953197, 2.2738293909541687, 0.1209772562621794, 548.6824555347124]}