{"obs_size": 14251917, "obs_mean": [5262.374824739131, 570.4583842299951, 2.2852574148446134, 0.06287031191664351, 0.0976838483035649, 642.2396244473405, 0.5404884208910757, 5266.499709121459, 570.7025609256635, 2.2008033024609945, 0.06286336504198789, 0.09767808251956626, 642.9630988158717, 0.5404745500553143, 5266.770600177766, 571.0377552016337, 2.0967528789284975, 0.06285569496272764, 0.09768513114411247, 643.9668053584198, 0.5404557680205926, 5273.608899056056, 571.4257407617515, 1.9709388568569404, 0.06284761535027963, 0.09767069974102502, 645.0327712479138, 0.5401129034782206, 5276.335054678831, 571.9763697753784, 1.8177534292404312, 0.06283955729872065, 0.09766957088713013, 646.0175238401002, 0.5400525744712602, 5272.811086922622, 572.4599988198079, 1.6327785939252943, 0.0628307210628655, 0.09764259273710325, 647.1836135002278, 0.5398348204666524, 5275.861985056497, 573.1087123227004, 1.447975805640743, 0.06282166086794565, 0.09763350444399835, 648.8194094528155, 0.5403669140088828, 5272.591183949474, 573.9082611132243, 1.2378244975746069, 0.06251121308544816, 0.0976459689427755, 651.2150801406291, 0.540259075673865, 5335.056755881696, 574.5436799835418, 1.0149083803954233, 0.06250109522305801, 0.097601026613542, 670.053512741616], "obs_std": [11002.4280919061, 555.8683580272796, 22.63888929367376, 1.6095340128505877, 0.11407859130589201, 538.3937300137133, 0.7770469844755781, 11007.515485933298, 555.8892403889013, 22.059608127491426, 1.6095330839934963, 0.1135207583798038, 537.7905426631014, 0.7739504124455475, 11013.546238815867, 555.7280865185264, 21.340229361300114, 1.6095321434452587, 0.11222799513385294, 537.2161565472685, 0.7734531935877084, 11006.093382905492, 555.8891302271669, 20.417616726715806, 1.6095312969450843, 0.11126666781910452, 536.6654915087505, 0.771410129111914, 11019.589738981673, 555.9514815123008, 19.062320033822008, 1.6095306189583372, 0.11111078691234844, 535.8264175395843, 0.7706144567571356, 11005.958141039877, 555.9781398172333, 17.410227327751556, 1.6095296806704849, 0.1093736649233582, 534.751797637795, 0.769323403295725, 11000.609876808003, 556.1760498883465, 15.501735974752465, 1.609529006718879, 0.10703185142206625, 534.1550124525239, 0.7640320311896441, 11004.37282147273, 556.4263789386861, 13.111921737871432, 1.1385460067680984, 0.10606382417117059, 534.2372236481349, 0.7603108461776037, 11024.57097933025, 556.7712597604896, 9.911877451000842, 1.1385446511626158, 0.10539549919691812, 547.8401389992232]}