{"obs_size": 14264008, "obs_mean": [5193.013327492215, 558.002702816768, 2.4928426147826057, 0.06334986956647269, 0.09928609449447855, 626.8239740389467, 0.5569932731389347, 5193.837070256804, 558.3128478335121, 2.3964225903406677, 0.0633429937561114, 0.09934276571760238, 627.9063252452878, 0.5573079712237934, 5195.29262264323, 558.6594777568829, 2.2768037567000805, 0.06333496236591589, 0.09930590254702677, 629.0367282721182, 0.5572880793392684, 5197.001990721671, 559.0634628079288, 2.1313710704592985, 0.06332679352501235, 0.09928123704305239, 630.4076777365259, 0.5575497811694912, 5200.708583962682, 559.4878620370937, 1.9522126600041168, 0.06331787495927678, 0.0992804661758465, 631.9309905831489, 0.5574669495418085, 5199.376724617783, 559.9251504205549, 1.7744462145562454, 0.06330893713499904, 0.09928173768550971, 633.6878842586143, 0.5582736184668412, 5203.828170403369, 560.4194611360286, 1.5723054838443724, 0.06330014262815348, 0.09931717292853454, 635.4786032767231, 0.5582342263128258, 5207.1793543405365, 560.9785174685824, 1.3563414294215201, 0.06298998505813518, 0.0992955472028615, 637.6875343916861, 0.5589253336789962, 5209.578166510661, 561.4896439345799, 1.1286135004971956, 0.06298015429450964, 0.09934253706307615, 648.5228084784635], "obs_std": [10911.779065249126, 556.4669002524925, 23.397380938596577, 1.6088768195659158, 0.11334218939017324, 525.4880247303009, 0.785448757949421, 10912.020278773967, 556.572530139951, 22.7849932633547, 1.608876092339157, 0.11302329120223163, 525.466285127688, 0.7860291444552642, 10911.481674912906, 556.6265115253423, 21.96856538784747, 1.6088747441821767, 0.11211059902430881, 525.3203159589935, 0.7884970979447594, 10916.226462696512, 556.5401949989144, 20.830109867895114, 1.6088737546633873, 0.11105725263707628, 525.458855091415, 0.7844082517220473, 10919.909266147115, 556.5404477059642, 19.365691422701637, 1.6088726918196263, 0.1109511472160799, 525.0607152843282, 0.7808189378885115, 10914.347808055833, 556.485315740449, 17.727096628948637, 1.608871759980948, 0.11018539074290165, 524.8723532502825, 0.7832121740431411, 10920.04964670723, 556.4425429930541, 15.802085383786137, 1.608871055635888, 0.10949303881757004, 524.7375256626567, 0.7781565460153953, 10924.7090840575, 556.5208485980611, 13.440641983577477, 1.1380978995560689, 0.10898497413099162, 524.7592621069814, 0.7780754715510285, 10923.232742641128, 556.4795775574161, 10.285952420428368, 1.1380964223615457, 0.1083727223740012, 525.7161338945364]}