{"obs_size": 14276570, "obs_mean": [5184.915909003712, 560.2590209693224, 2.6242201032881147, 0.07018617935779416, 0.1036554664422202, 623.3100744456631, 0.5695246870922347, 5186.645735009851, 560.6607155640326, 2.5049676497926323, 0.07017692495432046, 0.10363409800225135, 624.490189259508, 0.5692129958386541, 5186.50403432779, 561.0811143713091, 2.365960101060689, 0.06986625491620904, 0.10363419133174169, 625.6374166982192, 0.5700260197652792, 5190.894367191042, 561.4896924121131, 2.180630431539228, 0.06985527777064816, 0.1036899595959674, 627.10250073988, 0.5690144938875642, 5187.853567164716, 561.9623805998219, 2.010447397379062, 0.06864134407642113, 0.10367231954005794, 628.670943002044, 0.570605508185813, 5194.983601800425, 562.5298652967764, 1.8022051515174864, 0.06772756611981078, 0.10375588225904457, 630.5716722031939, 0.5702945796504628, 5196.618470875293, 563.1527839670172, 1.5934968973640027, 0.06681312549149461, 0.10382205553329715, 632.9664181322214, 0.5723922283854206, 5199.330992477706, 563.6160213552695, 1.3704690272243263, 0.06589898379275258, 0.10408924985896528, 636.1725752254705, 0.5772806943124649, 5216.713925717779, 563.9946616729369, 1.1158164741250873, 0.06498341469422285, 0.10458006151057357, 656.926991319945], "obs_std": [10978.711157217165, 557.3926674429702, 24.422977446531753, 5.568802715220668, 0.17119794544813655, 530.5344679556227, 0.9593807675586334, 10978.845755254766, 557.383716030086, 23.678315463302102, 5.568802465148184, 0.17022653543445432, 530.3117030962096, 0.9560453879210589, 10976.892742801378, 557.4646499453709, 22.627344895319396, 5.4515593041606065, 0.17015086773747912, 529.8777363760978, 0.957294322498493, 10980.52873376533, 557.5053004001484, 21.358138179656667, 5.451558530079168, 0.1706075730750495, 529.6268067608557, 0.9437539988999348, 10972.885361432813, 557.5113976146599, 19.880684926876487, 4.954922346198406, 0.16978507003228885, 529.3035838660118, 0.9447206559344304, 10990.472971921314, 557.6007107204885, 18.122180972070225, 4.546985404317923, 0.16963884141636684, 529.2718998711053, 0.9354609963618686, 10986.217028342946, 557.6928649337146, 16.08574768090472, 4.098645383676075, 0.1685718446962647, 529.4876599176836, 0.9262470262764186, 10990.474624936545, 557.6599201422089, 13.668942852495196, 3.594817471401543, 0.17041683951306025, 530.8124448959512, 0.9359905381829929, 10996.31847475468, 557.643462960256, 10.342572128725532, 3.0077447863348206, 0.17472130164079552, 548.9818277214604]}