{"obs_size": 14240282, "obs_mean": [5266.940710343262, 568.5942170246346, 2.132067890228578, 0.06511107397445622, 0.0990499085892398, 637.8115318381188, 0.5494430058337647, 5276.795495663939, 568.8687317428123, 2.0438690750646655, 0.06510362262279056, 0.09907950411515858, 638.365786872719, 0.548436495639657, 5273.634063403752, 569.2603902085648, 1.95748511160102, 0.06509615647759762, 0.09910681294422474, 639.1273822719835, 0.5489295569428007, 5279.449737375504, 569.5989113839179, 1.8574205904068473, 0.06508785356407384, 0.09912719525996787, 640.1184157009453, 0.5487602045381215, 5277.663664124499, 570.0490785224617, 1.7359980652068547, 0.06507925569066093, 0.09911552139501273, 641.026746707635, 0.5483215406830039, 5276.502696961565, 570.5262417556055, 1.5850648884621807, 0.06507040914597861, 0.09909054389604148, 642.0689290192887, 0.5480507274364799, 5282.577880236456, 571.0604457130836, 1.3998956621786, 0.06445735997054809, 0.0990504482229354, 643.4156167464488, 0.5478942868547482, 5278.552420445696, 571.7765799160437, 1.2169693690054733, 0.06444768066019459, 0.09908212113720705, 645.4415679076715, 0.5486562772423023, 5336.920522447124, 572.4023391531151, 1.0067303442445872, 0.06353353114117483, 0.09909838936469098, 668.2911952259066], "obs_std": [11031.811866162894, 557.4567736641708, 21.328189502505257, 3.4147087293859015, 0.11982933653465237, 535.7538543663242, 0.8233962046287643, 11042.932210170742, 557.4430690791817, 20.75570226455053, 3.4147081889597417, 0.11933729420114396, 534.8103271566662, 0.8195831574640188, 11046.2242368701, 557.4706576111262, 20.103854974305523, 3.4147077092062736, 0.11975620073392808, 534.1532915860339, 0.816215127633542, 11041.171859928918, 557.5152402966137, 19.346711582669307, 3.4147072733234527, 0.11883817354170766, 533.7231622057055, 0.8151648920526597, 11045.194504275358, 557.6069433226688, 18.343523652065443, 3.4147069985640393, 0.11879938558872415, 533.0798662182774, 0.8152105820330737, 11030.462800247207, 557.7371147195319, 16.921040490482177, 3.414706424116316, 0.11730905323750093, 532.1513875871798, 0.8101317860169857, 11036.59110358761, 557.9446253694905, 15.073551103794092, 3.0115625883148285, 0.11663572266673342, 531.4402606284516, 0.8057951680059253, 11029.593049042687, 558.2354391189835, 12.81637236497766, 3.0115620943491455, 0.11642430199171715, 531.3366702260194, 0.8036704058526617, 11061.738129295281, 558.6257521722058, 9.79394196621724, 2.276718868454703, 0.11440941909328209, 549.5638152780473]}