{"obs_size": 330331388, "obs_mean": [5253.140440863571, 551.3079663080639, 1.87086504174408, 0.06047080582749136, 0.09144843052442822, 622.7287297882376, 0.49942453673976256, 5254.112238645834, 551.5246725267295, 1.7988554814536728, 0.060297519446464755, 0.09144985339340159, 623.4216326106522, 0.49951794384200415, 5255.896554399565, 551.7600441651035, 1.7195876675213195, 0.060058969826965326, 0.09144571139174, 624.1800675241326, 0.49967273255102046, 5256.204972098682, 552.0077656108177, 1.6321341434256922, 0.0597550745657828, 0.09144000395840067, 624.9991498665773, 0.49977383902726186, 5257.997430011008, 552.2613942214897, 1.5266651984037323, 0.05951577819093444, 0.09143610187119104, 625.8960023951998, 0.4998693725314976, 5258.984723988019, 552.5374752913275, 1.387700196385819, 0.059327938476462505, 0.09143177972348768, 626.9321290708443, 0.49990503975438083, 5260.411653134177, 552.8778040735264, 1.2304209099257617, 0.059009632232336955, 0.0914276774549347, 628.0880340056717, 0.49993034864555624, 5262.398229202802, 553.2462052834054, 1.0601333803616635, 0.05869080686492744, 0.09141001036032298, 629.3785347273424, 0.5000172924922901, 5264.268259160275, 553.6444578466763, 0.8782884991843403, 0.05843686890619488, 0.09140199108103204, 635.3834522311428], "obs_std": [10815.442088931242, 520.3684925921247, 20.187861540712547, 3.0540909335714015, 0.10029793940102334, 489.2655769964692, 0.7299326371557721, 10817.38931678978, 520.3748731457124, 19.63720500560191, 2.932836367764944, 0.10014655534858943, 489.1832338039248, 0.7286181531491348, 10818.655883851645, 520.3928836448823, 19.006507069515873, 2.756152949791593, 0.09995663437119616, 489.08879661402443, 0.7269409211502641, 10815.239243884535, 520.3910708768874, 18.272529873685276, 2.5123734604821415, 0.09964928979096295, 488.9970021963936, 0.7257007181711407, 10818.700002785803, 520.3970707528608, 17.340243359584733, 2.3036644444750514, 0.09952792086964507, 488.8574681084448, 0.7242976851337124, 10819.936466982446, 520.3703778618695, 15.956305211768452, 2.1272248338686723, 0.09933647590938469, 488.68040130227627, 0.7217719179619414, 10821.371187052211, 520.3638402039521, 14.230725759679581, 1.7846245331866908, 0.09918285076582838, 488.5089110874283, 0.7205633227071556, 10822.963385464276, 520.3455492251305, 12.085514367656913, 1.3581911890451794, 0.09891962332763407, 488.255079548591, 0.7174152830844777, 10823.10707150163, 520.3160947867049, 9.24864685954039, 0.8852628022147313, 0.09870599188762832, 486.7112975051047]}