{"obs_size": 14240282, "obs_mean": [5226.253938094372, 562.0108598270735, 2.1661553472045005, 0.06730461652536927, 0.10220551377978382, 630.5390423603066, 0.5654638734682628, 5228.031615646572, 562.3082174917603, 2.07530033464225, 0.06729657239471235, 0.10220605983147087, 631.3533500664292, 0.5646568691547282, 5229.513175989862, 562.6814162107185, 1.9939199237767902, 0.06698653368649016, 0.1022211662768339, 632.3477971310408, 0.5655942857733097, 5231.273404435365, 562.9959678467043, 1.8925149796893068, 0.06667608776013836, 0.10225081334140781, 633.4540709898347, 0.565382154580951, 5233.56886859006, 563.3786356899392, 1.7707428125369988, 0.06606368785724312, 0.10224483289228492, 634.5525741329594, 0.5650871150585612, 5233.72062901946, 563.7589510516715, 1.6238883471549228, 0.06545049611054865, 0.10225667112034774, 635.739021419374, 0.5653859851230821, 5235.741024741545, 564.2181791062847, 1.4357216380967737, 0.06513820407539091, 0.10224388307921163, 637.0907816743564, 0.5649100437056255, 5236.0136738909105, 564.7791010739815, 1.2566935121088192, 0.06512772049978482, 0.10223178565564887, 638.9295712044182, 0.5659781348431484, 5259.066808129814, 565.307063511804, 1.0464426898287549, 0.06391135571747188, 0.1022914138615376, 664.3704702238313], "obs_std": [10999.947456744228, 556.6701604128114, 21.2827423586671, 4.408219566789289, 0.1550466295828103, 530.6052941549679, 0.8772570473448253, 10999.99163140027, 556.6919670824279, 20.71496046989014, 4.408218883418997, 0.15325520734189418, 530.4857337615757, 0.8762762991217032, 11006.230544922293, 556.705492646238, 20.07325091342134, 4.258760155892577, 0.1535209529206929, 530.3759231746735, 0.8721219566474008, 11004.062022407574, 556.725452630157, 19.31795232283662, 4.10386214425202, 0.15266548985577488, 530.2601514824556, 0.8694085216996057, 11009.832002762865, 556.7233479587693, 18.32370643269061, 3.775046818754184, 0.15271332224540876, 530.034411442401, 0.866594407669973, 11006.41421902132, 556.741201942387, 16.907717443892018, 3.414713400906471, 0.15260439936480347, 529.478045126799, 0.8624088415552209, 11008.045744283085, 556.817972996685, 15.060668279970017, 3.219457967543192, 0.15161809734910164, 529.013643174982, 0.8574887076574699, 11006.711584880188, 556.905005567309, 12.817938331044298, 3.219457222079013, 0.15077823748462826, 528.8612441901463, 0.8569012259896166, 11016.450267171802, 557.0460189285686, 9.828269319277092, 2.2767288365528513, 0.14996944519245306, 549.4497932169666]}