{"obs_size": 14264008, "obs_mean": [5263.070559265777, 570.2884421405261, 2.4401303616767467, 0.0630195453127286, 0.09855104080017377, 636.7519848254415, 0.543884189983669, 5261.649720868097, 570.519341127683, 2.3410934710636737, 0.06301176619244211, 0.09862676531210685, 637.8447240677406, 0.5440778909406496, 5266.1050799582235, 570.8937304998707, 2.2201550223471553, 0.06300324391111702, 0.09859151220512588, 638.9361498174027, 0.5435770948109742, 5266.239521632056, 571.3330728642328, 2.0698841447649214, 0.0629945588634082, 0.09856071780764546, 640.1726298463362, 0.5436025476149848, 5268.14680862983, 571.8237206541107, 1.887900441446752, 0.06298509931998951, 0.09854274249818197, 641.5239365753257, 0.5433432566078635, 5269.550986323185, 572.3680816079183, 1.7054960989926533, 0.06297553617869008, 0.0985566625758354, 643.0223018587243, 0.5440462918276976, 5270.433673075402, 573.0054577226822, 1.49911904143632, 0.06296589619293001, 0.09859265825194467, 644.7951897750845, 0.5434973950519808, 5276.928016178863, 573.8144283149587, 1.278583691203763, 0.06265431401672814, 0.09855110961897895, 647.7343303376787, 0.544698599860609, 5325.748635190335, 574.436742534076, 1.0459442395152891, 0.06264364001682564, 0.09864347013399188, 667.2630200254072], "obs_std": [10978.62301006198, 558.0193728918193, 23.61279822260674, 1.6088627311513672, 0.11668714700511618, 536.3285102620345, 0.8052380283713004, 10987.225592723891, 558.0144390131792, 22.984423578398665, 1.608861726841192, 0.11597758161533155, 536.0702850889447, 0.8045549503305449, 10987.881289384632, 558.0570581888335, 22.155313276927092, 1.608860772406549, 0.1155481107867721, 535.698105370393, 0.804297904242905, 10991.034520249656, 557.9791490845524, 21.00133236476453, 1.6088594099664064, 0.11438071258430957, 535.468652393427, 0.8000748065215029, 10995.44717970473, 558.0642742905295, 19.515020446291285, 1.6088583749736332, 0.11462993170341251, 534.5079281172149, 0.7934614837172185, 10984.295962876049, 558.1554780383648, 17.85476568687035, 1.608857514014161, 0.11431807644859801, 533.4725037164711, 0.7967841935750348, 10988.826100044012, 558.2721922097047, 15.90652681320709, 1.6088566270011182, 0.1135167150948654, 532.8845334394915, 0.7858339038983194, 10984.045121464078, 558.6650874174118, 13.501722699223789, 1.1380768802677719, 0.11230300634975213, 533.3243917898255, 0.7882508764247749, 11004.255900386293, 559.0357869482921, 10.260837543862923, 1.138075444003326, 0.11332616082436162, 549.4854808546239]}