{"obs_size": 14264008, "obs_mean": [5248.407639531809, 569.6113706610373, 2.447488882507638, 0.06304669568133489, 0.09837545279419382, 636.1623452587804, 0.5427167548560416, 5255.929179633588, 569.8455892621485, 2.3470022591125868, 0.06303923058267542, 0.09843170973116443, 637.2900091522699, 0.5428879408929541, 5251.044261067859, 570.2507031684222, 2.2250024677495976, 0.06303114075757159, 0.09840531906277775, 638.348058577411, 0.5423454306812292, 5258.614420221616, 570.675399789456, 2.074517625060221, 0.06302279053917578, 0.0983758742575017, 639.5187924181772, 0.5422517178902705, 5258.776303197929, 571.2327242104743, 1.8918049541194872, 0.06301350925645356, 0.09835124355945432, 641.0081139639911, 0.542041008179506, 5256.003570677085, 571.7983835258644, 1.7085687977740898, 0.06300416036117809, 0.0983495019151711, 642.7649804339187, 0.5427379786242833, 5265.410783514351, 572.4508293180992, 1.5010249573612129, 0.06299448586344915, 0.09837113252390234, 644.8105325489638, 0.5424590769298955, 5261.0393209927715, 573.3141822410643, 1.278844767894129, 0.06268313178758204, 0.09834459111183864, 647.8595972462048, 0.5436293971512463, 5320.338067367744, 573.9682749757291, 1.0447372155147416, 0.06267257481832057, 0.0984250625496716, 666.1695691920936], "obs_std": [10972.204033772598, 557.2489965999672, 23.664856211604494, 1.6088580515632045, 0.11430280076684095, 534.3613256838983, 0.7940782655120332, 10983.096906903187, 557.2635795482273, 23.03636655036059, 1.6088571248033927, 0.11393304959970105, 534.248022255212, 0.7933382685545436, 10977.05432079544, 557.3060623418695, 22.20415117022859, 1.6088562596150349, 0.11348586051817382, 533.7298016032854, 0.7939449429937298, 10986.13144168793, 557.2357432510885, 21.050368412196715, 1.6088555372562376, 0.11224622674232967, 533.3456027922041, 0.7886156037732471, 10988.64747607369, 557.336704844476, 19.557875576302752, 1.6088545117001904, 0.11201952482700679, 532.5089201129745, 0.7838887523958477, 10974.119973446708, 557.4221490226427, 17.891700869106277, 1.6088537149386444, 0.11103650848037235, 531.9146269700362, 0.7852836025594657, 10982.267357276782, 557.5374345509524, 15.92403631136459, 1.6088528485014457, 0.11037901810028594, 531.8561612464144, 0.7789640850772565, 10969.709992781207, 557.9513215602949, 13.514138432377647, 1.1380716533698847, 0.10977553257296632, 532.3476517160125, 0.7799014729508893, 11003.361737061983, 558.3632034550837, 10.251478591270027, 1.1380702668711116, 0.11007341098451852, 546.3062375733962]}