{"obs_size": 14276570, "obs_mean": [5202.288996971853, 564.3914389100462, 2.6201409722363285, 0.06442444896183834, 0.1003420860914779, 622.312879133764, 0.5368270401784078, 5203.882888509463, 564.7517073078477, 2.501949908136198, 0.06441712056867388, 0.10030344688997482, 623.5486959045445, 0.5370626410265116, 5205.426892583608, 565.1635720624772, 2.352141165560075, 0.06440892186597431, 0.1003012389009415, 624.8460318140824, 0.5372603298971603, 5208.051091048893, 565.5725713529231, 2.177284459782707, 0.0644004908105457, 0.10029758597912586, 626.4465581794012, 0.5372376605865337, 5206.994175834961, 566.0142150390465, 1.9909303845391435, 0.06439165699114795, 0.10029088517445087, 628.019896357786, 0.5375041030863752, 5211.880871360967, 566.5993155218655, 1.7894551702544799, 0.06438238492341739, 0.1003121359188526, 629.8756820615379, 0.5378163805451812, 5213.730951810972, 567.1694661953115, 1.5714206563621373, 0.0640721101984661, 0.10026963255684009, 631.9263508834807, 0.5381705768962651, 5218.118754263766, 567.6570243412808, 1.339602649656045, 0.06376158824291195, 0.10027573620358535, 634.2991451797374, 0.5388699776627008, 5221.734996830888, 568.1772288441831, 1.084428892934367, 0.06375070162056509, 0.10029647500758282, 642.1949439926115], "obs_std": [10865.347677296757, 555.1615503703829, 24.60032610688418, 2.5421215783596423, 0.12146781603058286, 523.6173278382298, 0.7602929139796192, 10866.83881876194, 555.0982928373181, 23.85615026754655, 2.5421211608892387, 0.12016134589092264, 523.4927667678026, 0.7621871516152444, 10866.749109531727, 555.1623951147747, 22.797422600618088, 2.5421207401757635, 0.11998355040878224, 523.174106856967, 0.7645092483767307, 10870.098425380385, 555.2055358730568, 21.527360569354286, 2.5421203128391476, 0.1194880933086677, 523.0646131686145, 0.7571096127551032, 10866.91825707024, 555.1583587073202, 20.039892255331058, 2.542119773571253, 0.1185035581907035, 522.7262696955357, 0.7579561537867356, 10873.995341213196, 555.2310841110095, 18.28346954061871, 2.542119180563007, 0.11679789909456571, 522.505441762215, 0.758064131012493, 10874.172761379807, 555.2240232134599, 16.233265222294378, 2.273831285027693, 0.1146605279068781, 522.2186891148925, 0.754332703776595, 10883.176321694478, 555.1180099614156, 13.798068286976847, 1.969326683256913, 0.11390515865853576, 522.2558482830281, 0.7562641893659201, 10880.673296686993, 554.9783789032927, 10.399720056017877, 1.9693257260313328, 0.11271148318887293, 521.6847573815276]}