{"obs_size": 14264008, "obs_mean": [5199.839693995747, 563.5329730605872, 2.4696800506561694, 0.06668493048217108, 0.1012786914818054, 629.3009632569377, 0.5612652091193788, 5204.776984015314, 563.766320658261, 2.3700538446136603, 0.06637571777316248, 0.10137630535001184, 630.3475583661608, 0.5614102285276646, 5202.245074321191, 564.1362138888312, 2.2485615543681696, 0.06576433507118984, 0.10135901499648725, 631.418777737364, 0.5608806859194415, 5208.554084559345, 564.5143268988631, 2.103416445083317, 0.06545399853443232, 0.10132043535982266, 632.5815277594621, 0.5611172603801441, 5209.3446248854, 564.9812473464681, 1.9182875528392862, 0.06514247503248255, 0.10133959800324042, 633.9485088707628, 0.5605022760783945, 5208.075307069457, 565.464728707387, 1.7426062155882134, 0.06422902733328018, 0.10133081729882776, 635.6579862086878, 0.5617690362344467, 5215.408282714535, 565.9903342735086, 1.5350568367600468, 0.0642189819489814, 0.1014338095913861, 637.5466408716737, 0.5614727260388915, 5213.6100357396635, 566.6994888813858, 1.3172685405111944, 0.06330463574222071, 0.1014528590973863, 640.3693622204901, 0.5632968814235461, 5247.140577395032, 567.2090534441651, 1.0882535259374504, 0.0632929357250866, 0.10165564260038396, 663.1602049379059], "obs_std": [10927.676519886685, 557.577648238554, 23.54051437442074, 4.100445793245881, 0.1404953028697166, 531.7799916185261, 0.8709086663268214, 10937.938878082405, 557.6201338519526, 22.91926844531165, 3.9396011393753985, 0.13940239212803732, 531.7252507459074, 0.8687491514269876, 10936.559468340725, 557.671487888907, 22.093396574210544, 3.5963954017956734, 0.14010306160447508, 531.3813744630271, 0.8683498033102519, 10946.979146547548, 557.5717936239189, 20.946940747541337, 3.411870219450557, 0.1382679998872238, 531.1407542130078, 0.8627321495331721, 10948.462456835758, 557.6166229693317, 19.467049327113457, 3.2167770796561084, 0.1392577929950176, 530.4038703464914, 0.8516055160926658, 10938.606772057, 557.6244228894923, 17.820014969811734, 2.543237468553103, 0.13820040504422304, 530.0510051136682, 0.8577469833494487, 10945.56694690951, 557.6423071388833, 15.88230475859541, 2.543236900728548, 0.13841941351945686, 529.9324219692966, 0.8468421344015445, 10943.252782851941, 557.9128584943142, 13.494456160959292, 1.6088682408109658, 0.13811672782694875, 530.4308495072689, 0.8447231032964416, 10955.392018002334, 558.0852763758182, 10.296279014386377, 1.6088669568416467, 0.13973537924984963, 550.1472514421456]}