{"obs_size": 14289583, "obs_mean": [5225.15105294239, 566.8351283588892, 2.771101158095376, 0.06490023979342875, 0.09840241538734858, 630.7536225028193, 0.5406967723271086, 5235.410476175718, 567.222333779789, 2.618863335620081, 0.06489205740441155, 0.09838907237090082, 632.1058430704361, 0.5407520906663525, 5233.135696253513, 567.6323085845122, 2.443694683042885, 0.0648834719792804, 0.09837452013624191, 633.5563291232946, 0.540703082168354, 5236.386372517097, 568.1425320109062, 2.2583717803381664, 0.06487479651982155, 0.09837563063708704, 635.170957926572, 0.5410529209285169, 5233.848091682638, 568.6906435268265, 2.0566818499882045, 0.06486523108505707, 0.0984080423952192, 637.3362857053273, 0.5410612191412706, 5236.928338388593, 569.2806576650978, 1.8395678866206242, 0.06485524140439254, 0.09836287302806491, 639.9152570844103, 0.5421595630887409, 5241.584468576663, 569.9571921028065, 1.6073237406577925, 0.06454472785280818, 0.09840489114041939, 643.2331525595491, 0.5445722541378897, 5243.588927437563, 570.6968897552853, 1.3560619648592964, 0.06423372868698204, 0.09853324674792817, 648.4971641027334, 0.5515845048102891, 5283.281461647045, 570.7869459871572, 1.103257806753353, 0.06302031974313771, 0.09893894634665013, 656.9437350549227], "obs_std": [10946.09726152358, 555.2027256626197, 25.58893739478042, 3.213888172872472, 0.11547770870019262, 531.1181218724678, 0.7816869520914301, 10955.725982872513, 555.0870915153619, 24.586198900139223, 3.21388777650948, 0.11385771094458667, 530.7617951449597, 0.7797530140086681, 10958.19651470947, 555.0339338900499, 23.416073409324532, 3.213887342154321, 0.11405748325166017, 530.5008935085743, 0.774278933566295, 10953.527568179576, 555.091430098442, 22.0943138955805, 3.213887007628301, 0.1125156275776542, 530.0472800587578, 0.7726686612402678, 10950.6825555989, 555.1364702008693, 20.519265663834844, 3.21388656039926, 0.11228434345615547, 530.0389006280983, 0.7697962646249568, 10953.733641589448, 555.2352494260784, 18.727579407369667, 3.213886118812967, 0.1103487028346214, 530.2754607690354, 0.7687199018706539, 10950.312474731427, 555.33258730494, 16.607316173924605, 3.0063565136381123, 0.10961272678956158, 531.1041233131494, 0.7762371504747264, 10958.413033937366, 555.6399678846138, 13.981172059722999, 2.7833962740369245, 0.109200282314878, 533.2295017232984, 0.7903645750399518, 10971.828253369333, 555.810114937602, 10.574613145270785, 1.6074068553399972, 0.11067047480288698, 536.9410178851066]}