{"obs_size": 14251917, "obs_mean": [5262.395050117275, 574.4797700547932, 2.357885048025469, 0.06311414393545174, 0.09790000156154427, 639.2712333103904, 0.535937785702815, 5262.228277981588, 574.7456496554113, 2.269440595254659, 0.0631071092743601, 0.09793495057892923, 640.1205605858694, 0.5358656668432948, 5261.704746588245, 575.0460564006934, 2.1625521675434958, 0.06309990241018876, 0.09793623167009805, 641.3082490067816, 0.5359479605445595, 5262.622683841213, 575.3988622021866, 2.0347659195601544, 0.0630919060934125, 0.0979152211238678, 642.7319804566591, 0.5362275374604177, 5262.906726589022, 575.7985111757248, 1.8762546119234342, 0.06308375778087319, 0.0979007682478783, 644.3272374362912, 0.5365273724931352, 5263.280284927442, 576.2343258805114, 1.6887818670288355, 0.06307479005063732, 0.09787367133053043, 646.2059326579027, 0.5365790610484388, 5268.927137636365, 576.8477862311437, 1.493792378948039, 0.06306552435536265, 0.09784997529805924, 648.3111305078842, 0.5368983381674443, 5280.503084442396, 577.5896878293636, 1.2748885641138663, 0.06275483119261212, 0.09785136935389205, 650.7059114958787, 0.5372571790868739, 5301.624505382753, 578.320472186303, 1.0351013832033964, 0.06274458259545837, 0.09780892571700986, 665.5306300004853], "obs_std": [10932.55403444285, 561.297498117576, 23.147489554289308, 1.6095282833528244, 0.11283485627489097, 532.491099716524, 0.7588466014418935, 10932.785924673655, 561.372808869867, 22.563212050592085, 1.6095273595448192, 0.11216858958715954, 532.3777683385624, 0.7556444220950119, 10942.447789187, 561.2182133686107, 21.838622481814305, 1.6095266178414334, 0.11090663757506705, 532.2025158286984, 0.7542102292687198, 10928.860125193789, 561.3529354032528, 20.90729139669971, 1.6095258015799359, 0.10972343999601014, 532.2362499552739, 0.7550679841087332, 10940.979929760531, 561.2675831515396, 19.558036825726507, 1.6095251341620005, 0.10910628060842481, 532.3373099067659, 0.7549102971258419, 10939.248643774477, 561.2623156833689, 17.907942371690147, 1.6095242358841475, 0.10758930831114628, 532.3509185693321, 0.7539683106859464, 10941.310940311163, 561.5045382776233, 15.97583848304265, 1.6095235386154243, 0.10521816918448793, 532.2665062053204, 0.7484740073377334, 10955.753985434327, 561.8654667319468, 13.55169283180758, 1.1385382873052057, 0.10440771455820613, 532.4903255550631, 0.7475250505349524, 10956.56475015655, 562.3234954258343, 10.239991126776388, 1.138537027170436, 0.1037344246531786, 536.2249071469464]}