{"obs_size": 14264008, "obs_mean": [5259.438400472351, 570.4736947707826, 2.448509984010105, 0.06432692665828028, 0.09900901186461761, 635.8742312408019, 0.5469916237428227, 5254.845298697735, 570.7283215909582, 2.34788805502633, 0.06431914080517367, 0.09909108115741419, 636.9635742082263, 0.5470965657058378, 5257.060116509845, 571.1148642793806, 2.227046633737166, 0.06400960981774005, 0.09905522281549563, 638.0174878339474, 0.5465260068558963, 5260.259962318945, 571.51579205508, 2.078019796399441, 0.0640007539685987, 0.09902451096458986, 639.2147537668624, 0.5465786715066765, 5261.086117833895, 572.0246034634865, 1.8948778632204917, 0.06368988612023516, 0.09900326957949031, 640.6031075441972, 0.5462962459079262, 5261.080519848265, 572.5995666154981, 1.7140548434913945, 0.06337934519485154, 0.09901262857950009, 642.1806771530559, 0.5471673918719505, 5266.815908096501, 573.221486555532, 1.5058883169442978, 0.0633696827891658, 0.0990667841528135, 643.9674082895934, 0.5466822151249958, 5268.581952866879, 574.0395093020137, 1.285900358440629, 0.06275709058380535, 0.09904922020234386, 646.7905144835375, 0.547917440736188, 5312.966868895619, 574.6896101712786, 1.052007822766224, 0.06274602590016232, 0.09916226966116516, 666.4489528725225], "obs_std": [10981.601272499158, 559.6172936677873, 23.660552303450846, 2.785903245990786, 0.11905249957338766, 535.3401126236923, 0.8213972164842873, 10975.086143348362, 559.650834728107, 23.03246775762218, 2.785902714779708, 0.11854332125408606, 535.2084358344382, 0.819519210744488, 10980.811423949683, 559.6812810589927, 22.20529474825312, 2.5432369419650542, 0.11863985701585046, 534.7795621106966, 0.8186866312364405, 10983.032331851595, 559.5830852521032, 21.054116155790428, 2.543236409278061, 0.11663500552077388, 534.5687821515351, 0.8157578090878579, 10988.134786242466, 559.6484166597079, 19.572261492069746, 2.274829140428797, 0.11752215189428628, 533.7349310486533, 0.8087630789178307, 10973.306516294684, 559.7719090131368, 17.91389146799608, 1.970189370318116, 0.116319784528816, 532.8968355185851, 0.8134462728829565, 10980.307806240951, 559.9239396182601, 15.957596723070102, 1.970188727639357, 0.11626560680134192, 532.4521108131355, 0.8009157051383089, 10976.186488089095, 560.3676980145015, 13.544943994104395, 1.1380884767660269, 0.11492416055279164, 532.8069861651636, 0.8016808038277888, 10981.809347937198, 560.7717406986264, 10.285425766037214, 1.1380867490413358, 0.11685060698141547, 549.1943343640261]}