{"obs_size": 14289635, "obs_mean": [5235.6973546438685, 574.7683082877904, 2.7692076809519626, 0.06486704738687173, 0.09709280572995707, 629.5012200352683, 0.5154842676527231, 5239.3051931930495, 575.1895849684053, 2.610106346313254, 0.06485934335972202, 0.09707439104959578, 630.9443394478112, 0.515620103732515, 5242.785985044413, 575.5833640957239, 2.4322649948721575, 0.06485143361178221, 0.09706287209337416, 632.3529665606326, 0.5157785724407877, 5241.799970907209, 576.0962921726132, 2.2380659827910225, 0.06484321240438258, 0.09704847324539774, 633.7355129170609, 0.5156716639718101, 5244.006251583, 576.5726480067545, 2.0298056598366574, 0.06483419314209923, 0.09705434475513199, 635.6228026029127, 0.5156969272483051, 5246.847024861398, 577.0999254354643, 1.805178648719859, 0.06482500917455918, 0.09702680434118839, 637.5397170904661, 0.5159152757925489, 5249.197541985677, 577.6903374368903, 1.559998628376442, 0.0645153329519692, 0.09700290870228594, 639.6566524033194, 0.516262236019318, 5256.0267181172985, 578.3159147172057, 1.2999203968470854, 0.06420504309271088, 0.09700698259101818, 641.9534098286371, 0.5165271809951676, 5259.667508614418, 578.8250946227807, 1.0263917167933259, 0.0632935044119114, 0.0969897469238371, 645.5887797033771], "obs_std": [10805.917530541255, 556.1164897047829, 25.95973247657038, 3.2138819039324527, 0.11198246642379729, 527.9951192953307, 0.7410274192959575, 10813.003654854056, 556.0646374795695, 24.944022012627265, 3.2138815350917005, 0.11022285406812891, 527.816129996352, 0.7399664050056268, 10820.153981110563, 556.0076982327921, 23.754734669162485, 3.213881189998884, 0.11028847517316184, 527.6550427017444, 0.736898714777434, 10812.629270775458, 556.0481542997522, 22.412216994951017, 3.2138808818822295, 0.10897850285962495, 527.0593602025025, 0.7352856032494715, 10816.294206193916, 555.9836275522032, 20.806557446891848, 3.213880484503122, 0.10868951043920191, 526.9019673804958, 0.732913643893282, 10820.494254139192, 555.9412261210476, 18.97293341824259, 3.213880130506839, 0.10675836444942086, 526.6090093425319, 0.7308769246381459, 10817.354138416173, 555.8310142370415, 16.79109614189292, 3.006351015587406, 0.10505674234773513, 526.3368948117145, 0.7335264963249652, 10829.817623059924, 555.8452250210064, 14.089337312510443, 2.783391278743994, 0.10425352767290769, 525.8120607789165, 0.7288729935458247, 10831.376014859969, 555.7395568609337, 10.5735264951518, 1.968407645152806, 0.10276147676478989, 524.6510080722571]}