{"obs_size": 14276570, "obs_mean": [5170.103890772532, 559.931528931669, 2.6280957540921945, 0.07138397940815662, 0.10343274627841267, 623.8562220598316, 0.5693017764771522, 5174.223296127821, 560.3277762795966, 2.5090611400357368, 0.0710740539491703, 0.10346697226308593, 625.032279969251, 0.5690266715324753, 5173.246285485451, 560.7466460781546, 2.369561246153663, 0.07076346672233651, 0.10342049217571267, 626.1325684452667, 0.5696730949380949, 5177.225508463299, 561.1630264132071, 2.1841810042608274, 0.06985028966986555, 0.10349719266763717, 627.5800938058609, 0.5687424631406818, 5175.663404057655, 561.6289455380388, 2.0133731001213877, 0.06863617617880992, 0.10346930649042504, 629.1561830453688, 0.5703378570623345, 5180.218711094226, 562.2026997381023, 1.8045156504678646, 0.06772257807989675, 0.10356215287404551, 631.0852715344064, 0.5701684644841429, 5183.195239117053, 562.8041540790259, 1.5961235787027277, 0.06680862436300268, 0.10362877552794515, 633.4903358090389, 0.5723793783801265, 5185.251584382626, 563.2455117720853, 1.3731215551074243, 0.06619518300194702, 0.1038685259677231, 636.7269959006978, 0.577199717579259, 5203.493176489305, 563.5919880615583, 1.1181676691250069, 0.06558040687988108, 0.10437292653438512, 657.8543207407612], "obs_std": [10896.65194530326, 556.9686039085753, 24.429300055501784, 6.014963142756055, 0.16876441200759518, 530.8070562896899, 0.9244863853905929, 10902.60384666021, 556.9590270144289, 23.68439480916579, 5.906582998720919, 0.168643972691808, 530.5655168715683, 0.9234424894389844, 10900.788837454951, 557.0396412639003, 22.62956315196231, 5.796176487320616, 0.16804090966668606, 530.050086517136, 0.9229065913673109, 10902.826718301649, 557.1006827700869, 21.35883178046283, 5.4515580919475, 0.1691391223652276, 529.7390758221966, 0.9144904787140993, 10901.120210495501, 557.1153898430323, 19.882453659020566, 4.954921820012413, 0.16777609303102464, 529.4652474037258, 0.9177670570722564, 10906.802133519066, 557.2071083459972, 18.126753808590873, 4.54698475470189, 0.16788941125156212, 529.4678995511887, 0.9099153848888739, 10908.165384383878, 557.2925915721605, 16.089941201517803, 4.098644744227982, 0.16671051936470868, 529.7164772196228, 0.9103578378851374, 10914.709416087915, 557.2553984495562, 13.681454015394262, 3.770247547404824, 0.16836317721532307, 531.1535438233653, 0.9213752437708668, 10918.802136164028, 557.2089760945977, 10.350426990223815, 3.410372890456585, 0.17265461609727117, 550.4305612244708]}