{"obs_size": 14276570, "obs_mean": [5179.81858927439, 557.2616876462622, 2.6553124454963624, 0.06455323832097604, 0.1000570795619678, 625.2816257541824, 0.5612848070650073, 5182.2130138363445, 557.6100940912278, 2.537268825775379, 0.06454562782097495, 0.09999781850577573, 626.5522002542117, 0.5615421821908261, 5183.3251567617635, 558.0215277899384, 2.3952885041715204, 0.06453694323588205, 0.10000886213537337, 627.8300460181949, 0.5618486495705982, 5185.828575504334, 558.4133740807491, 2.2170096879012258, 0.06452801136863384, 0.09998710652187472, 629.401278010565, 0.5616750634781387, 5184.666637418048, 558.8366422046752, 2.041562784338255, 0.06451874154184775, 0.09997866953771159, 630.9956198968422, 0.5627433556519565, 5189.654538901793, 559.3847976089494, 1.841229370920326, 0.06450936258842963, 0.10004030423617247, 632.8545932819023, 0.5627087553943338, 5191.367283176561, 559.9105604497438, 1.6296996407400377, 0.06389803167035916, 0.09999514689207577, 634.9365783504427, 0.5634065863159072, 5195.77076520094, 560.3357501136477, 1.4065118582404597, 0.06328618485953512, 0.10005815995256663, 637.4235684450837, 0.5652597658261186, 5197.560472818232, 560.7326586848242, 1.1570125037036205, 0.06327481431885214, 0.10022271453199257, 648.2033770149227], "obs_std": [10896.397488703076, 557.9237678683554, 24.3508520436374, 3.00773932323935, 0.12199253431278502, 525.5923572353595, 0.805135189480323, 10899.911738956424, 557.8619876425765, 23.60924587261704, 3.007738927114886, 0.12040647671181776, 525.5226421419542, 0.805481831225692, 10899.416989313642, 557.9372497138941, 22.561165952358984, 3.0077383568247864, 0.12031921115342908, 525.1958286628828, 0.8095663647682363, 10901.196451262786, 557.9800622675825, 21.2990149680449, 3.0077378002110144, 0.11942910209020315, 525.0844527242525, 0.8015062707942865, 10898.25488213015, 557.9475930480194, 19.82385886307665, 3.0077372767338386, 0.11833567073718627, 524.8186792937324, 0.8053867057310043, 10906.100388242161, 558.0206345513072, 18.08681977316926, 3.0077368524190518, 0.11702824367736864, 524.7586838135728, 0.8024287896444043, 10906.096017041928, 558.0334891346303, 16.061173107901325, 2.542116940128727, 0.11488766901986398, 524.658819955859, 0.8019382080842359, 10916.021523426583, 557.910629344592, 13.660152907421567, 1.9693234726530284, 0.1147199789721428, 524.9802005026226, 0.8055814872433813, 10912.630948806582, 557.7586511360539, 10.357120849461197, 1.9693217689904607, 0.11499400820016853, 526.9664115583287]}