{"obs_size": 14240282, "obs_mean": [5272.332225571309, 569.0428804710468, 2.1455381290904207, 0.0651653489815102, 0.09906510914369508, 639.4283898271152, 0.5508915853633106, 5279.963210254369, 569.2965985505061, 2.0578138129567947, 0.06515797511187757, 0.09910734557489917, 639.9377636661495, 0.5499712273956837, 5272.782793027359, 569.6654946159073, 1.9708376561643932, 0.06484860232761647, 0.0991287605428044, 640.735180120833, 0.5504695315023075, 5281.3424522183195, 569.975923159387, 1.870797642911847, 0.06484049600444111, 0.0991448634972263, 641.7078777966099, 0.5502668802486207, 5276.005340640829, 570.4013127689465, 1.7495836809973286, 0.06453048507776134, 0.09912461831725015, 642.6476490235185, 0.5498563622546659, 5277.3714361071725, 570.8492864116032, 1.5972736354518822, 0.06452154199664811, 0.09910838289459505, 643.6591038301478, 0.5495718209092187, 5283.340547041923, 571.3822689045064, 1.412692108204037, 0.06360697877079365, 0.09905704145142637, 644.9870645480605, 0.5493103744013412, 5277.277499331679, 572.0810153900042, 1.2274517456887442, 0.0635968499475021, 0.09907812979223245, 646.9988198707019, 0.550034549596747, 5348.617815132659, 572.7069656345288, 1.0155925282940323, 0.06298423037753807, 0.09910074294027364, 669.922142443197], "obs_std": [11051.498514812743, 558.2516750524885, 21.384528895742523, 3.4147090034092984, 0.11919749903017673, 537.1987559877199, 0.8237863633059659, 11059.309137755286, 558.2343134582995, 20.815516598526624, 3.4147082398943236, 0.11888513920911163, 536.1191539958937, 0.8189138625049887, 11058.507432815775, 558.2424288398056, 20.166986034174624, 3.2194525729453933, 0.11869518135988642, 535.4778929086751, 0.8155485323115499, 11058.740787198418, 558.2815893415983, 19.410123403227594, 3.2194521399636664, 0.11793730619447451, 535.0518671082509, 0.8127895556501614, 11057.581764894703, 558.349322768868, 18.41175424265589, 3.011563922689655, 0.11796893741469623, 534.451603665988, 0.8135296498193789, 11045.380363718778, 558.4738900510928, 16.992427798191464, 3.0115634734817465, 0.11663371968021355, 533.5144827444204, 0.8084983066397967, 11051.130952888589, 558.682923985189, 15.145551155986729, 2.276719117419876, 0.11592466867320556, 532.8173813948921, 0.8001167395152555, 11041.405660504759, 558.969763622199, 12.892386443776921, 2.2767183124304644, 0.11513929216698797, 532.7737487441643, 0.8011474063805869, 11098.689247001364, 559.3724035369808, 9.867721791326538, 1.6101991615578402, 0.11385550001915394, 551.4996753909758]}