{"obs_size": 14289583, "obs_mean": [5196.176058525503, 565.481106971421, 2.759551065975823, 0.06714202452486609, 0.10007775849862055, 631.9626933082693, 0.5525298944693131, 5209.930937953134, 565.8833143696354, 2.6116643151868044, 0.06713258816272732, 0.10006271174540153, 633.1929712721965, 0.5524735544767548, 5211.2008735589625, 566.3556228337803, 2.433652752498096, 0.06682242206032943, 0.10002159331675428, 634.6076825230886, 0.5523428051749789, 5216.5111429424705, 566.8955701506475, 2.2556675726646462, 0.06681281003743134, 0.10001942534915083, 636.0245388717482, 0.5531066299135976, 5219.1249445211015, 567.5206772653897, 2.053404637490121, 0.06650187789014615, 0.10009974068347588, 637.9796349935019, 0.5528129303003888, 5215.509934140683, 568.1539224762543, 1.8410985820929835, 0.06558903728751882, 0.10011076922902497, 640.3509347073825, 0.5543660774426156, 5219.4814841639, 568.8048937467244, 1.61223543052306, 0.06527788443491357, 0.10026851240326536, 643.5919917803527, 0.5580505979776054, 5219.90710720978, 569.4305759657226, 1.3600688697493832, 0.06496534442741277, 0.1005672336893949, 649.735524304429, 0.5726699808525314, 5259.8563149522815, 567.9960840004918, 1.1211698759858841, 0.06344893535795273, 0.10172350969800945, 661.8349804371966], "obs_std": [10928.330092739026, 557.9563365140123, 25.452353544712807, 4.400606679961188, 0.13015689430167468, 536.9465573934801, 0.8535977331231955, 10951.14391845854, 557.9282287186746, 24.45799427651139, 4.400606077109246, 0.12814139708821068, 536.3229925346842, 0.8515004954909916, 10960.383556296347, 557.9700958939549, 23.293935504263892, 4.251405217999576, 0.1282541516038005, 536.0309641679232, 0.8460018405326086, 10950.66048309861, 558.1057907035776, 21.97980410735934, 4.251404710742627, 0.12744377124829057, 535.3093390369504, 0.8459691579779645, 10960.957641983527, 558.2574960719894, 20.416870607427683, 4.096773875070488, 0.12740293205617223, 535.1707697040554, 0.8391991710146192, 10948.277572058709, 558.3941188762037, 18.63809358413454, 3.593174598165343, 0.12585981394468446, 535.2993837936993, 0.8391440113440823, 10950.099252104119, 558.4981812981906, 16.542124410776115, 3.408815165717445, 0.12723108808089714, 536.3806625396008, 0.8508149310726356, 10955.896256859365, 558.7258191158395, 13.932034263149747, 3.21389718107702, 0.12772093856939717, 540.2372737387047, 0.8952071843542059, 10968.473474829208, 557.9970210695643, 10.57573162069541, 1.9684285367461727, 0.13641902192311706, 550.8527565710789]}