{"obs_size": 14240282, "obs_mean": [5286.973657361257, 569.2396396363498, 2.1287621270421466, 0.06308892416864498, 0.09774782552522449, 639.3370427651676, 0.5402447924837862, 5289.583102712674, 569.5190941443434, 2.044119280783906, 0.06308247611333259, 0.09775363894493212, 640.180185561634, 0.5399164468091637, 5292.396173285928, 569.8711016397008, 1.9544622782048835, 0.06307582675126237, 0.09776910427602514, 641.2216146707019, 0.5404385722839357, 5294.272688888624, 570.2443929130055, 1.8537296522639088, 0.063068482184982, 0.09777570658797399, 642.4577705014019, 0.5405866088185988, 5298.400207889706, 570.6620453162374, 1.7313082002168216, 0.06306087095179154, 0.09776712043476464, 643.611952001785, 0.5405643091899851, 5296.572895182351, 571.1568417675996, 1.5767345759023592, 0.06305299803263156, 0.09773261016839481, 644.9722233818517, 0.5404248501539937, 5303.921452102372, 571.7180487717872, 1.3960819034342158, 0.06304398569769332, 0.09769914060149949, 646.5112100985954, 0.5405241019103874, 5313.89680940685, 572.3783672963779, 1.2060685315080137, 0.06303499582775961, 0.0977072215537579, 648.4379338919442, 0.540927621166527, 5328.691915070952, 573.0517838761901, 0.998225035150287, 0.06242290183376381, 0.09769227912923405, 666.3543757773854], "obs_std": [11032.370087168338, 555.4228920125024, 21.372683040786246, 1.971813815947051, 0.11166305687788573, 531.7338670462452, 0.7697425610714929, 11033.99282379732, 555.39821754964, 20.795546077254997, 1.9718131457858652, 0.1109860684303221, 531.3963714074241, 0.7679797048705567, 11042.614177458985, 555.3670093258236, 20.145454786577027, 1.9718125228253411, 0.11003055335435352, 531.1647257139502, 0.7648676229788516, 11039.806506559435, 555.4036830976302, 19.37929104153774, 1.9718119322106258, 0.10991743855811169, 531.1372228437026, 0.7642371670110047, 11048.021623144643, 555.4526560356969, 18.37476275091435, 1.9718113116905247, 0.10900185283427244, 530.7767456070152, 0.7662604967068914, 11033.744567819978, 555.5612888258645, 16.947490661496857, 1.971810805651534, 0.10782920726077554, 530.2412717968216, 0.7605610392909539, 11046.014263012166, 555.7812048113949, 15.094725723798062, 1.9718101397700878, 0.10659891092747954, 529.7681727766463, 0.7582471224517745, 11043.213175208579, 556.0182295439969, 12.810068765391033, 1.9718095193981393, 0.10555573076393196, 529.6495105006351, 0.7534478617517383, 11048.180033529281, 556.3385960244963, 9.781304466737396, 1.139002680101844, 0.10305057114339439, 538.5045763028836]}