{"obs_size": 14276570, "obs_mean": [5177.903646252081, 558.5560177269468, 2.6624816044750244, 0.06551639661165846, 0.10142703217502583, 627.989909370485, 0.5644503510296945, 5181.030584889892, 558.9289353815377, 2.5459104672901125, 0.06550770894886547, 0.10136902449110695, 629.3026699229991, 0.5647933376154076, 5181.902358104202, 559.3541049425738, 2.4035628305678465, 0.06549862931601248, 0.10140761259294151, 630.6107462409121, 0.5652633145776647, 5184.900388852263, 559.7421917869628, 2.225233862195191, 0.06518850365368602, 0.1013761653411148, 632.190051205574, 0.5648877139256899, 5183.879765675558, 560.1322539657634, 2.0511721653030106, 0.06517907363772281, 0.10136276337782892, 633.8424155807737, 0.5662140093173653, 5188.392759430443, 560.6542502856078, 1.8498614863374045, 0.06516921809616065, 0.10140472971799337, 635.7156971109506, 0.5659578654396756, 5190.312080316867, 561.1781034240016, 1.6405353666882172, 0.0645575323723489, 0.10141047754565721, 637.816742294536, 0.5666706653629023, 5193.395929192244, 561.5590440841182, 1.4176685996706493, 0.06424615319758871, 0.10151220178803534, 640.5174444131903, 0.5692037941186222, 5195.513489512905, 561.825281282549, 1.168498455861597, 0.06393348378210592, 0.1017891722780759, 654.6371363688376], "obs_std": [10939.323324724352, 559.0647377959764, 24.360586480522432, 3.410386705489632, 0.1284641705769282, 530.3700048931314, 0.8232716963437922, 10948.020407187298, 559.030321980823, 23.6190201954672, 3.410386044737158, 0.1271195136684872, 530.3394232893238, 0.8225123211041088, 10942.765889643286, 559.1253266143168, 22.572046953341225, 3.410385395113533, 0.12752652239963547, 530.1248914734166, 0.8272847064336831, 10949.582056073967, 559.1581460872776, 21.3080098492156, 3.2153793048140864, 0.12640475923584732, 530.0929466969351, 0.8174171160721476, 10944.604952905558, 559.0921228204479, 19.836285574883604, 3.2153787579246496, 0.12527496414020306, 529.8776608588797, 0.8226597551489777, 10953.769616216072, 559.1333558589383, 18.10005575122593, 3.2153780674636074, 0.12426203723943614, 529.9407701057481, 0.8215846227671442, 10955.438797883417, 559.1089439626445, 16.07814057734804, 2.784696244391054, 0.122460497945584, 530.0685550597553, 0.8189715560904561, 10959.146284664685, 558.9528010518409, 13.681161706170203, 2.5421388808852416, 0.12223816365114297, 531.102888030866, 0.8260064636491107, 10960.827612178295, 558.6656333180118, 10.385535874338503, 2.273851999109527, 0.12382915319916601, 538.4109843746265]}