{"obs_size": 14289583, "obs_mean": [5170.437247408294, 556.0576490580586, 2.818961756966596, 0.06672108643493065, 0.10028297695433025, 628.3485233791221, 0.5642261133162572, 5170.346174227797, 556.4720020871147, 2.675408162715455, 0.0667121396604167, 0.10028336373797571, 629.8107141888376, 0.5646794120584212, 5175.613859297361, 556.829167863051, 2.4999378918195165, 0.0667031521308994, 0.10025570411648846, 631.3356944570036, 0.564783040764743, 5173.980813281999, 557.2983630802943, 2.3250867432590576, 0.06669396439882913, 0.10026286164326798, 632.877957829884, 0.5660187955799743, 5174.597810723886, 557.7209870295026, 2.1264481265828397, 0.06608305302233876, 0.10040073553119115, 634.9438042222326, 0.565438270382003, 5179.816529553446, 558.180075233826, 1.9169657365088961, 0.06577217828603606, 0.10032163821393512, 637.103456699661, 0.5662563891472651, 5179.866145208005, 558.6595121075261, 1.6917200452945338, 0.06516107378291704, 0.10038679379853083, 639.7394461906507, 0.5685046000292728, 5187.505178019874, 559.0775728724902, 1.4434216169919025, 0.0648495758739855, 0.1005972168070964, 644.0526812390982, 0.5771139196294298, 5186.062328660504, 558.6442929790184, 1.2092781153935703, 0.0639370251663822, 0.10130589841096131, 652.4082169099946], "obs_std": [10958.733349148497, 556.592821097806, 25.306904961368193, 4.251405631969255, 0.12236447429725372, 531.2962754909147, 0.8172873652026256, 10951.437033675933, 556.5678046064421, 24.323902694750576, 4.251405165997543, 0.12126512580306, 531.1762865121437, 0.8181233360501206, 10964.191432045602, 556.5029233193419, 23.168273519093482, 4.251404632362163, 0.12095961072864643, 531.2953840836524, 0.8122699624146889, 10954.525536658164, 556.5563121078973, 21.86996420278577, 4.251404256364753, 0.11935693419288859, 530.9894568604223, 0.8139931304071535, 10957.73909991396, 556.493826712629, 20.318108941600716, 3.936072838340469, 0.12059184587614498, 531.2931122463514, 0.810795032810219, 10968.892768740005, 556.4267460912843, 18.558593343191692, 3.7685251902980506, 0.11841814088047724, 531.5684162054365, 0.8095682002652407, 10960.985778483782, 556.2973662603788, 16.477926342970807, 3.40881426936299, 0.11716812125299784, 532.2376712779303, 0.8171648273940259, 10979.675230382816, 556.2379860013561, 13.896912329167348, 3.2138959772650386, 0.11845550542746244, 533.8515758010859, 0.8346573645551335, 10976.964882170756, 555.5734259055389, 10.606389158229087, 2.540959446099917, 0.12085826968196141, 537.2443943083898]}