{"obs_size": 14240282, "obs_mean": [5249.420889855485, 561.1066985892554, 2.197404517691433, 0.06482358576979864, 0.09993824330058916, 636.0162640609731, 0.5646987825802935, 5248.7554888265195, 561.44711354733, 2.111613309343172, 0.06481707400591641, 0.09993740817253595, 636.7837850001381, 0.564262285676648, 5253.5855325925795, 561.7654031008657, 2.026305799281222, 0.06420711663688394, 0.09994535962047683, 637.7419840787878, 0.5653669409075031, 5251.322066730112, 562.1002401497386, 1.9303338234453502, 0.06389778451867165, 0.09999324548924066, 638.9279272263425, 0.5648240618409139, 5255.5090641165225, 562.3994746733246, 1.809048584852463, 0.06388939261042152, 0.09993562002803101, 640.1645583985808, 0.5650600145418518, 5257.309578535295, 562.7689611062476, 1.6623979777928555, 0.06388051920587791, 0.09994332565085522, 641.6584789072697, 0.565351161374483, 5256.704548652473, 563.1521141926826, 1.4810565549193477, 0.06387085900919082, 0.099890165492931, 643.1412626966213, 0.5653797580694071, 5260.025484810946, 563.6091929218817, 1.3010889812434894, 0.0638613084975507, 0.09991627370216351, 644.9624542609, 0.5665578407787247, 5260.761854362832, 564.105044268084, 1.0978026980083682, 0.06294760510515955, 0.09999296941788156, 661.5123162256629], "obs_std": [11127.868421695188, 560.6354100120824, 21.171927118549917, 3.2194569096127474, 0.11975303551490755, 532.5925834279094, 0.8088533350766642, 11122.352019370328, 560.7166219119673, 20.60890017746828, 3.219456521482957, 0.11857364555004994, 532.3612212815993, 0.8079957273967282, 11132.639500480505, 560.7289079223336, 19.969175774826805, 2.7882238526328256, 0.11743290265362763, 532.1487869170357, 0.8054386462426969, 11125.207287808058, 560.7745322303109, 19.225821698013338, 2.545355831751233, 0.11788581969324183, 532.1958085165537, 0.8040302727293831, 11137.624176666714, 560.6999779313766, 18.24084391513541, 2.545354837831579, 0.11654195890156784, 532.179263183943, 0.8053860677722685, 11138.443625455344, 560.6748454720183, 16.843116678576788, 2.545354050199253, 0.11605776193955247, 532.1334449245908, 0.8032256893018396, 11132.143681604251, 560.6725968332838, 15.019475674582198, 2.5453531036447923, 0.11433704110255193, 532.0262897282786, 0.8020371099843382, 11136.84649710658, 560.648058515005, 12.795228934534409, 2.545352417751992, 0.11340234288969081, 532.0566919628832, 0.7983555630907808, 11137.605785449934, 560.6602852481401, 9.853930895465764, 1.6102051003018443, 0.1125088575886173, 539.3383547975963]}