{"obs_size": 14289583, "obs_mean": [5192.596505825749, 559.1894781674175, 2.780666867605584, 0.06505080245001531, 0.09897362091643906, 627.600862871278, 0.553113058302673, 5196.206867624141, 559.6061818598904, 2.6325528883523055, 0.06504287142529615, 0.09897435468767672, 629.0427084704536, 0.5533235526187095, 5199.879554597537, 560.0162870393069, 2.461014992529873, 0.06503451820232234, 0.09895672044327718, 630.4985932396102, 0.5535407328541407, 5198.740670196698, 560.5045292784262, 2.2810715330181432, 0.06502592425035045, 0.0989670939033699, 631.9661881829546, 0.5539764811191462, 5200.973036077913, 560.9756632506351, 2.083240917527124, 0.06501663133228572, 0.09900650198322798, 633.9681412631381, 0.5540654723794199, 5203.854886308011, 561.4731849767765, 1.8729934246506703, 0.06500695433226414, 0.09898932828893586, 636.0845615057755, 0.5546923782170529, 5206.374533713217, 562.0283666080388, 1.6436964605615154, 0.06469700071290455, 0.09900753227312405, 638.5584379730345, 0.5560087516199764, 5212.5733111420695, 562.6153079484543, 1.398420373778577, 0.06438643025895895, 0.09907684242773199, 641.8769155189484, 0.5593808590495553, 5213.669082133386, 562.8570068139848, 1.1504442781850246, 0.06347475585733325, 0.09927812621921887, 647.5030101060819], "obs_std": [10886.677128063042, 557.6869025997231, 25.28921115996686, 3.21389126079268, 0.11568792291271185, 527.9690146378987, 0.7874774517091231, 10893.502832235312, 557.6798662601328, 24.30217842432296, 3.2138908684751852, 0.11435831115000475, 527.8670754878839, 0.7859703573739738, 10900.238699778667, 557.7014630674652, 23.143987760640762, 3.2138903530202403, 0.11432376746813715, 527.8109454260056, 0.7822957644988772, 10892.561075905374, 557.785543763048, 21.84074958174623, 3.213890017747464, 0.11333682564856667, 527.3350780164468, 0.7812566890319227, 10896.712363889024, 557.7747892072505, 20.28640088556536, 3.213889604598356, 0.11297261130539045, 527.3792990366179, 0.780287179680606, 10900.686759758857, 557.7649173064113, 18.520749767224107, 3.2138890749131446, 0.11127717608642114, 527.349419867063, 0.7778781572107853, 10898.130518406746, 557.708745983823, 16.42865551842624, 3.0063597678654674, 0.11000793669346262, 527.4344202387472, 0.7817845570663249, 10909.453904885326, 557.7917037676162, 13.838918857598518, 2.7833997134246564, 0.10971186138578046, 527.7015991113856, 0.7836841242195173, 10908.093418182427, 557.6671654140426, 10.512028428536599, 1.9684160271530233, 0.10904089417072714, 527.7310663099488]}