{"obs_size": 14251917, "obs_mean": [5263.0892558082505, 570.0217174994774, 2.288270132361843, 0.06298897723065003, 0.09855781294642667, 639.1243929538731, 0.5441647130698684, 5270.287774699869, 570.2879645594344, 2.2042626967305514, 0.06298148088843858, 0.09854302186309423, 640.1837968343913, 0.5445530754915704, 5270.5093879243295, 570.6660589589458, 2.100067240077247, 0.06297371454935587, 0.09857473466643209, 641.3129209267307, 0.544589162636899, 5277.785413834943, 571.0831998249779, 1.9757722417272003, 0.06296512884014908, 0.09856137400989727, 642.4300638610642, 0.5442159890490894, 5281.5295277336945, 571.7021013383675, 1.8238681855921555, 0.06295665387492158, 0.09853381725272456, 643.3518130663608, 0.5441763142460503, 5280.882107301381, 572.2416323361973, 1.6375357785201807, 0.06294734271895568, 0.09850777173870691, 644.4717423004445, 0.5438145211623511, 5282.453402282876, 572.9478922730186, 1.4536148365163788, 0.06293774796114157, 0.09850310436687161, 646.1003183968766, 0.5444396809215651, 5280.284809829379, 573.765615601045, 1.243259906719917, 0.062626824802314, 0.09854971195727662, 648.5623589157815, 0.5442411434897126, 5345.41815953212, 574.4076289526524, 1.0200610205630583, 0.06261616827266948, 0.09849326159056283, 670.1289902084469], "obs_std": [11005.440737968958, 557.5456489606578, 22.613991444143863, 1.6095402886265413, 0.11843870852323943, 536.8512429817707, 0.79884356145059, 11008.840887021066, 557.5766358146454, 22.036635537747156, 1.6095392458449145, 0.11814103990868444, 536.8367071216608, 0.7968852700781238, 11021.942930193958, 557.4907214292402, 21.318239105196263, 1.6095383445598384, 0.11680804664652093, 536.4557531389514, 0.795438568394969, 11013.102290601397, 557.6931067596305, 20.402578450692705, 1.6095373387355156, 0.11649265282055303, 535.7988756299852, 0.7938552217706843, 11030.233733122977, 557.8453610321435, 19.05903866185048, 1.6095366103566735, 0.1157760155637768, 534.7937230896373, 0.7938571481950973, 11015.979892930067, 557.9640421679555, 17.41261197719588, 1.609535569402005, 0.11491276723868349, 533.7336279766513, 0.7892756583396613, 11014.09485779531, 558.2552316851467, 15.500758203903573, 1.609534762254632, 0.11213539711311601, 533.0779992053933, 0.7849993428216621, 11018.626843958587, 558.5760678428911, 13.121456697173928, 1.1385540229200066, 0.11169246487818403, 533.6987544551994, 0.7807752472983969, 11036.233313631861, 558.9756432328282, 9.90991530646086, 1.138552513139674, 0.110634542870453, 550.7983284820245]}