{"obs_size": 14264008, "obs_mean": [5244.570978907766, 569.6354105381882, 2.4431750178491214, 0.06294436860264824, 0.0978174313457344, 639.0520255756082, 0.5409374621074753, 5251.135071804894, 569.8861737879002, 2.343389810213231, 0.06293715077249848, 0.09787215968148721, 640.1121971203823, 0.5410569352597604, 5250.997091572631, 570.2420771917682, 2.2219758289535454, 0.06292936896348662, 0.09784499543424366, 641.0225700591751, 0.5404293296807381, 5254.127442165475, 570.6760840992237, 2.0701516011488494, 0.06292150149629232, 0.09781166523034768, 642.1271185114232, 0.5403496394562246, 5255.674620919759, 571.1910499489344, 1.8897337971206971, 0.06291243043022166, 0.09779213469881708, 643.458533302277, 0.5400587015234852, 5253.959070659463, 571.7606242228692, 1.705998412227475, 0.0629034669703021, 0.09779047456191932, 645.0600397163224, 0.5405905871618037, 5261.588275147283, 572.4228352227509, 1.4998289400847222, 0.06289441974493594, 0.09780793989859002, 647.1222221200857, 0.5404861991104288, 5275.566984183376, 573.2044942767837, 1.2773533217311712, 0.06258354403678984, 0.09776290032808393, 650.0973213163255, 0.541707420943718, 5306.229990251178, 573.8806311662191, 1.0429251021171608, 0.06257318411207573, 0.09782146902385502, 667.6736293176913], "obs_std": [10966.747744947977, 556.225698832956, 23.639236059659748, 1.6088535100024077, 0.11221359470096805, 536.8111486193524, 0.7814057624161098, 10978.869951468409, 556.2529297674697, 23.008358050564766, 1.6088527112830522, 0.11164063174445804, 536.6222852229556, 0.7801864187302435, 10975.918809253786, 556.2618613485128, 22.178165272283145, 1.6088519331751125, 0.11075210078155673, 535.9628865778271, 0.7802853453583158, 10980.884088513987, 556.1897577841657, 21.018933463211035, 1.6088513082943967, 0.10957038067446434, 535.4898881871655, 0.7752360655093172, 10985.159380117153, 556.2825875178736, 19.540033787130934, 1.6088503297824006, 0.10963463541435427, 534.4331859291427, 0.7702078703239579, 10966.750118857768, 556.3724448198366, 17.883749052646277, 1.6088496517401794, 0.108633286290882, 533.631449288727, 0.7704969237690616, 10977.842202389655, 556.5193793796255, 15.92640324344019, 1.608848879287137, 0.10785784817947862, 533.5867772918713, 0.764145397188974, 10986.04081449465, 556.9028614185004, 13.514068690975934, 1.1380661834031127, 0.10702689874431716, 534.434105294348, 0.7639100908040896, 10992.651817414486, 557.2770710774105, 10.27264466959658, 1.1380648081260543, 0.10654676999474373, 547.823271418167]}