{"obs_size": 14264008, "obs_mean": [5255.170929576279, 572.0309148031886, 2.4451807654622746, 0.06313526075336778, 0.09859005265329394, 637.578232779593, 0.5436917101420985, 5261.227343545915, 572.258901355075, 2.3457327000938313, 0.06312788005602102, 0.0986647673860676, 638.6595021937309, 0.5438378051947655, 5259.295212213291, 572.6651450279612, 2.2236234023424557, 0.06311964459036515, 0.09863410773879373, 639.7316336607942, 0.5431867067797884, 5264.624797810999, 573.1117292559005, 2.0718866674780325, 0.06311121576552157, 0.09859054024864501, 641.0189413683642, 0.5432919324639038, 5273.136089138085, 573.6499324733974, 1.8902726358538218, 0.06310181034503945, 0.0985767882562887, 642.4196324899676, 0.5430804435892482, 5264.9191307808105, 574.2543291478804, 1.7070351474844938, 0.06309261890740141, 0.09858389465695853, 643.9887353179604, 0.5437477612183453, 5272.065177806812, 574.891246345347, 1.5003262056499127, 0.06308300779227859, 0.09862667305009955, 645.9164447965823, 0.5433958364297506, 5267.742725121921, 575.7191292237076, 1.279621127526008, 0.06277157937615592, 0.09858555167621848, 648.8907717388146, 0.5445091674093604, 5315.965624760442, 576.3138809232299, 1.0458324196116546, 0.06276086706892774, 0.09867117903334138, 667.4800612822074], "obs_std": [10976.304793957182, 560.4635736771797, 23.65534196127364, 1.6088590287472193, 0.11558081533100469, 536.4689232129194, 0.8033547663711449, 10987.61373176476, 560.4718379910486, 23.026699376116323, 1.6088582353912568, 0.1150970532399449, 536.1509638981639, 0.8030012506363039, 10985.147288375318, 560.5164549560053, 22.188624631241737, 1.6088573693404695, 0.11467935928122129, 535.6153478735652, 0.8005531237950457, 10990.63930795812, 560.479014633441, 21.0220435085488, 1.6088566045887391, 0.11288840250018953, 535.3757415826315, 0.798393646874781, 10999.964863973546, 560.6637279680161, 19.536850551678295, 1.608855556303725, 0.11386370158498552, 534.6091532070866, 0.7929704286274141, 10979.795818187942, 560.8547780679613, 17.87218267006831, 1.6088547942315339, 0.11282121144482336, 533.9083682984236, 0.7944458507017185, 10987.950261567568, 561.0574117012791, 15.90608133182234, 1.6088539096471581, 0.11232152555814964, 533.8106547376794, 0.7850319348253809, 10978.821740239013, 561.4843847761709, 13.511429852294462, 1.1380731355603089, 0.11090220516633524, 534.2654891000017, 0.7851106249228704, 10991.989165599738, 561.8218074519007, 10.261500505832316, 1.1380716875734003, 0.11185625040841875, 548.1594642044]}