{"obs_size": 14276570, "obs_mean": [5174.109081967571, 559.7625776359446, 2.6282178422408182, 0.07259497960911465, 0.10379897921076284, 622.727982203619, 0.5706479148703318, 5176.514746811377, 560.1617452231174, 2.509154299667217, 0.0725859257145867, 0.10381014429502354, 623.912817091683, 0.5703701061949953, 5175.805319370014, 560.5789229485795, 2.3702467749606524, 0.0722744032722913, 0.10378375917002554, 625.0410176241667, 0.5712170861768856, 5181.478514445787, 560.9924363485068, 2.1848453795274354, 0.07136095749687085, 0.10386174470107298, 626.5052182234691, 0.5701536204424713, 5178.631727948157, 561.4656493821694, 2.015064963082869, 0.07044711409730103, 0.10381867724334427, 628.0732402538353, 0.5717503880133871, 5184.906521711909, 562.0423809080191, 1.805855538129957, 0.06923236687440387, 0.10391156455640363, 629.9498896297886, 0.5714429586378521, 5186.757407237689, 562.6519999551713, 1.5970014506285473, 0.06801696655240792, 0.10403533335598134, 632.3426361244992, 0.5736630883328637, 5189.325640050804, 563.0995006503663, 1.3740652691788013, 0.0671024760472652, 0.10428137631524945, 635.5157015739791, 0.578438380227215, 5204.537539134073, 563.4641364837632, 1.1190814740515402, 0.06558472113337468, 0.10473625641053855, 656.2974228079015], "obs_std": [10913.216456894963, 557.113793619899, 24.436158965501445, 6.430241942817654, 0.17081067644164183, 530.1461258982315, 0.9702611577142464, 10916.956267499629, 557.1042869692831, 23.692568994325548, 6.430241836118446, 0.17013344161068847, 529.9761166007327, 0.9667998799532993, 10913.18309039292, 557.1862707436982, 22.64277684341793, 6.328976768059225, 0.16985201572366423, 529.5133128517908, 0.9687621127424919, 10922.391418842599, 557.2459897937005, 21.373936911935687, 6.014962429410206, 0.1705103184529501, 529.2438186964976, 0.9559831140636619, 10918.192969303733, 557.2563363411195, 19.89443770526446, 5.6836253837162936, 0.16904998756990397, 528.9717243536247, 0.9544654618767894, 10929.197814123543, 557.35202579609, 18.136484084078837, 5.20916158379499, 0.16930065871368113, 528.8988674296675, 0.9455819697454599, 10930.332340414787, 557.4525052681505, 16.09504730442652, 4.686910102101441, 0.16918202397195908, 529.1019995557041, 0.9369050878689713, 10930.764299109425, 557.4018267380944, 13.67900654296001, 4.253345393320064, 0.1707546074261047, 530.3638862484495, 0.9397194238527357, 10933.887801499224, 557.3504308922268, 10.346834354666958, 3.4103730603835913, 0.17417335328741898, 548.0996791453324]}