{"obs_size": 14251917, "obs_mean": [5204.8652683247465, 561.1138686816657, 2.325472776749963, 0.06855740930487636, 0.10238271612724122, 628.5269278739609, 0.5650102400961535, 5206.447800179102, 561.4333974159406, 2.248474012303046, 0.06824684080065331, 0.10234699125226426, 629.4745810371056, 0.5655187109215162, 5210.268630463465, 561.7514203878679, 2.1426989085047294, 0.06763508782910557, 0.10241356112219917, 630.4861080892733, 0.5653828778262202, 5208.952578849864, 562.1504856504567, 2.017324125589561, 0.06732414555376103, 0.10242727866503856, 631.6111855944679, 0.5650852272013919, 5212.719280357288, 562.601934111741, 1.8716063249596526, 0.06671139785118883, 0.10242094959506093, 632.7677050093653, 0.5656209098046527, 5212.41024176469, 563.0170356731659, 1.681037575506509, 0.06579705796414019, 0.10243570508149906, 634.1484870346915, 0.5650164047405271, 5216.342762491281, 563.5844040489433, 1.5042064867484142, 0.06488242870394985, 0.10238942612976179, 635.8376191478332, 0.566296722188356, 5221.280699503586, 564.1997059062301, 1.2913892215341978, 0.06396817192340658, 0.10247784280942755, 637.9284456274398, 0.5661126060445284, 5241.432525572184, 564.7642377513143, 1.0734747472918906, 0.06305261222613905, 0.10249158168623812, 662.7593690157804], "obs_std": [10960.371703973347, 556.1446601502776, 22.57641158577881, 4.959205031821795, 0.1561625933023315, 530.5684038412024, 0.8821347567791579, 10959.799627828528, 556.2393687371085, 22.004810047280078, 4.8269467467328315, 0.15512681724144525, 530.6543501812516, 0.8776242559852487, 10972.112311506582, 556.1321679661387, 21.284869573750953, 4.550914679376333, 0.15488696930399679, 530.3027588747992, 0.8745966888698408, 10957.79533662795, 556.3410638905609, 20.371680032027665, 4.406419000391079, 0.15512462967622234, 530.0091310667914, 0.8718487517376042, 10973.98943774237, 556.3605985960468, 19.031394392041083, 4.10218669732203, 0.15498857559098506, 529.6464908928464, 0.8705126467584434, 10966.127483619583, 556.3293388682843, 17.395174683363134, 3.5979227068707207, 0.1546586654066409, 529.2269941902086, 0.8657790313839722, 10970.229438631563, 556.4660814477562, 15.503924294606286, 3.0103419332522154, 0.15198940255294727, 528.8585260797795, 0.8681469016033583, 10983.682330139527, 556.5611565206415, 13.13796536855261, 2.275801376663194, 0.15173304416656358, 528.8449400277068, 0.8575352154491654, 10978.641495381835, 556.6969879801283, 9.970510643210902, 1.1385873025487243, 0.15172217693592854, 549.2920791213793]}