{"obs_size": 14240282, "obs_mean": [5244.888952998381, 560.283846626071, 2.1722920234304346, 0.06345984755379946, 0.09885790204512779, 631.9074138659645, 0.555572804386878, 5246.6279539619245, 560.6006634559624, 2.09076042173884, 0.06345375347076093, 0.09884957443314792, 632.7724571886524, 0.5556493535731931, 5249.316451025937, 560.9333682436908, 2.0035094810622427, 0.06344733892159678, 0.09887799002063331, 633.7362246261788, 0.5561712874787168, 5248.622683006068, 561.2707877554673, 1.906147013099881, 0.06344026339064869, 0.0989052653884247, 634.9108420326179, 0.5561751373322482, 5252.736993899939, 561.573440610235, 1.7866098438219131, 0.06343275294015337, 0.0988932905092053, 636.1016873921869, 0.5563705135895428, 5252.638322589437, 561.9428493059336, 1.6364421715805908, 0.06342487911490179, 0.09888638496871122, 637.529608194925, 0.556396024882094, 5254.460365259762, 562.3254327407282, 1.4581916285084804, 0.0634162289012333, 0.09885128997045114, 638.9968297137614, 0.5566441967230713, 5255.802071196152, 562.8114585090378, 1.274540981702469, 0.06340730777439049, 0.09886862173389474, 640.7293062346188, 0.5571126167304797, 5257.947853969118, 563.3361080911178, 1.0716542692061857, 0.06279576188288312, 0.09889509031569774, 653.4411844842184], "obs_std": [10992.098917424606, 557.727087467938, 21.163732449706867, 1.9718248820718944, 0.11320129662889576, 526.2519132499599, 0.7822840000010779, 10994.24147311294, 557.7758054937018, 20.602169832292788, 1.971824322171763, 0.11255974464069024, 526.1538067966558, 0.7825908779038034, 10999.561089998851, 557.7756589218104, 19.96125601758852, 1.9718237655965394, 0.11142629943949425, 525.9995372861941, 0.7800311204571344, 10994.908192806051, 557.7971725876373, 19.215224366482413, 1.971823213171143, 0.11185939472350062, 526.036695048968, 0.7794021208785336, 11002.061554195212, 557.7319560744463, 18.23041088807531, 1.9718223859892385, 0.110891432690764, 526.0181554948766, 0.7820014185165953, 10997.347775406417, 557.7004143427059, 16.828989885745973, 1.9718218526498608, 0.10991110707243659, 525.8663316110186, 0.7764833547765593, 11002.06616449562, 557.6875751578273, 15.000876636184797, 1.9718210671650307, 0.1085076022893402, 525.6016055639464, 0.7748291667895618, 10999.528680983964, 557.6820312028593, 12.770313254962202, 1.971820277829861, 0.10758587959192897, 525.3977292957952, 0.7705152839330814, 11003.52092453775, 557.7088565663859, 9.814562381857769, 1.1390217226038266, 0.105525080308574, 526.394221253143]}