{"obs_size": 14264060, "obs_mean": [5193.737919778528, 563.6992145293837, 2.506718073255441, 0.06343528249335224, 0.10021609781647053, 625.7273616644427, 0.5419957148245125, 5196.350385525783, 563.9726265873811, 2.4074617605366218, 0.06342828575441543, 0.10022799247191974, 626.8161539918302, 0.5424446615479559, 5196.994441081757, 564.2866834547807, 2.2845644928582747, 0.06342038496550967, 0.10020453584260101, 627.9054726886052, 0.5423990079261967, 5198.702896908396, 564.6730062128173, 2.126509773514693, 0.06341237456272117, 0.1001695182677303, 629.2799496698145, 0.5425115662721347, 5202.66467208997, 565.0652783989972, 1.9447486900643995, 0.06340343808685102, 0.1001633151351023, 630.8054098013669, 0.5425289101419749, 5200.5792610743665, 565.5070124494708, 1.7500579778828749, 0.06339430163649955, 0.10014435880275427, 632.5193726723855, 0.5427116385516996, 5206.184340999469, 565.9896865969437, 1.5392548124447036, 0.06338515777647645, 0.10012626813193448, 634.2116363048583, 0.542649843452693, 5208.301182045468, 566.5623483776708, 1.3073064050487728, 0.063074528503885, 0.10008234400682504, 636.275545815658, 0.542930849281324, 5211.698385622931, 567.0921332355584, 1.0631632929194073, 0.06306454021233256, 0.10008665481069337, 643.5735342788755], "obs_std": [10862.933303156655, 554.1822834722682, 23.90105488629836, 1.608877223022467, 0.11802082235299027, 525.8267753067938, 0.7760436670045204, 10868.30644572936, 554.2246576121435, 23.281306773850055, 1.6088764995250777, 0.1174262744043398, 525.7707216422392, 0.7776835249097032, 10866.08591875625, 554.2013900379806, 22.4545734462346, 1.6088757325082712, 0.11667877674664995, 525.5608406346201, 0.7786664635858459, 10871.053827412941, 554.0608773344542, 21.29461186129714, 1.6088750784359493, 0.115420092324437, 525.6280173675143, 0.7757681237995613, 10876.469251542187, 553.9791907257363, 19.802206743702577, 1.6088742677707804, 0.11523886303236452, 525.1845021733877, 0.7727390862318503, 10868.193023324493, 553.8652180266121, 18.121483561282993, 1.6088735505906688, 0.11422089645193818, 524.9148884581853, 0.7738513136894347, 10877.09236497129, 553.7546647898619, 16.14142141483537, 1.608872829969768, 0.11325797629127783, 524.5896047507606, 0.7678655676115098, 10878.431180657535, 553.7781144723489, 13.685684991975132, 1.1381024105576627, 0.11254707852935285, 524.3377673264202, 0.7677566361877189, 10879.855908293288, 553.681954940761, 10.403606886279274, 1.138101321129983, 0.11157720571487922, 522.6404697853318]}