{"obs_size": 14240282, "obs_mean": [5244.408590246063, 561.5702811924651, 2.1820567879203514, 0.06413355141092765, 0.09912124480933748, 630.6830134837726, 0.5597225518427208, 5243.446107377938, 561.8968301329987, 2.096789164708958, 0.0641273318439275, 0.09911412048989056, 631.4599022921053, 0.5593858172892854, 5247.728261203616, 562.2035624013627, 2.011766761360484, 0.06381912398484156, 0.0991242371712162, 632.4301780907712, 0.5601778702837472, 5246.572263834402, 562.5385890532225, 1.914189690906402, 0.06351009497614661, 0.09914949744344989, 633.6069146910098, 0.5599989644165712, 5249.7633794381845, 562.8348689302641, 1.7944944489161099, 0.06350195349320407, 0.09912316363643689, 634.8293078621091, 0.5603801467555145, 5251.15155737022, 563.2185819072963, 1.646180180982371, 0.06349336920414286, 0.09912727314072896, 636.2505344450744, 0.5604409019428095, 5251.468370189806, 563.6238101885905, 1.4663660452791596, 0.06348402544550105, 0.09909411625001514, 637.6431866999035, 0.5604587369828791, 5254.4227215462415, 564.0995782246447, 1.2856056502251851, 0.06347477053453793, 0.0991078581218397, 639.3491946223155, 0.5611027706473789, 5255.299209736697, 564.6356166261314, 1.0814904508211285, 0.06256130067474117, 0.09915754894636264, 652.5258616991787], "obs_std": [10984.020140549426, 561.6959251661326, 21.162141039810823, 2.788219622406667, 0.11624001646317393, 525.6562576035143, 0.7930082766497722, 10978.415572251613, 561.7477225625732, 20.59865430407894, 2.7882191957640274, 0.11525113181893268, 525.4620724646213, 0.7921331361932126, 10987.494378765708, 561.7428544282128, 19.958337314456273, 2.5453508333127375, 0.11447295099885375, 525.2885080785505, 0.7901542813893914, 10982.230398724203, 561.7500017283486, 19.215937042906752, 2.2767202046093638, 0.11457256832474988, 525.3401430593436, 0.7879981183096043, 10986.557187957107, 561.6777131418995, 18.23199902868934, 2.2767191899618298, 0.11345479739611107, 525.3641849184206, 0.7913469470058362, 10987.012066874264, 561.664161854025, 16.831330616440717, 2.276718413325887, 0.11244773211182725, 525.2210182786309, 0.786701112860701, 10986.586462099307, 561.6715171236881, 15.008152841221122, 2.2767174057937756, 0.1110180843049126, 524.9608945333428, 0.7844541545179253, 10988.70929986769, 561.6580084628484, 12.780825411290085, 2.276716668489751, 0.1101392974911414, 524.7504880189075, 0.7808577328965356, 10987.866604174336, 561.7018664965584, 9.828534924679822, 1.1390258291766158, 0.10826320047685276, 526.708593781855]}