{"obs_size": 14276570, "obs_mean": [5233.512689889082, 568.8913082764276, 2.594819133727499, 0.06405498737456544, 0.09906228274683682, 634.3471567081388, 0.5459280181444518, 5239.619758623272, 569.2162747074402, 2.47664824254005, 0.06404725530509771, 0.09905501112494151, 635.4942122030212, 0.5454870862539476, 5240.019434237287, 569.6778899273426, 2.3291167276173477, 0.06403856594616907, 0.09904190204530944, 636.5579606635184, 0.5453531714550968, 5243.464207713709, 570.1210008426394, 2.1499645222907184, 0.06402942288666667, 0.09901398403229902, 637.9622509886686, 0.5450463224710566, 5240.530267679141, 570.6643885751268, 1.9691135896087086, 0.06402009547377971, 0.09902162737856539, 639.4997409409054, 0.5457531447680102, 5244.636068494173, 571.3275313328061, 1.7645216603147675, 0.0640101146749604, 0.09904700640307945, 641.3908079070316, 0.5457561250356746, 5249.649655540934, 572.0150792522293, 1.5503390520272027, 0.06369875888095683, 0.09903151194684721, 643.9301571157902, 0.5470146788759872, 5249.562529181785, 572.6965202426072, 1.3213850385631842, 0.06338690684072545, 0.09911441381942654, 647.6174536319779, 0.5502571254160241, 5300.111493140068, 573.2421612474145, 1.06737997992515, 0.06337469544485105, 0.09935447590828929, 665.1362563291652], "obs_std": [10953.670477419864, 557.7851631257126, 24.54085346229665, 2.5421214748823027, 0.12282588914000656, 535.9711358533685, 0.8182982289958584, 10960.940109350986, 557.6980864158255, 23.788164875687073, 2.5421213096712445, 0.12206015929625776, 535.5544590615375, 0.8166205628074421, 10967.611177541046, 557.7842770483289, 22.725196352688087, 2.5421205769949156, 0.1212363005510305, 534.8223722000777, 0.8182343778817195, 10964.26740951653, 557.8625771208499, 21.453049557701664, 2.5421201494357684, 0.12115837857614473, 534.1751977246251, 0.8076778220902445, 10963.385991014471, 557.9347193733734, 19.953500465603344, 2.542119598454263, 0.12025050535398575, 533.4406689580767, 0.8123011228247128, 10963.269546176982, 558.101699611479, 18.20410561077418, 2.5421189765645322, 0.11902974250708394, 532.9644819821283, 0.8075654127486176, 10959.812866297252, 558.297024343813, 16.148314439323023, 2.2738307244055087, 0.11628487288980953, 533.0784348989201, 0.8050706878999094, 10963.995092060106, 558.4631856564325, 13.70970104068176, 1.9693252524536657, 0.11777966969951313, 534.960640554897, 0.8157345289639772, 10976.508394390079, 558.7154867314591, 10.32781670302428, 1.9693241138651936, 0.11715687885178691, 549.8234409333166]}