{"obs_size": 14289635, "obs_mean": [5142.2201150091205, 556.7885869023247, 2.8687794334844803, 0.06562298119154886, 0.10201779740609183, 618.3085468950068, 0.5575750983142398, 5145.787937026466, 557.2029092415585, 2.7117028531519525, 0.06561428776970854, 0.10199579962406277, 619.7551459907368, 0.5577716066225414, 5149.309289570843, 557.5837662053649, 2.536902447123387, 0.06560528846741694, 0.10197809156846932, 621.184386820469, 0.5579203438016261, 5148.310570927012, 558.0728627428202, 2.344574091640549, 0.06559602148411049, 0.10195710889739291, 622.5444684463897, 0.5577742628835277, 5150.442157672834, 558.5366983831287, 2.1398911168829713, 0.06558576851221877, 0.10194005211014859, 624.4306565974589, 0.5578441957404638, 5153.231758254983, 559.0574009763021, 1.91793569254918, 0.0655755724120385, 0.1019186674395815, 626.3511738951609, 0.5580895899020341, 5155.844350008557, 559.6209012336564, 1.6757351744813636, 0.06526465408074526, 0.1018883596378768, 628.4678817523803, 0.5584590028366587, 5162.583533337701, 560.2387573230526, 1.4184748595747898, 0.06495318957769787, 0.10188741611741671, 630.745560935973, 0.5587331302023992, 5166.22571993832, 560.7340204980743, 1.148821855841664, 0.06373982479693152, 0.10185381180722974, 634.3986717004342], "obs_std": [10818.77399934525, 553.4791494254575, 25.771181138480255, 3.408815734440217, 0.1267160372520853, 526.0587020177019, 0.8233548087201726, 10825.78226705478, 553.4299738264087, 24.771460468127913, 3.4088153041259144, 0.12512302410336454, 525.922512016584, 0.8225938199235495, 10832.725159840813, 553.3784039627691, 23.5994453744749, 3.4088148860288805, 0.12497226826483485, 525.8201695920332, 0.8198775879781951, 10825.290464802325, 553.4060943447624, 22.272077909692523, 3.408814508932449, 0.12381313322993737, 525.2143733603031, 0.8174921019091707, 10828.746887289206, 553.3356601699276, 20.69006047359639, 3.4088140264246465, 0.12329635719013003, 525.0950996068281, 0.8156182851165047, 10832.640991698532, 553.2849556813156, 18.887007169757396, 3.4088136056068676, 0.12166748501683278, 524.8216711428445, 0.8140551730715768, 10829.702680700731, 553.1670423500814, 16.738666183885524, 3.2138964922121565, 0.12012295531967712, 524.601401921385, 0.815731334033223, 10842.290156549774, 553.1789511587607, 14.084894561218249, 3.006368410057585, 0.11925506040536647, 524.0745707622785, 0.8121168769856956, 10843.778982147756, 553.0674407649676, 10.647233191947455, 1.968434334722522, 0.1177378799958801, 522.9387933265606]}