{"obs_size": 14251917, "obs_mean": [5267.169223759135, 570.0052927616684, 2.298127332624797, 0.0629675160206247, 0.09815783121000465, 639.5600728044758, 0.5423003436660968, 5268.2971348508745, 570.2460919467886, 2.2139503057729, 0.06296025254343765, 0.09815793918818135, 640.4971017557345, 0.5425192346405562, 5269.743257666203, 570.5848645483973, 2.1093042430713003, 0.0629526629355975, 0.09817593931805833, 641.5126788007525, 0.5424804238616273, 5274.952562931307, 570.9640050527939, 1.984600176944617, 0.0629443572377043, 0.09815777614106325, 642.5911936787604, 0.5421870676766248, 5273.3894248902225, 571.5224817826263, 1.8317476869953702, 0.06293617809394417, 0.09815817880850672, 643.5765053067117, 0.5420568846984386, 5272.341441503742, 572.026395887655, 1.645845537831858, 0.06292709477736295, 0.09812334191323138, 644.8749225593527, 0.5417412529136059, 5276.979803698155, 572.6835114883144, 1.4591558454908207, 0.06291758867211399, 0.09811097754442376, 646.6097192539945, 0.5423230873433174, 5279.2560534999575, 573.5213304287416, 1.2462739573911354, 0.06260692939890963, 0.09811755302644629, 648.8545822774519, 0.5421229417067607, 5341.7719106314225, 574.18631998769, 1.0215724663566312, 0.06259658776921856, 0.09808432250335085, 668.3387094708269], "obs_std": [11016.861212571444, 556.7368961766739, 22.670641606258826, 1.6095372477862906, 0.11552132127368582, 536.4264943439516, 0.786697798748385, 11005.945200998276, 556.7633083453948, 22.09314010460747, 1.6095362737584729, 0.11516477424770206, 536.2325076483819, 0.784749828599649, 11021.889086159785, 556.6340094851498, 21.375289948312705, 1.6095354352464488, 0.11419963204530541, 535.6930380085664, 0.7831918585553866, 11011.389712460743, 556.8073503797691, 20.460739165702083, 1.6095345377334558, 0.11331274985197175, 535.0901529246556, 0.7825825894351445, 11017.751332683103, 556.885030176145, 19.113666757011423, 1.6095338564462454, 0.11277301071501715, 534.2005085708032, 0.780861083291377, 11008.01594408489, 556.9322824107896, 17.47291197711389, 1.6095328943854792, 0.11123814435051951, 533.4682300658213, 0.7785810839276216, 11004.02822640405, 557.1317226263875, 15.54665174936579, 1.6095320887987117, 0.10915194708726328, 532.9768160773169, 0.7755221542487096, 11011.419606952071, 557.40311612889, 13.152402305793482, 1.13855033360632, 0.10824294224340023, 532.9224340604432, 0.7722886601852076, 11044.712750818977, 557.7895090717933, 9.930446155189045, 1.1385489952217314, 0.10762518119505968, 547.4613785077105]}