{"obs_size": 14251917, "obs_mean": [5286.598505377695, 571.395512687872, 2.31400877510022, 0.06287205835377208, 0.09767203007006027, 637.3097932981228, 0.5371322825554212, 5275.392813819533, 571.6096707551693, 2.2279463176778247, 0.06286511670234367, 0.0976951114659879, 638.2865826309019, 0.5373546544651131, 5277.004384285402, 571.8747266771201, 2.1221482695976968, 0.06285775196762056, 0.09769450021544479, 639.4112189158359, 0.5374876634490976, 5277.014882075089, 572.1776157551296, 1.9958277893423038, 0.06284964820193058, 0.09769953934183111, 640.6647605944696, 0.5374445683342436, 5277.952367073, 572.5816827308215, 1.8407268299415438, 0.0628417629218661, 0.09767829983376954, 641.9743904984798, 0.5376024755126237, 5279.387235175239, 572.9548569501212, 1.6552423088065977, 0.06283310856477156, 0.09765347329934615, 643.5921886597173, 0.5376978755209193, 5281.4096488729465, 573.5283503966521, 1.4657378372327035, 0.06282385154699621, 0.09764521802330135, 645.5509163602226, 0.5382155213225348, 5290.732807519089, 574.2268826011266, 1.2530131209717261, 0.06251342563994185, 0.09764587161572807, 647.9446357036686, 0.5384557101336139, 5321.31385000987, 574.8412014327615, 1.0242277582727994, 0.0625033406177654, 0.09761384445916924, 664.967494153193], "obs_std": [10988.189916793435, 556.5454010881065, 22.835844961558884, 1.6095263779807374, 0.11289821591342779, 532.3206965325481, 0.7668001363349296, 10981.533775831611, 556.5378912427595, 22.253494826956537, 1.6095254523637699, 0.11206844202549017, 532.3373129676671, 0.7639939960006564, 10989.132169620641, 556.3419934881608, 21.531714502417724, 1.6095246193715735, 0.11088348278234934, 532.057835481113, 0.7630782304232692, 10975.83904737991, 556.452611571673, 20.600699508767168, 1.6095237390788066, 0.10979339916675124, 531.740500475368, 0.7624338685137878, 10989.37578310541, 556.4193191445128, 19.251599752681987, 1.6095230882646878, 0.1095066538607411, 531.4220498177041, 0.7623321694985496, 10982.15318844594, 556.3894778011104, 17.603134111208636, 1.6095222132338023, 0.10777123569297367, 531.0867447995986, 0.760906780548835, 10982.647410540823, 556.5561804669425, 15.685316506288004, 1.6095214555471302, 0.10538517034701035, 530.8469751253913, 0.7562408829284516, 10990.476959701868, 556.8079660090325, 13.285056472015029, 1.138535301588169, 0.10471959166288274, 531.0320641728858, 0.7537754129823588, 11007.53886502993, 557.1087406284865, 10.05532036356356, 1.1385339664071867, 0.10420426389615124, 538.9136938758668]}