{"obs_size": 799948, "obs_mean": [1880.0507449101226, 410.9878092075985, 4.477412281798317, 0.07491970008548947, 0.17871269148994182, 489.22304382368856, 1.1408373094251643, 1880.0775334270922, 411.4058051273333, 4.353424222574468, 0.07490366760462791, 0.17887334933895965, 490.56876660900156, 1.1403568719466965, 1880.4750980463061, 411.7033457174716, 4.210364923720042, 0.07488710967961296, 0.17872530201712403, 492.1117205201632, 1.1410093706090942, 1878.8191714170312, 411.89145669468513, 4.050285768574957, 0.07486979960945887, 0.17864339833089746, 493.6934473715715, 1.1406426455220426, 1875.4000622889614, 412.34554496042244, 3.8315890532884636, 0.0748506344074707, 0.17844275114883107, 495.4410394034067, 1.1402055008576275, 1868.9547477702567, 412.72542715276495, 3.580076454969573, 0.07483303455097996, 0.17836710576687592, 497.7930327787788, 1.1402964080165596, 1863.2221740679474, 413.07361103471726, 3.305921134873767, 0.07481578945129894, 0.17827099509468272, 499.9665262658686, 1.1391385790076922, 1861.6445347497347, 413.52460784951023, 3.001863871151625, 0.07479539463938609, 0.17793150085381143, 502.68332740295307, 1.1405073204759237, 1862.6395815269814, 414.0200513033347, 2.6707160965462755, 0.07477527895436657, 0.17805913541630186, 515.075278345591], "obs_std": [3857.997464524665, 498.8014485381871, 26.148382340982792, 0.06908981286948669, 0.24440447332842466, 433.4677626904483, 1.4299785474964086, 3853.5827058791724, 498.8280646449845, 25.519283804286644, 0.06900615645258515, 0.24588163021898696, 433.31331420427813, 1.4267130759075284, 3860.7885041783265, 498.56802472627726, 24.714452816069496, 0.06892757957723028, 0.24439779275252277, 433.5744502269755, 1.4264145800352979, 3851.3514727991337, 498.4413558318406, 23.783340567951782, 0.06886087725140574, 0.24350664570075425, 433.8697861311299, 1.421789711526747, 3850.0171035319877, 498.44181650898594, 22.437415917313324, 0.06879381136342409, 0.2426193753703098, 433.7164107382697, 1.419678916490428, 3832.180181202489, 498.36267220536376, 20.663844368060193, 0.06873593310123204, 0.24264533080544312, 434.02211957110563, 1.4172786755403135, 3808.0982798695723, 498.0136298414093, 18.596664793135417, 0.06869912553467952, 0.2418505761074456, 433.5467635527086, 1.4115448947345623, 3803.0915251637975, 498.00949834131376, 16.10254294348069, 0.06861667859271232, 0.24037176755907147, 433.1360087562178, 1.4128068669473253, 3819.0348776807127, 497.86663129027886, 12.889695051974702, 0.06855784159944976, 0.24072238271960067, 430.7591917199652]}