{"obs_size": 14251917, "obs_mean": [5265.027486154948, 569.2218639780177, 2.2948233560439624, 0.06518754406632539, 0.09911381295007553, 636.5053850510081, 0.5483337158082416, 5270.818752093285, 569.5081160660702, 2.212392059257712, 0.06487790012719757, 0.09911367303591523, 637.4965371001877, 0.548779307092553, 5270.577820848776, 569.8336680602337, 2.108167694212645, 0.06486987166583333, 0.09915049732762347, 638.5066402987056, 0.5486818813216909, 5273.660530397257, 570.2272411493836, 1.9837054902859732, 0.06455926513690115, 0.09913799449182953, 639.5530030746008, 0.5483658236292349, 5272.949144092249, 570.760171350984, 1.8327345016112566, 0.06455011678941919, 0.09912362601809974, 640.522739344373, 0.5482909887842181, 5273.997782770017, 571.2144731828006, 1.6451926432072261, 0.06393768712034378, 0.09909956795805093, 641.774811316821, 0.5479056858105855, 5277.49661841223, 571.8328476092025, 1.463645837959904, 0.06392792593586581, 0.09909379295908011, 643.4638834317202, 0.5487541687901067, 5280.237393261297, 572.5830048687485, 1.2529978247838518, 0.06331517654853873, 0.09914462627708316, 645.8298156378025, 0.548552706558742, 5329.864303325964, 573.2235062132343, 1.0301908157337711, 0.06270143647125655, 0.09912469780689748, 668.2221183241522], "obs_std": [11012.649746239424, 557.8301983392428, 22.624988043422544, 3.413316993341872, 0.12077702291146662, 534.665793345632, 0.8188896247357034, 11024.345365594367, 557.8886000853275, 22.051165446014956, 3.2181410773785957, 0.12069169569471759, 534.7017951787249, 0.8166112656121735, 11031.599779871205, 557.76879207638, 21.326720620113697, 3.2181406349208372, 0.11920655344005254, 534.2898299945039, 0.8140009827792507, 11021.11771469983, 557.9477777655511, 20.41213393512639, 3.0103371796437233, 0.11905648083448063, 533.6700850614699, 0.8137603112506631, 11029.868476416037, 558.0311022524096, 19.06806444027517, 3.0103365000770315, 0.11833258175099345, 532.9335068930354, 0.8128782881651555, 11019.60571423154, 558.0627008218293, 17.428062882012366, 2.5443131209985115, 0.11759656758048474, 532.0340954098618, 0.8080703081878069, 11022.234076053259, 558.2677326631689, 15.526910854412241, 2.544312643094815, 0.11561879124528816, 531.4610477293594, 0.804771714082277, 11027.100083704763, 558.5154841435425, 13.151122910330301, 1.9710236752835697, 0.11543989012860233, 532.0026082992817, 0.8015125788138153, 11033.869584063377, 558.8600566887117, 9.930508623312559, 1.1385689094290423, 0.11408359273768642, 549.6985533386422]}