{"obs_size": 14240282, "obs_mean": [5294.481135078013, 569.8242232843422, 2.1310302703275115, 0.06531931570955636, 0.09878853705326865, 638.4229604704948, 0.5481222645731691, 5305.619794687179, 570.1043043950955, 2.0432643819834473, 0.06531189227819452, 0.0988200233147077, 638.9782689036639, 0.5471984104669098, 5295.444806005194, 570.4933095426061, 1.9569829445793276, 0.06500298560485769, 0.09883435489823926, 639.830935886154, 0.5478136990545979, 5302.075036335257, 570.8345277853347, 1.856687529081236, 0.06499489490180836, 0.0988715104537964, 640.8753534933691, 0.5475860881828394, 5300.02287203592, 571.2669688704198, 1.7357415393880542, 0.06468473644729185, 0.0988444052022995, 641.791020580298, 0.5472125379258987, 5299.13865889691, 571.710226033445, 1.5839556407661028, 0.06467566832357056, 0.0988308149940436, 642.8288296921785, 0.5469187042082934, 5303.201685143918, 572.2789192657843, 1.3997807065899397, 0.06436434000977737, 0.09877540817141109, 644.1892370963766, 0.546733929707333, 5308.584650060992, 572.9879762914807, 1.215364133940606, 0.06405294066536853, 0.09880012937398211, 646.1230635373174, 0.5474540280874072, 5356.511954087267, 573.6339208029729, 1.0052857801551964, 0.06313879595102903, 0.09881985199288917, 668.7378943246546], "obs_std": [11058.122707745491, 557.7921958082552, 21.33183617428015, 3.5993871602185297, 0.11887936869075899, 535.1585094995653, 0.8170642851924058, 11074.626855963757, 557.781648052734, 20.761192802115144, 3.5993864292529816, 0.11849753914427429, 534.2093535246728, 0.811677392487453, 11064.418502697235, 557.7943666552792, 20.113084553827044, 3.414707491251227, 0.11804025219885457, 533.5936339353527, 0.8103853999246219, 11066.905342091459, 557.8356266731416, 19.353902585203226, 3.414707126357565, 0.1177549599751351, 533.2924896290369, 0.807683007574118, 11064.692302695179, 557.9056368685358, 18.353785294258163, 3.2194518099519267, 0.11773090913677693, 532.6195471999092, 0.8096824012976366, 11050.960378287133, 558.0019757127001, 16.936361451019184, 3.219451147800319, 0.11628960094879837, 531.7148796633993, 0.8048021146541502, 11054.945685931198, 558.2226163102832, 15.08468564501657, 3.0115625880680446, 0.11535336852816293, 530.9598169167335, 0.7988675649679325, 11056.235846280166, 558.5215667107733, 12.829669293846052, 2.7882168439118913, 0.1143166113573152, 530.8282346506112, 0.7992907914093998, 11076.579148255554, 558.9288132443089, 9.808166923105322, 1.9718253196063371, 0.11319915784137692, 549.037718738123]}