{"obs_size": 14289583, "obs_mean": [5194.538246120578, 565.6214634114936, 2.7601797757149384, 0.06598264570534348, 0.0996690282445605, 631.2768935015602, 0.5503263542400374, 5208.830977618536, 566.025043767897, 2.611078363868281, 0.06597369403061654, 0.0996569705256614, 632.6061036079685, 0.5504070784291235, 5206.652613303224, 566.4852592969298, 2.4341515774113214, 0.06566361333218028, 0.09962926483649001, 634.0774916592486, 0.5503346127735548, 5210.732184788777, 566.9997100685164, 2.254626044720829, 0.06565446777404886, 0.09961935246815784, 635.5213080126456, 0.5511151941942977, 5208.858999769314, 567.6158997082, 2.051444748247727, 0.06564473290949766, 0.09969939411486031, 637.5206242038946, 0.5507821646720209, 5209.527413278983, 568.2805063660711, 1.839416797537059, 0.06533314603302964, 0.09967785102301432, 639.9269192489883, 0.5521460046805154, 5220.714522290062, 568.9716932957385, 1.609042615169386, 0.06502178404318086, 0.09979358566369546, 643.1807332611942, 0.5557183861138973, 5218.126609890116, 569.702531907334, 1.3577335321821498, 0.06470906119521512, 0.10007834976583996, 649.3454520251535, 0.5689397181149788, 5262.378668100124, 568.6504777641167, 1.1161030381362422, 0.06349376488019978, 0.10104890033173149, 661.0056326499293], "obs_std": [10905.124166645284, 556.9025443044142, 25.460731821747466, 3.768529351131491, 0.12491083201493872, 535.3399444736959, 0.8388800111772439, 10929.481063527755, 556.8363105992196, 24.465035305841372, 3.768528806051795, 0.12277753595118267, 534.8927571950235, 0.837632571056268, 10931.34554010366, 556.8372533634412, 23.297113918553954, 3.593176971439692, 0.12327713634037363, 534.6307212236076, 0.8308888886550153, 10920.572224302696, 556.9181106553883, 21.983579106068966, 3.5931768493361322, 0.12186659267352687, 533.8202244395644, 0.8326869703986577, 10922.233355791115, 557.0368638569067, 20.418329462921452, 3.593176682978214, 0.12216875345688463, 533.6244172022015, 0.8243862689540054, 10917.873326478191, 557.2104809132786, 18.639748581823632, 3.4088167779058356, 0.12023006241790221, 533.6438475010715, 0.8236703537605932, 10926.562336656267, 557.3695940050081, 16.535012564799395, 3.2138989515962777, 0.12107315885288598, 534.6154138021233, 0.8366196767127111, 10924.96092335112, 557.73979409517, 13.93038895935674, 3.0063695121602168, 0.12260231832976387, 538.5210140193952, 0.8737938468898655, 10937.813310186715, 557.3011439927471, 10.572799427081312, 1.9684302100353175, 0.12873363168655358, 548.6112454275898]}