{"obs_size": 14264008, "obs_mean": [5271.640409094431, 571.6695390944818, 2.4563612835887367, 0.06300102311469012, 0.09800863966130709, 636.9286581426923, 0.5399715856160836, 5282.715968346037, 571.9484153402045, 2.355797332699197, 0.0629938744655167, 0.09806087117442773, 638.1624864772491, 0.5403448487269847, 5286.235609979518, 572.3571660924474, 2.2332347261723355, 0.06298607510610807, 0.09802677911636117, 639.3021631805486, 0.5399096271539164, 5286.714677947767, 572.8216570686162, 2.0805244220278056, 0.06297818440000362, 0.09799362346887329, 640.6092615585926, 0.5400026332010269, 5288.794207653575, 573.346243916857, 1.8996898347224707, 0.06296922009207555, 0.09798197120634006, 642.0808069170025, 0.5398609389450986, 5277.540906903805, 573.9082102309533, 1.7153603671562718, 0.06296009192487313, 0.09798306226174397, 643.9199922831375, 0.5405252880537157, 5300.56549351858, 574.524389568486, 1.5080808984403262, 0.06295101735936524, 0.09799807784144594, 646.0030443908893, 0.5403236632369037, 5297.654072462583, 575.2769286164167, 1.284968432434979, 0.06264026361168076, 0.09795253550348497, 648.7771542077986, 0.5413882603683619, 5324.587274132212, 575.9073062774502, 1.0489285339716579, 0.0626300857458242, 0.0980198830021701, 664.7994921237138], "obs_std": [10999.333343419523, 558.9186768878136, 23.70045412469576, 1.6088537054674243, 0.11205291169461098, 533.1380145874128, 0.7754029049393072, 11010.430317620781, 558.978685583644, 23.064354912266634, 1.6088529009515453, 0.11133888773225753, 533.1717015546704, 0.7759329168692983, 11018.202219659921, 559.0679999046289, 22.22736117212352, 1.608852110259517, 0.11058568393935994, 532.8915145959845, 0.7759730056295597, 11016.368875843647, 559.0482162572251, 21.062722244027498, 1.60885150324081, 0.10936695360483065, 532.82733840251, 0.772194751269332, 11016.81374277621, 559.2198684901653, 19.577935067998975, 1.6088505963766853, 0.10924995222495029, 532.1846050255892, 0.7671917546380282, 10996.456001274126, 559.3488252586665, 17.91958082195059, 1.6088498585888296, 0.10827566952955403, 531.6911260355536, 0.7684620817481325, 11026.489299355462, 559.5286678848519, 15.957555806258283, 1.608849117707077, 0.10760896164743095, 531.7250368952417, 0.7614984267743593, 11011.131630436319, 559.9536343175205, 13.542644434058312, 1.1380666300576443, 0.10672963159876382, 532.2611235180962, 0.7609612170243293, 11032.392168316323, 560.3122821403183, 10.293018135347955, 1.1380653737221782, 0.10656706730920545, 540.7650237574718]}