{"obs_size": 14264008, "obs_mean": [5192.415742206182, 561.117525032235, 2.471946945066212, 0.06765642977760081, 0.10228662752895318, 627.6332310143121, 0.5652984627462709, 5196.9895234535015, 561.368458360371, 2.37092001070106, 0.06704570985161651, 0.10237519270628623, 628.6767482572488, 0.5653449298402319, 5194.904810361345, 561.7440330936438, 2.2494920782433665, 0.06703610203675833, 0.10233839990695548, 629.7538866245259, 0.5649554487070121, 5199.408645755515, 562.1334515516255, 2.104622207166457, 0.06642378546753046, 0.10232993877541265, 630.8934060092047, 0.5652937510270929, 5201.9001893713885, 562.5701300784464, 1.9200327846142542, 0.06611229880438493, 0.10232983539759706, 632.2468882272518, 0.5645464143738848, 5200.677249794998, 563.0408210651592, 1.745562537542043, 0.06550015718920883, 0.10232796722513159, 633.9858250469258, 0.5659662749067754, 5209.3232458649545, 563.5385005392594, 1.5376443282981893, 0.06488750783875943, 0.10242478040730231, 635.9036547234616, 0.5656235312683893, 5206.877887726755, 564.2054072740283, 1.322443453480957, 0.06397281017341863, 0.10244301554584079, 638.7015281241189, 0.5679875397574392, 5231.736909528845, 564.6778564622228, 1.0940723673177974, 0.0636601899532812, 0.10268208635910853, 662.303251072114], "obs_std": [10933.596459213288, 556.4663198506042, 23.49850081906231, 4.548986734208512, 0.15426759042148214, 531.8360013114564, 0.888826569924753, 10942.504541099777, 556.5249408036321, 22.87500990698209, 4.255218454911389, 0.15365231075768795, 531.7836842912154, 0.8880973836192327, 10940.669527230539, 556.5776987210558, 22.05079993065901, 4.25521813219222, 0.15336485030144706, 531.4662455068432, 0.887861882677859, 10946.46570252401, 556.4824726007338, 20.900598067899562, 3.9396041231554197, 0.15320009268745796, 531.2195593010711, 0.8809873248691094, 10952.12618445108, 556.4944930640053, 19.42754984147582, 3.771906470351468, 0.1534601287503178, 530.5319578032069, 0.8723065799102282, 10944.699937864585, 556.4681945913011, 17.786423026201156, 3.411873508950958, 0.15173714234574406, 530.2644252277494, 0.8777744004368064, 10959.13494255887, 556.4543539249745, 15.848333311691833, 3.0090665461620345, 0.15280150814745416, 530.2548411558178, 0.8637540036350183, 10952.93577570748, 556.641375899167, 13.470238451367841, 2.274837124900655, 0.15233754943133684, 530.8448593822648, 0.8681018764642356, 10961.530870230234, 556.7400039598822, 10.278192528592367, 1.9701982836485281, 0.15348270638705436, 552.1437059775942]}