{"obs_size": 14251917, "obs_mean": [5257.051984728854, 569.7503519701945, 2.291570670808706, 0.06426381106781026, 0.09896844846107349, 638.564705232051, 0.5476342534832784, 5259.768138914537, 570.028097693805, 2.208804822537206, 0.06395456702435957, 0.09896573899981333, 639.5178679574086, 0.5479398150438751, 5262.117807232692, 570.3989106167262, 2.1045994023119836, 0.06394632615984988, 0.09898703807558026, 640.5967207673649, 0.5478375088769253, 5275.554819537018, 570.8280881091295, 1.9796799967330707, 0.0639370346058785, 0.09897053039952522, 641.5838484647812, 0.5475622122975201, 5264.059293336361, 571.4105435781026, 1.8293553070790405, 0.06392800537759989, 0.09898031851041483, 642.570598509189, 0.5474917286566243, 5268.89802884854, 571.9008279377434, 1.641283484881367, 0.06361705589354104, 0.09893265909189577, 643.8333722272828, 0.5472334229844781, 5271.759359734254, 572.5645140930868, 1.4588144177376279, 0.06360724414183058, 0.0989350144533535, 645.4643538813676, 0.5480353546123418, 5271.751017844425, 573.3188609644583, 1.2478550078561361, 0.06299489529262045, 0.09898845460137119, 647.9338945750669, 0.5478558201679579, 5323.528608703971, 573.9544686514803, 1.0255934692855706, 0.06268224790322016, 0.0989454960272356, 669.3509426904926], "obs_std": [11016.227526024157, 558.1660983066918, 22.620353633881322, 2.787084702921818, 0.12042438019305049, 536.5451808342341, 0.8153437864310336, 11010.34203875108, 558.2300750034743, 22.04470539534465, 2.5443154948040774, 0.12026090201816443, 536.4176665942962, 0.8137021924499866, 11026.735656529354, 558.1244678172104, 21.32164641110366, 2.5443148281311676, 0.11884425894564099, 535.9799822545674, 0.8111029643756349, 11021.051024769893, 558.3558383626753, 20.403036399668412, 2.544313712581808, 0.1188654007508485, 535.4342365712715, 0.8100342709541566, 11021.990018277234, 558.4740811221698, 19.062495675521397, 2.544312891937106, 0.11811157507707931, 534.7305311366367, 0.8085880391291838, 11013.997071452137, 558.5683744479599, 17.414485659602846, 2.2757917394124196, 0.11680249026978554, 533.8820948976322, 0.8071429104775049, 11012.748778886651, 558.8401887476101, 15.508783596213554, 2.2757911485943505, 0.11477431812119597, 533.3270537522712, 0.804007270266403, 11021.83810443437, 559.1056450998453, 13.120327038202353, 1.6095442468027936, 0.11488961127565661, 534.1820790452861, 0.7980859387114925, 11023.636337621987, 559.4545396634601, 9.899959769487886, 1.1385649748828253, 0.11349358853870761, 550.8055808567012]}