{"obs_size": 14276570, "obs_mean": [5216.939267872499, 567.4027918470612, 2.6092247647719304, 0.06689358038717286, 0.10001826673647865, 631.6866496773879, 0.5513769028555531, 5221.6315155470065, 567.7279968507842, 2.4906622529080864, 0.0665841533349467, 0.10003172170703487, 632.7821076837967, 0.5509749820860693, 5222.453996804903, 568.1742674886195, 2.3444767195481826, 0.06657482237141693, 0.10002600054025612, 633.9130870789425, 0.5509866665452996, 5228.0084300701, 568.5919065293696, 2.1628631386950787, 0.06626428030977326, 0.09999972383870924, 635.3623851224272, 0.5505482420497789, 5227.641375503036, 569.16289725053, 1.9842415229988717, 0.06565309689477944, 0.0999965844044477, 636.9348124207247, 0.55139296595755, 5232.483412456157, 569.8153657356073, 1.7788072345108104, 0.06504108054575404, 0.10002579200249168, 638.8096022428796, 0.5515018210256812, 5233.167595795815, 570.5185625819087, 1.5649882990101964, 0.06442887334640598, 0.10005282195401262, 641.3521053821232, 0.5529280094589032, 5238.931042839247, 571.1517620829092, 1.336257448392716, 0.06411669849936598, 0.10018030612612208, 645.0141591054917, 0.5566303807567664, 5277.506531925102, 571.6456847127846, 1.0813176414222743, 0.06380300164844178, 0.10047246208185914, 663.396196006929], "obs_std": [10938.122332476465, 558.6160690846415, 24.56077213854047, 4.253343141953852, 0.12954083666802493, 534.8929546718913, 0.8444486710264654, 10946.013363927585, 558.5637275260538, 23.809221636350323, 4.098641916223654, 0.12924486056489218, 534.3509350554552, 0.8421723294117346, 10953.27331708894, 558.644947231184, 22.742886959455774, 4.098641391960159, 0.12886629238126263, 533.7570112653656, 0.8464680751209357, 10951.142093704404, 558.7028006530394, 21.468183144420884, 3.937867233054131, 0.12883098337440868, 533.2534231987024, 0.8366135158824812, 10958.96745309734, 558.8128651240834, 19.978737682570355, 3.594812517007075, 0.1279607221162313, 532.6941268941968, 0.8404196455093113, 10955.559430790132, 559.0044753054666, 18.224535082277107, 3.215362096465437, 0.12592870805607725, 532.4200115846105, 0.8356859896998732, 10954.112323524034, 559.2166378321342, 16.17124496551872, 2.7846779553221186, 0.12446274570264956, 532.5570878589372, 0.8308915316220418, 10963.327293660932, 559.3840110448086, 13.740514177458621, 2.542118654696046, 0.12580039444712182, 534.3251355331623, 0.8391262305772296, 10963.693468046871, 559.5945705948607, 10.366334270947654, 2.2738296462505243, 0.12622324738727458, 549.7331742099427]}