{"obs_size": 14240282, "obs_mean": [5283.985211787449, 569.1472381656487, 2.1434064297322197, 0.06611356358955016, 0.09955098160324338, 637.0749195539372, 0.5520074379145368, 5290.179651295403, 569.4065839426494, 2.054901089739656, 0.0658044029760874, 0.09960900876155489, 637.5962500408355, 0.5510305266426937, 5286.999810112692, 569.7791026188949, 1.969508117886991, 0.06549499921196253, 0.09963424848475681, 638.3911896272942, 0.55144939552465, 5293.666861717182, 570.1028818811313, 1.8681441139999897, 0.06548637493380564, 0.09964364608875077, 639.4223252846127, 0.5511581112649614, 5292.529815746637, 570.534080855983, 1.7466435706820975, 0.06517603750003846, 0.0996145709290737, 640.380249852864, 0.5507959263026125, 5292.805647919038, 570.9898726724653, 1.5960593336564544, 0.06486548212873275, 0.09959034558648543, 641.4561013434925, 0.5506526756984581, 5297.99120616239, 571.4992334421469, 1.410223477315969, 0.06425209694478749, 0.09953998731387506, 642.8558224828184, 0.5504350697549713, 5292.418303084626, 572.2166746416959, 1.2266234615297646, 0.06424206136318883, 0.09955747200940203, 644.9198644958483, 0.5512210833325139, 5347.680770823151, 572.8523746229183, 1.015676866511492, 0.06332751845856054, 0.09957857468967277, 668.120622134775], "obs_std": [11068.376718080715, 558.9073837500902, 21.374288102092297, 3.9428794705016057, 0.12430906153845313, 535.0103569713406, 0.8313494145522279, 11073.206026595135, 558.8979361254608, 20.80227180735984, 3.7750418780932344, 0.12440686576455282, 533.9845823074436, 0.825940602800979, 11079.158259287802, 558.8995414816809, 20.151612403716285, 3.599386765115898, 0.12490249261494732, 533.3724006268062, 0.8217769169151452, 11079.155874753242, 558.9364162043785, 19.38888311215318, 3.599386273467479, 0.12376888383586418, 533.0073358944007, 0.8176122130437596, 11086.085303624002, 559.0045324695999, 18.39315413646606, 3.414707405291567, 0.12339688118922561, 532.3821974553234, 0.8204119328352274, 11075.252989522625, 559.1316339088794, 16.975841995754127, 3.2194518367351974, 0.12206758314996362, 531.5003678784883, 0.8149016017279309, 11077.33658500629, 559.3133645350168, 15.12664617835858, 2.7882178646069886, 0.12120651006613413, 530.875408893183, 0.8113796451581722, 11068.895644686581, 559.6112023462563, 12.856909801734204, 2.788217322914543, 0.12022532415256287, 530.7810782490325, 0.8082057121693903, 11096.152543826747, 559.9978310893855, 9.831170916406238, 1.9718259155342714, 0.11835359411193745, 548.8469716715742]}