{"obs_size": 14264008, "obs_mean": [5231.209498965659, 567.8835344175354, 2.4495106845144794, 0.06497756994037882, 0.09938592354273809, 635.4650208642613, 0.550684047008431, 5241.221892910483, 568.1107643097228, 2.3498778884588405, 0.06466855372600211, 0.09946112399642601, 636.48751085184, 0.5507983712572693, 5237.598531125805, 568.5092633150514, 2.2285340838283325, 0.06435897383190776, 0.09941932510441756, 637.4880547372562, 0.5501403524872255, 5243.612078510271, 568.9287352474844, 2.0800234408169147, 0.06434988073927912, 0.09938969311886225, 638.5915911780569, 0.5500748406058545, 5245.340803958349, 569.4580343056454, 1.8964954310177056, 0.0640387885476594, 0.09935005440778004, 639.9859178964249, 0.5498503624647865, 5240.806498283826, 570.0192679364733, 1.717355598791027, 0.06372786698879594, 0.09938433188652264, 641.6223522319452, 0.5507706524702347, 5254.020150880197, 570.6109528962688, 1.5090584637922244, 0.06341702655909348, 0.09943657815972973, 643.4492765071845, 0.55027662568618, 5246.750270762849, 571.4210590739992, 1.2895015902963598, 0.06280413034976727, 0.0994143169182878, 646.2769432031038, 0.5516386348073137, 5305.028019540324, 572.0211956555268, 1.0572314597692318, 0.06279239928238418, 0.09954747009003496, 666.7229271676846], "obs_std": [10973.719374846216, 557.9092644383322, 23.582940379279368, 3.216777798442569, 0.12054986775854135, 536.1958678213356, 0.8391491245291768, 10991.400596339592, 557.9397830912576, 22.954943705565785, 3.0090627429272985, 0.11967822506303055, 535.89204841829, 0.8381892581166551, 10990.56267353911, 557.9870661457135, 22.12285837376947, 2.785903648164159, 0.11956571180987989, 535.356041694483, 0.8355766856077336, 10991.472466510611, 557.9279105811006, 20.971791337876038, 2.785902808091981, 0.1182116504733029, 535.0067129029485, 0.8289791711749749, 11000.036925920062, 558.0111612182886, 19.486963409308718, 2.5432362517223877, 0.11826772879112359, 534.2102011830967, 0.8248498995774722, 10981.935810697687, 558.0951849551836, 17.837461284256317, 2.274829446243897, 0.11807270613255325, 533.5479848231375, 0.8250834818868619, 10992.656783105636, 558.20148757257, 15.883727610496532, 1.9701897603678016, 0.11737832447977688, 533.2345764291961, 0.812697725277266, 10980.782305626526, 558.5441630868384, 13.483753111034776, 1.1380897600906692, 0.11668712318325769, 533.6072968616662, 0.8136698662033904, 11013.210239154383, 558.8479926675661, 10.249665345681466, 1.1380874992081416, 0.11827154536197772, 550.8970121025635]}