{"obs_size": 14251917, "obs_mean": [5256.549687081513, 567.927381558565, 2.299920214242056, 0.06704142253930605, 0.09979291175516937, 634.2001238902349, 0.551323295666164, 5260.551964800514, 568.2041752698952, 2.2190574783729087, 0.06642997775794783, 0.09980600226923893, 635.1683995100879, 0.5515725234717921, 5262.499898168527, 568.5353808192962, 2.113583386712117, 0.06581901836834406, 0.09981242570420569, 636.1953100327963, 0.55150705627886, 5264.723922734483, 568.942826498358, 1.9897234175584937, 0.0652072271218749, 0.09979353550754014, 637.2735346094576, 0.5511398524844404, 5267.48911384079, 569.4756415575534, 1.8389750655999468, 0.06489623960552883, 0.09978579415632194, 638.31723195932, 0.5512742101992694, 5266.590105890941, 569.9444282477929, 1.6506070727187085, 0.06458509682964816, 0.09976233226477517, 639.5988783481781, 0.5508405578702488, 5272.5362410444695, 570.5788535675589, 1.4703377798228827, 0.06397216631665102, 0.09975563530702536, 641.33689193053, 0.5519207713601348, 5273.684284046351, 571.3432616819197, 1.257934704503261, 0.06305799265804862, 0.09981968730417184, 643.6635793207267, 0.5516277367459027, 5321.380887986312, 571.9872683092386, 1.0369777623599687, 0.06274486844682853, 0.09980097224401399, 666.3509016897366], "obs_std": [11009.541148407976, 558.1207394148457, 22.62704485190492, 4.406416337809407, 0.12824583744161666, 533.7738784515866, 0.834997297620195, 11012.80588162721, 558.1895519439776, 22.054520815183498, 4.102183635662845, 0.12843288930109126, 533.8474409149287, 0.8304430667108498, 11027.366110362824, 558.0847452839855, 21.327180976137043, 3.773502184609961, 0.12648395316696387, 533.4270381317745, 0.8278194776842018, 11013.151249647943, 558.3015807983487, 20.411586456324205, 3.4133159476046115, 0.12628436625925157, 532.9313561904285, 0.8265530765622676, 11032.491042958289, 558.4089176024901, 19.065005346211237, 3.2181401209369596, 0.12562562714018546, 532.3030761077632, 0.8266942663102053, 11020.86203760097, 558.4657411929104, 17.42129137784696, 3.0103366622757317, 0.12460924618266407, 531.5248634126692, 0.823433612745183, 11025.768157414783, 558.6872877383947, 15.520486251790702, 2.5443137821954607, 0.12270753493857027, 531.0781283718095, 0.8235058836920972, 11031.354923524645, 558.9583443650282, 13.139814333980691, 1.6095479522116483, 0.12252268968308501, 531.5574076063477, 0.8160168059195831, 11037.46250963843, 559.2985275030076, 9.936021610757715, 1.1385705262234254, 0.12185884912985208, 549.4721805072459]}