{"obs_size": 14289583, "obs_mean": [5203.631431231902, 566.5173717105671, 2.7598237121405154, 0.06561133486065317, 0.09939301253346547, 632.7820063487777, 0.5486942897494311, 5217.565067382573, 566.9007813594, 2.610750082770085, 0.06560274675531799, 0.09938456845668561, 634.052468152641, 0.5487303560923156, 5209.327213831641, 567.3358300238713, 2.4335978173750767, 0.06559368219199227, 0.09935908432387466, 635.4375637823712, 0.5486405569708199, 5211.532931414578, 567.8166353069926, 2.254114763180983, 0.06558453315293353, 0.09936701148661901, 636.9028664905017, 0.5493299993429255, 5210.806071333033, 568.3962331161098, 2.051142710042693, 0.0655745295437311, 0.09943942647080777, 638.8770055696774, 0.5490843872771238, 5212.096559348252, 569.0013402770396, 1.8386105458780708, 0.06556402802111846, 0.09940365396764886, 641.1665699363939, 0.5504436265915307, 5218.134087570448, 569.6499901361711, 1.6078572061899916, 0.06525268838307662, 0.09951015677567289, 644.3631552913289, 0.5537625527631366, 5218.740554239084, 570.3502490590522, 1.3561201191105436, 0.0649406244249469, 0.09978100480895806, 650.3819104345201, 0.5665410118686324, 5266.693573866188, 569.3282792786886, 1.1126005566432553, 0.06372539016030772, 0.10070403938568416, 661.6350242258809], "obs_std": [10918.450186283355, 557.100629481405, 25.483409530468418, 3.5931768429202866, 0.12386983182432725, 536.3283580972175, 0.8331908635785045, 10944.828344775224, 557.0329543362989, 24.48671687249017, 3.5931762758593275, 0.12197597045786741, 535.8873005628188, 0.8332758937053892, 10938.090249842346, 557.0090774659437, 23.321548614446662, 3.593175813969695, 0.1228135233308257, 535.5235124482158, 0.8254396743700146, 10923.40017192868, 557.0663563868849, 22.010588491940826, 3.5931754455405507, 0.12211080979360957, 534.7589267819645, 0.8268011367889805, 10925.84930331143, 557.1444432381018, 20.44446108304775, 3.5931752461173088, 0.1220434326158768, 534.6076359702778, 0.8206017028576063, 10923.030618218854, 557.2564794058841, 18.66776449794056, 3.593174998814415, 0.1195457994631128, 534.5476813152958, 0.8194071125737489, 10920.667988343475, 557.3704910476259, 16.56639598753024, 3.40881511800193, 0.11983335526812545, 535.4728872278433, 0.8290940677341391, 10927.344910053946, 557.7020570060465, 13.95495765339253, 3.213897036808545, 0.12058412942386347, 539.4264712448635, 0.8665011599538991, 10943.18767985027, 557.2427938880625, 10.583997644673275, 2.272794210860262, 0.127467079548787, 549.4997199770962]}