{"obs_size": 14264008, "obs_mean": [5217.134381355939, 565.1736270058178, 2.4719056523243683, 0.06347016492721677, 0.10013663813242424, 623.8861055751424, 0.5367887723422395, 5219.331717172025, 565.465385815824, 2.373895962481233, 0.06346321912131153, 0.10018307620859541, 624.9760408532246, 0.5371957625794849, 5219.73739558685, 565.778812028148, 2.252762126886076, 0.06345537367029949, 0.10014500219538693, 626.0689280268667, 0.5371723694350043, 5221.962532930796, 566.1870749792064, 2.0993940132394764, 0.06344743145244604, 0.10010903710177407, 627.479144273513, 0.5373193945207996, 5225.440839028579, 566.5880684447177, 1.9215594242515848, 0.06343863886841211, 0.10010697816889967, 629.0182764907751, 0.5373203159308312, 5223.789205783706, 567.0361309387936, 1.734214815359049, 0.06342946990895833, 0.10010865164959373, 630.7574258122461, 0.5377678298413646, 5228.848540761308, 567.5331493784918, 1.529229232064368, 0.06342039635270393, 0.10015337429353705, 632.542416023979, 0.537702507528034, 5230.98469790516, 568.109555252633, 1.3057269737930601, 0.06310992519179309, 0.10008026379976784, 634.735009286728, 0.5382274585796549, 5235.403562096987, 568.6457558072036, 1.0660290571906579, 0.06309984170824477, 0.10011679079807172, 643.9384279484378], "obs_std": [10888.378708435443, 555.1873161989761, 23.705687592190827, 1.60887154297639, 0.11753929925577007, 523.226678273037, 0.7598147246869523, 10893.445126548839, 555.257029101599, 23.08243972600495, 1.608870783789656, 0.1166867367345307, 523.1878296826262, 0.7607258184554992, 10890.980803288738, 555.2529883975972, 22.252130061393846, 1.6088699854718878, 0.11601082442082473, 522.9832041564639, 0.7627797268320555, 10896.14474263519, 555.1468103010718, 21.10022036382698, 1.6088692959431319, 0.11480335526830174, 523.1210595734763, 0.7588939533935298, 10901.176746959065, 555.0989659841581, 19.620819025909494, 1.6088684526313413, 0.11458097686232363, 522.7022078891382, 0.7553644687297526, 10893.864158282147, 555.0198837018623, 17.966743829218743, 1.6088675702872044, 0.11392061900206979, 522.4631144389157, 0.7567447394852922, 10901.718858810456, 554.9444108297313, 16.0263392830121, 1.6088666803927465, 0.11325874554529214, 522.2135500603209, 0.7508793799462785, 10902.958610929845, 554.9995115478795, 13.632796361260555, 1.1380915659467399, 0.1124220298560121, 522.026589509735, 0.7510524521578235, 10904.996542711428, 554.942947289048, 10.376116671401405, 1.1380901363601195, 0.11160385522825458, 521.4675335100335]}