{"obs_size": 14289583, "obs_mean": [5167.4261999716655, 556.6313356379959, 2.793619589878865, 0.06502498795640829, 0.09919889243052017, 624.2607596812807, 0.5554879373316818, 5169.0450479915235, 557.052987130555, 2.6469216771406137, 0.06501700907360958, 0.09919597361553455, 625.6939803913104, 0.5558279858131584, 5173.437208011789, 557.445706218299, 2.4740996990604973, 0.06500862153899768, 0.09917636605036032, 627.1331912882748, 0.5560243680308973, 5171.954892935549, 557.9265858212938, 2.295854679594219, 0.06499995407606332, 0.09919117631865082, 628.5983627740517, 0.5564705284261937, 5173.7213915696475, 558.3993867420763, 2.0978836121389963, 0.06499069929955946, 0.09923139437609896, 630.6000493909928, 0.5565651381849228, 5177.940562596025, 558.9127558865785, 1.887275646882068, 0.06498106136813768, 0.09921770917289888, 632.6743982910754, 0.5572525788191218, 5179.026012980777, 559.4423032498569, 1.6593055234711889, 0.0646712075470717, 0.09924114549577742, 635.0799082055794, 0.5585674595962701, 5186.1506482309605, 559.9981164600813, 1.4124330290114133, 0.06436070723911988, 0.09932412018979134, 638.3844748418461, 0.5623667385535344, 5186.702121699904, 560.1779565575846, 1.167179756050264, 0.06344912872132785, 0.0995574059417273, 644.0302876729635], "obs_std": [10858.338472485744, 555.8788615742851, 25.293133674468976, 3.2138939500823493, 0.11639175633279591, 526.1469009782783, 0.7912783665328934, 10858.9450381572, 555.8744628954231, 24.307940398929, 3.2138935442559946, 0.11517227727573623, 526.0152931835471, 0.7903762021709668, 10867.885716716617, 555.8754635445513, 23.150460562380065, 3.2138930352243222, 0.11494172820690875, 525.9555675631011, 0.786871223222961, 10858.577286041218, 555.9518363008616, 21.847869710056916, 3.2138927034224234, 0.11390755800106522, 525.4772700127754, 0.7852487492653237, 10862.060730575231, 555.9422088191677, 20.29440739936422, 3.2138922979288655, 0.11366015927934671, 525.5390125506669, 0.784053363182803, 10869.483459593095, 555.9465417226575, 18.52947323482837, 3.2138917891713343, 0.11213442172209766, 525.5154766875004, 0.7823450955217489, 10862.731980500235, 555.8673766538235, 16.440402571761457, 3.006362679192488, 0.11079672383797234, 525.5956887490861, 0.7865969600611318, 10877.46833125604, 555.9168588463881, 13.851200061265663, 2.78340287213793, 0.11075690991119663, 525.9148840506109, 0.789858736240582, 10875.022460054357, 555.700732167845, 10.53179436844354, 1.9684205028877348, 0.10997258634095164, 526.1558925684376]}