{"obs_size": 14251917, "obs_mean": [5261.551290869964, 569.9143604330561, 2.28789467409893, 0.06293280809515758, 0.09852003144734855, 640.4720935965314, 0.5449746937201955, 5271.205116372753, 570.1810228757296, 2.2036291679217603, 0.06292520796080364, 0.09850634008996859, 641.5111309393192, 0.5453781481467127, 5271.73282562767, 570.5532365224974, 2.1004243850143105, 0.06291741097447541, 0.09852755668763793, 642.6023033530172, 0.545350976152941, 5278.147379377825, 570.9681730534917, 1.9753950293143019, 0.06290889899892846, 0.09852058271045268, 643.7178067017869, 0.5450574174688584, 5286.795918058588, 571.5743871508655, 1.8238431363303615, 0.06290015960302822, 0.09850866454337326, 644.6983476566656, 0.5450135574042846, 5278.541414499511, 572.1289617389717, 1.6366126746317706, 0.06289085189017811, 0.09847522674479489, 645.8344230215033, 0.5446672336781544, 5290.0506009431865, 572.8064373375177, 1.4526418446023788, 0.06288131334143399, 0.09847560429091734, 647.5653659806292, 0.5454644418011056, 5282.17379484011, 573.6390743785555, 1.242319261331651, 0.06257061088175866, 0.09852463463245066, 650.110822264303, 0.5454267670096977, 5343.742829558253, 574.2786815977106, 1.0200742117709498, 0.0625597525458589, 0.0984798738315688, 670.5546482047722], "obs_std": [11014.578621167133, 557.5885362247527, 22.603521735159003, 1.6095512691153788, 0.11940953673720316, 538.3441792271904, 0.8038972448224243, 11020.402609753191, 557.6378148478656, 22.024783037696285, 1.6095501342599488, 0.1189668934744798, 538.3601502586276, 0.802598372263525, 11032.756833259997, 557.541443794082, 21.305708551656036, 1.6095492480105802, 0.1177236085668621, 537.9389093760719, 0.8005903400091635, 11026.206388860594, 557.7308237477209, 20.390158408118076, 1.6095487198741196, 0.1175690913751038, 537.3822403242481, 0.8002349381498154, 11041.822943223207, 557.8789066520104, 19.04353073677537, 1.609547444712604, 0.11686989154936646, 536.5876618708418, 0.7991483882602306, 11023.981823847735, 557.9517674268171, 17.39536710962025, 1.6095462826981035, 0.11582781923500422, 535.6090400352944, 0.7963970866840789, 11031.673168508374, 558.2267214920385, 15.478458500572591, 1.609545495436637, 0.11382433821984507, 535.300775456144, 0.7947226142185526, 11027.059654166867, 558.518094178004, 13.091313736763466, 1.138569912837317, 0.11354413969467883, 536.2459395395857, 0.7887966448430201, 11047.29432682681, 558.8866374109326, 9.884601775423572, 1.1385676777620701, 0.11210100579032019, 552.0730791718066]}