{"obs_size": 799948, "obs_mean": [1927.959532817137, 415.6302984694005, 3.6148499652477413, 0.07363102162764809, 0.17429855148584247, 455.14710724528106, 0.9838624235575645, 1927.154262374582, 416.0233365168736, 3.511580752748929, 0.07361544375883619, 0.174419965539016, 456.2544674428804, 0.9837985319046353, 1927.7725364273508, 416.35035777325527, 3.3947881612304798, 0.07359695643841033, 0.17444792241620496, 457.5239661419546, 0.9832884099967112, 1926.7234196822385, 416.6746626030692, 3.2758916829593923, 0.07357950587912379, 0.174297401468597, 459.0949087115591, 0.9851359725882611, 1927.6527016122675, 417.1116085045528, 3.1047518088675763, 0.07355976159949568, 0.17428171005615853, 460.46210986630973, 0.9841878234586303, 1920.3006429542797, 417.33002645171933, 2.913553130953512, 0.0735391937538358, 0.1740890090780901, 461.9633565356762, 0.984565326746343, 1918.7670359540339, 417.7845822478461, 2.7047695600214015, 0.07351795164684892, 0.17396101651107337, 463.87268904978384, 0.9849062051534029, 1916.532664663209, 418.14652952441907, 2.4613137353928005, 0.07349754423536743, 0.17405244496267305, 466.0350535459864, 0.9846827956318467, 1916.275349306896, 418.5736397865861, 2.229814937970968, 0.07347650351022027, 0.1739746094346143, 475.76396897133395], "obs_std": [3821.098823075727, 467.4598531276666, 22.34139695876631, 0.06516240331382997, 0.2236343336271392, 373.34824216358084, 1.2362988437805555, 3808.9365127135848, 467.5094029969593, 21.757132540435105, 0.06510149445560925, 0.2237156277129698, 373.35805085196347, 1.229251303283115, 3817.445677331985, 467.5714745580523, 21.060157867531693, 0.06502109399518269, 0.2238385572116322, 373.42966957312626, 1.2214882378465668, 3811.194199626108, 467.5743758730053, 20.283630965499352, 0.06494884642171277, 0.22321203774625056, 373.8888258899358, 1.2353912256672457, 3828.3990244288934, 467.6936694439961, 19.082496678576526, 0.06487923641562514, 0.22290250919775986, 373.4876842607382, 1.227498525605879, 3790.94830844431, 467.658381760305, 17.67021113461742, 0.06480577440766153, 0.22192176082287543, 373.10123603132286, 1.2300862052070525, 3792.8756808723365, 467.6985750798434, 15.911309796493128, 0.06473515018293842, 0.22121702315417918, 373.3382508761291, 1.230106170645389, 3784.1919461919583, 467.52039906735797, 13.727846852915123, 0.06466473891015177, 0.22215634299946507, 373.28645117911407, 1.2296696521286266, 3781.8201904008383, 467.51333801369077, 11.284325317322182, 0.06459563853724752, 0.22046598821924676, 370.74337659741906]}