{"obs_size": 14264008, "obs_mean": [5302.5276127637335, 578.6033815320351, 2.368176882682624, 0.06275139178126657, 0.09616606260218054, 635.7975850188822, 0.517559494428215, 5304.918244018533, 578.8983899896859, 2.2712827979344943, 0.06274491721409028, 0.09618093544395169, 636.8627756529171, 0.5179634739408462, 5305.946494347586, 579.2134381164116, 2.151386973422898, 0.06273761912276844, 0.0961657848400682, 637.9088202592615, 0.5178913576745093, 5307.446234924188, 579.6103485780434, 1.9992311417660447, 0.0627302363164773, 0.09614052968499405, 639.2423587207215, 0.5180033388932479, 5311.668997387329, 580.023716615975, 1.824504515140485, 0.06272195779812535, 0.09614037305026805, 640.739874650985, 0.517970867444832, 5309.722376350725, 580.4675026121689, 1.6389766466760254, 0.06271352692441858, 0.09613504629091746, 642.4528702394607, 0.5182463201086265, 5315.24752308806, 580.9452205158607, 1.43772023964092, 0.06270509967606026, 0.09613691823546393, 644.1495695781103, 0.5181865159498007, 5317.68869750901, 581.5183339072719, 1.2175599593045656, 0.06239524274587616, 0.09610695784831286, 646.2912080139045, 0.5185271095613512, 5320.944313225146, 582.057897682054, 0.9852601036118319, 0.06238605180858834, 0.09612605664158479, 654.5615951158989], "obs_std": [10871.233785978002, 560.1826081168055, 23.46712805746032, 1.6088389529082259, 0.10574883081339427, 527.3074737422803, 0.7343433093790007, 10876.442187636969, 560.2452998659293, 22.841274622892808, 1.608838290520693, 0.10507847707530611, 527.2922054656299, 0.7353031364983242, 10874.649804637336, 560.2288186101099, 22.01243933982007, 1.608837591596094, 0.1044936908630777, 527.0823650139114, 0.7372950799942066, 10879.276581465527, 560.0886573652366, 20.859208676998815, 1.6088370157151028, 0.10311105694528815, 527.1298620450344, 0.733367578113753, 10884.40047326475, 560.0414638405622, 19.378188555811512, 1.6088362748289662, 0.10299512744042791, 526.6955035282526, 0.7300334892870215, 10876.559712607743, 559.9334321519045, 17.719289718288206, 1.608835639752031, 0.10220259938090315, 526.4847370243561, 0.7311652749330851, 10885.005647416127, 559.8266374569821, 15.76708149383377, 1.6088349860074747, 0.10136952332268108, 526.1906551547615, 0.7258007391029685, 10886.302894248798, 559.8556268288614, 13.364457658238797, 1.1380467931333407, 0.10078618292448686, 526.0558479960905, 0.7251476882531812, 10887.89984979332, 559.7750477581138, 10.140707097064405, 1.1380458259093664, 0.09986637126680838, 525.1287541485162]}