{"obs_size": 14240282, "obs_mean": [5283.881731625102, 570.1423280803006, 2.1312741559471924, 0.06454373874099668, 0.09900504955491723, 637.8952718227107, 0.5487180824087986, 5288.761793729798, 570.4054859306858, 2.043794708559845, 0.06453661086157686, 0.09902599725658597, 638.5180236496251, 0.547826116294645, 5286.602922016094, 570.7811183795378, 1.9575294225212672, 0.06452902954640348, 0.09903541834269883, 639.378771019431, 0.5483131105831021, 5290.811044887056, 571.1159739673695, 1.857138713966479, 0.06452056138678414, 0.09905173149710166, 640.448423471103, 0.5481516378678811, 5289.980851693629, 571.5734133635837, 1.7361067709192837, 0.06451225120886772, 0.09903070306880252, 641.4386021454657, 0.5477674928067046, 5290.719615551417, 572.0439763763104, 1.5845492385614273, 0.0645032452935353, 0.09902172377351845, 642.5025289390984, 0.5475619818484372, 5293.986549534243, 572.6150933668309, 1.3999321080860618, 0.06388991813603957, 0.09897106837519086, 643.8757192166512, 0.5473249734099723, 5291.095180657934, 573.3376901524842, 1.216050496752803, 0.06387991040297644, 0.09898817261245169, 645.8881480633115, 0.5480175836405891, 5344.052535593407, 573.9857268276007, 1.0055561399697, 0.06326703478337803, 0.09900928514224676, 668.5192027976201], "obs_std": [11042.491537522332, 558.7719618338365, 21.318385132660744, 3.0115655127014618, 0.11910080286231324, 535.0123411114221, 0.8160411726304811, 11047.291539886266, 558.7558886654782, 20.751000331504983, 3.0115649444951296, 0.11868808187754332, 534.14992093584, 0.8126748010396069, 11053.518902137608, 558.7474655049041, 20.103861615643684, 3.011564364453766, 0.1184092932673797, 533.5594903455799, 0.8093842892053827, 11046.339372598664, 558.7948580110375, 19.346184121784134, 3.0115637661975376, 0.11755512702510955, 533.2669711280523, 0.8081214110007839, 11051.826143306584, 558.8882972682616, 18.34929286653298, 3.0115635539617767, 0.1176936860445921, 532.6119859016627, 0.8086325366424579, 11038.65649937352, 559.0473998301634, 16.92915892634022, 3.0115629312486356, 0.1165388404233524, 531.7087691538107, 0.8046439569909325, 11041.34868077363, 559.2820615028733, 15.07782800471153, 2.545348615486572, 0.11540369505392478, 530.9689014846073, 0.7993364549790523, 11036.92065781044, 559.5983272744558, 12.823503006405604, 2.545347957051878, 0.1143390980793688, 530.7979127674777, 0.7983653148583798, 11053.305776050482, 560.0014310669878, 9.789758645959406, 1.9718243427427193, 0.11322360853918369, 548.9222079294394]}