{"obs_size": 14276570, "obs_mean": [5240.600357179801, 567.7222331414337, 2.602575408518993, 0.06418816034300259, 0.09810911211992815, 633.2514693244515, 0.5391950198122134, 5244.461675482479, 568.026485633454, 2.4822105729877695, 0.06418087210058858, 0.09810130604998274, 634.4150133456376, 0.5389666634913368, 5240.986518947829, 568.4679518960087, 2.331852188585914, 0.06417273200818546, 0.09809527095478873, 635.6873138732394, 0.538903436749909, 5251.209124028758, 568.8798255463323, 2.1546132579464117, 0.06416411757971979, 0.09808070019136256, 637.3673276744531, 0.5387856928520328, 5244.292147733249, 569.4270048758209, 1.9688591867654486, 0.06415528327189939, 0.09806351979257007, 639.13283897332, 0.5391867839404401, 5257.852529754595, 570.0876829658664, 1.7643578954889025, 0.0641458644503617, 0.09804563932128024, 641.2201765827454, 0.5396164866631521, 5257.838212147547, 570.7875948494631, 1.546905103957043, 0.06383535193692201, 0.09801576851946962, 643.8535514986153, 0.540609882345724, 5256.457888396737, 571.4470079297757, 1.3154691918296901, 0.06352474422036222, 0.09805525343370369, 647.284477326044, 0.5426992711835252, 5295.9298805357275, 572.0369546746873, 1.062242681540454, 0.06351361165609794, 0.09815598140260622, 660.3272354382927], "obs_std": [10948.242497049467, 554.8493292155613, 24.60301840168504, 2.784666354926132, 0.11531630751585774, 531.3322469899156, 0.7718904787707869, 10949.174783949573, 554.7261554228675, 23.844025501627677, 2.784666001150772, 0.11396770127898481, 530.8314611667461, 0.771247153431284, 10948.563299507121, 554.7539796373617, 22.78197932577948, 2.7846656283350004, 0.11392857601089662, 530.3310303953651, 0.7726930234615647, 10955.972168904682, 554.8042731266618, 21.50407056412874, 2.7846652006333295, 0.11319611090793283, 530.1296818590736, 0.764059541748556, 10947.098748654642, 554.8499025453946, 19.996260624353198, 2.7846648159324876, 0.11233897442203962, 529.7882178215986, 0.765729959854795, 10962.663973834677, 554.9987085005896, 18.219224528386654, 2.7846643034649174, 0.11021728273016097, 529.767380706566, 0.7650975311559107, 10951.738251459541, 555.172465202563, 16.16384635214196, 2.54210429521038, 0.10778360308797699, 529.965418779745, 0.7618566354425006, 10960.242611320717, 555.309885467811, 13.708346195926435, 2.273814662369504, 0.10773074436830514, 531.0234962676132, 0.7672211395517324, 10979.604980451399, 555.5037565550664, 10.319574155387567, 2.2738138577260045, 0.10709183007017022, 537.2531262403469]}