{"obs_size": 14289583, "obs_mean": [5184.614199802871, 563.5072765244444, 2.7552512204169988, 0.06606013414373929, 0.09814159203232128, 631.2617610067466, 0.5396250874500701, 5189.670655601714, 563.8949856689309, 2.6018676682167703, 0.06605225782313572, 0.09813625927082649, 632.7441193323373, 0.5398406859038537, 5192.855151749446, 564.2645010004841, 2.4299675504876523, 0.06604404215980937, 0.09812036601229046, 634.2380563771055, 0.5401135236766634, 5192.0166991563, 564.7070013869544, 2.2443962150609993, 0.06573502941472083, 0.09812629520231637, 635.7939652046272, 0.5402647804348125, 5194.192493519368, 565.1587294044899, 2.044368544554449, 0.06572573609440503, 0.09813711511294648, 637.8966031247628, 0.5405263743525669, 5196.166557945786, 565.6411612571201, 1.8294725605358813, 0.06571620512068806, 0.0981310690943882, 640.1222965524435, 0.5410535613250653, 5199.285325796926, 566.1392396825015, 1.5945934881374775, 0.06510578221989455, 0.0981364448673549, 642.7140139009897, 0.5419957422830428, 5204.500441646765, 566.6808417012587, 1.3454056007092718, 0.06479535560653547, 0.09816554665192134, 646.0006761055228, 0.5433433717415047, 5207.4996186954395, 566.9959793788245, 1.0850384507371558, 0.06388371279911373, 0.09820918385840985, 651.3105344527816], "obs_std": [10818.183493293627, 554.1191448478714, 25.490048487718944, 3.76851779352661, 0.11314152343927524, 528.7031362379716, 0.7666028204764287, 10824.874796595313, 554.0538573872595, 24.49220318578106, 3.768517467372358, 0.11144420440504318, 528.5923410276937, 0.7649589258822235, 10832.014510203095, 554.0020693265948, 23.325719846865443, 3.7685171535872786, 0.11135466317148704, 528.5338008638078, 0.7615079510276983, 10824.246010678344, 554.003115459149, 22.012300829815437, 3.593165264367881, 0.1103514308177678, 528.1797265154212, 0.760019914749476, 10827.38353057837, 553.9322317498396, 20.44033145533108, 3.5931648920460675, 0.11004728291502401, 528.2851665780681, 0.7582392695090039, 10831.932519262638, 553.8565793365888, 18.65750333988551, 3.5931645506769647, 0.10807537388849642, 528.339921402021, 0.7562760759771088, 10828.740190780118, 553.7031510353993, 16.53793733218214, 3.213886262106189, 0.10675755604204734, 528.6043198672396, 0.7590827343701517, 10840.993128337517, 553.6977628293887, 13.917800851482914, 3.0063567912568083, 0.1060319169028535, 529.1148641395299, 0.7562431289186945, 10842.560715593432, 553.5311794667316, 10.528914854608166, 2.2727801810262918, 0.10480904621105597, 529.4340109805271]}