{"obs_size": 14289583, "obs_mean": [5169.374563703762, 556.0392486610701, 2.81055255426278, 0.0661860340040779, 0.09953214219498148, 624.9359057835849, 0.5597790284013107, 5171.6694894729835, 556.4575482013714, 2.6652844243250486, 0.06587694986614324, 0.0995367048144786, 626.370985911206, 0.5601038560047467, 5175.585047856465, 556.8276557125565, 2.490628452908668, 0.06556790247735654, 0.09952680905209062, 627.8158722493624, 0.5602133247695199, 5174.449202534926, 557.3021901338899, 2.3138455474872845, 0.0655590093011176, 0.0995247416037964, 629.3152403253894, 0.5607176438248692, 5176.323145917267, 557.7552862809223, 2.114782845657567, 0.06524895494473797, 0.09956768991033561, 631.3670367620497, 0.5607862608027058, 5179.507657143665, 558.2512043913389, 1.904177679642576, 0.06493837322615323, 0.09956864657107194, 633.4735657041023, 0.5615446795753201, 5181.379942589548, 558.7718047475563, 1.6768997387817406, 0.0646281137456639, 0.09960499803444155, 635.9814506901055, 0.5631439911857443, 5187.943108175199, 559.3122119798736, 1.429456059004661, 0.06431763309986734, 0.09970580598909036, 639.600090659794, 0.567606204673709, 5188.921869897825, 559.4535808357739, 1.1861521081475925, 0.06340566758806719, 0.10000987393837911, 645.8407200530181], "obs_std": [10875.35816159762, 557.2686427074681, 25.310792889514577, 3.936071656153373, 0.11763213090669399, 527.4643595676489, 0.7984807599099482, 10878.808206729309, 557.2599577672939, 24.32614564762859, 3.7685240418900725, 0.11642789365784714, 527.3402868751923, 0.7972151553393982, 10886.63569949666, 557.2405823107165, 23.167110632137806, 3.593172279556631, 0.11609350803556026, 527.2823284057405, 0.7934261589632151, 10878.555677371925, 557.3134107468284, 21.864695460056115, 3.5931718444018617, 0.1150791518394375, 526.8402213866704, 0.7923712008621558, 10881.798581450446, 557.2849242846039, 20.311448924961386, 3.408811680190692, 0.11485334923536232, 526.9593717524479, 0.7908740405459382, 10886.856596931682, 557.2692263993271, 18.546607304615346, 3.2138931787830565, 0.11332435806361296, 526.946943450933, 0.789238906685357, 10883.43904053116, 557.1840083109427, 16.45870039490232, 3.006363988929855, 0.11203384542890202, 527.1199609598181, 0.7945703353171076, 10896.04069529873, 557.2347565571882, 13.871377278100665, 2.783404438892772, 0.112021985604322, 527.7155080059432, 0.8000778818317146, 10895.54849758697, 557.0059749338185, 10.55601486069075, 1.9684224379480342, 0.11221969065928235, 528.3117035963988]}