{"obs_size": 14264008, "obs_mean": [5260.400203183622, 571.4981433689607, 2.453553657569458, 0.06301897646391723, 0.09818400813964819, 637.1260479462725, 0.5413361974418913, 5265.17757471857, 571.6938214700946, 2.3538982171070018, 0.06301142779120203, 0.09826377028420114, 638.2497299849633, 0.5415853965449752, 5260.946609759846, 572.047251095204, 2.232393938646137, 0.06300318412665841, 0.09822592885239664, 639.2945509337424, 0.5411250060292072, 5267.4135824460045, 572.4254480227436, 2.081116892250761, 0.06299506848763192, 0.0981966528662207, 640.4459892716845, 0.5409684839633228, 5265.582504995721, 572.9125568353579, 1.8996648768004056, 0.06298581071940851, 0.098169186208954, 641.8811979778714, 0.5407681759573209, 5262.5103484502915, 573.4259593797199, 1.7155666205459223, 0.0629765292307834, 0.09818374899621576, 643.556941293263, 0.5414319645642862, 5270.303255951081, 574.0321737060159, 1.507737096053227, 0.06296739310312549, 0.09819851975475671, 645.5370897513067, 0.5411985676116229, 5268.875298040224, 574.8409653864467, 1.2837876282739047, 0.06265632922689932, 0.09816751624403153, 648.4745875653342, 0.5422413666622071, 5329.139234196913, 575.4878590926196, 1.0493402695792093, 0.06264581656369825, 0.09823530027948782, 666.497531845836], "obs_std": [10964.318117370816, 558.1687768324857, 23.719010679513495, 1.6088563400877496, 0.11369973911562012, 535.3605567277403, 0.7902804655200664, 10980.037174617873, 558.1651225924201, 23.09564715157039, 1.60885537592711, 0.11328058798579883, 535.2876166067605, 0.790427876416922, 10978.205402057461, 558.1839221184599, 22.267121005125187, 1.6088544986050082, 0.11262599978911106, 534.801188003955, 0.7908007101393287, 10984.6882600602, 558.0770491259548, 21.111513512795913, 1.6088538091748954, 0.11116147024492753, 534.4366085110913, 0.7844888571106661, 10988.057425363519, 558.1401965652096, 19.628686444416775, 1.6088527863634245, 0.11135476829580206, 533.6126792382653, 0.7790521423422854, 10970.255387047078, 558.200631493277, 17.968308120249787, 1.608851988271327, 0.11058890787590119, 532.9582283455458, 0.7823381814292859, 10978.393179720968, 558.297519423041, 15.997289675976885, 1.6088512351536912, 0.10970992386663596, 532.8770312566862, 0.7737459172249086, 10968.120353479208, 558.6941824163889, 13.586069512844324, 1.1380694971455405, 0.10913859077281027, 533.2387506556809, 0.775926413382235, 11009.221727761947, 559.1156820045879, 10.34464654752519, 1.1380681284386271, 0.10879687698661016, 546.7864404392344]}