{"obs_size": 799948, "obs_mean": [1906.7528257203426, 416.6845082430358, 4.321722161940526, 0.07516684732881607, 0.1787236508160473, 494.1487372712616, 1.1374613187357732, 1906.385217497381, 417.062489061789, 4.215557761254481, 0.07515024264201141, 0.17849922668098472, 495.4551226029836, 1.137013773395328, 1907.458457698912, 417.26240455629613, 4.082042832784131, 0.07513315708144958, 0.1785620381587357, 496.83865664601296, 1.1380539622576515, 1907.180837691069, 417.58538054973576, 3.946382764879717, 0.07511341259055783, 0.1785204469127955, 498.600513928413, 1.138963657637815, 1907.6373872734614, 417.7752428907879, 3.776882997394831, 0.07509451613603806, 0.1784177735052829, 499.95997239738494, 1.1381799329456963, 1901.2401296092874, 418.19452389405313, 3.5339222049433214, 0.07507472431081953, 0.17831435565936346, 502.03317716236637, 1.1391051918375492, 1895.649224387128, 418.59704005760375, 3.2666835844329882, 0.07505365222363361, 0.17829444556646235, 504.18779907027323, 1.1381795541710975, 1891.5703453432259, 418.97549340707144, 2.973337016906099, 0.07503225038626425, 0.1780919217249144, 506.70091625373834, 1.1382282435859106, 1886.156717179947, 419.4964722706976, 2.641839219549271, 0.07501040716520492, 0.17791561928900584, 520.7404652710802], "obs_std": [3935.282114180318, 506.0008969301778, 25.69987605550526, 0.06961895915782604, 0.24536071665313341, 435.5317465273439, 1.4301221639309838, 3922.9477419553177, 506.08435989965574, 25.06312948453933, 0.06952315142934296, 0.24428003367698137, 435.2341651932934, 1.4216608061837148, 3929.0940608897968, 505.81121364329437, 24.388869797572728, 0.06943017213137147, 0.24453033498506307, 434.9703077867438, 1.4241527261739986, 3929.404825097438, 505.81248609360625, 23.523112911151447, 0.06931900989337236, 0.2444797128565016, 435.6330449923471, 1.4199282962163369, 3934.518179510227, 505.5663788947147, 22.482328318497355, 0.06922617514211024, 0.24336000274329758, 435.1779016222953, 1.4230771588425246, 3911.5038593271083, 505.58377550222394, 20.842279125628743, 0.0691186305021459, 0.24249258882404112, 435.3339189751568, 1.426382301470892, 3893.6564172705534, 505.3658119168382, 18.712388495749856, 0.06901899839959305, 0.24370869271033196, 435.4053473137924, 1.4172940602153958, 3887.9568763475413, 505.2385888730991, 16.210933024269202, 0.06890400532679584, 0.24172062730530508, 435.16758126120504, 1.4133612981647141, 3860.1028896326507, 505.2854287306316, 12.751809528650826, 0.0687852951518352, 0.2402807179672437, 432.93526179783623]}