{"obs_size": 799948, "obs_mean": [2217.3098978590815, 460.1899035937336, 3.3785458554806063, 0.06993180827127299, 0.15328986842894562, 471.5749297320952, 0.8256480633741599, 2216.6588624960923, 460.38365493757095, 3.268196182751879, 0.06992120282441888, 0.15315416822968336, 472.61282036749253, 0.8253883089901412, 2216.9934458364805, 460.59478366093794, 3.141932975643417, 0.06990730243964464, 0.15321305070079755, 473.87511893356424, 0.8261295484206747, 2215.0085798410532, 461.0020701345587, 2.971024366583828, 0.06989234063712753, 0.15281047084810312, 475.3523530912923, 0.8256352275398406, 2208.641151236451, 461.33467800407027, 2.770948861676009, 0.06987741310933808, 0.15285343045298258, 476.9110830345611, 0.8257348452650233, 2209.1465385175575, 461.59534369734035, 2.5667468385445056, 0.06986166237804044, 0.15261019861415182, 478.59002587584195, 0.8256654657553509, 2207.2665031943775, 462.0913171856171, 2.3315040477631044, 0.06984708444047467, 0.1524239728057309, 480.66555039411065, 0.8258127528290314, 2207.0259393535302, 462.41257556741186, 2.0807439983598934, 0.06983081350161399, 0.15228331872321718, 482.7101786949612, 0.825321773415406, 2209.4572670265597, 462.93678839124544, 1.8135916334561746, 0.069815321695897, 0.15212736765890142, 491.045909514969], "obs_std": [4062.7971385661363, 473.3194084704518, 23.852421409101833, 0.0636319543591227, 0.20517913657534131, 374.91765686813795, 1.0806732975272593, 4053.404367451254, 473.3926824049631, 23.220883442308423, 0.06360059849887208, 0.2042165717848577, 374.9868750006915, 1.0749990193171801, 4054.2540990209877, 473.48058071191906, 22.39517845331591, 0.0635549746343219, 0.20432261287235848, 374.73746559724884, 1.0851878783915268, 4057.6055649598275, 473.6627721260386, 21.241921133941332, 0.06350927652302665, 0.2024521300389076, 374.91833084932415, 1.076597661490498, 4028.083069203, 473.7045877828967, 19.884912857965485, 0.06346594400031076, 0.2016698866726724, 374.54197511632105, 1.0786157047816942, 4046.20670272702, 473.5468643994664, 18.359233382515463, 0.06342533903706404, 0.2000439349640875, 374.1703686168295, 1.0803652851844305, 4035.3505503013052, 473.6140660615117, 16.467187013638604, 0.06338874945372813, 0.1984671298293075, 373.6399023957725, 1.078489364508457, 4042.2880314277404, 473.545871211209, 14.097586595188906, 0.06334356279691271, 0.19766765332436056, 373.0424162816507, 1.0735538561915003, 4042.4886174180187, 473.56873762919537, 11.0362230772814, 0.06330325617424032, 0.1958553393485118, 371.2951440813708]}