{"obs_size": 14240282, "obs_mean": [5219.076305874683, 560.9316271264852, 2.170069103968587, 0.06642512563333597, 0.10309488728313075, 628.7641388606435, 0.5697278393784896, 5221.958710380416, 561.245724417536, 2.076032904404562, 0.06641670658924681, 0.1030915267945547, 629.6130967160638, 0.5686460876968895, 5223.042352535424, 561.6223504562622, 1.9960295027865316, 0.06640804924762958, 0.10313848619957187, 630.589267078381, 0.569678411143858, 5225.099530923073, 561.9521180830549, 1.894321264143505, 0.06639909515788607, 0.10314707215081896, 631.7040296679471, 0.5693610184826613, 5225.654385664512, 562.336961234335, 1.7720293741373943, 0.06638925166623333, 0.10312028078594358, 632.8056002020136, 0.5690239122371548, 5227.398225489153, 562.7330491067521, 1.6280655116239973, 0.06607789995423746, 0.10314969235475818, 633.9772235771213, 0.5695950922882337, 5229.908815123695, 563.1936233425715, 1.4386786722341594, 0.06546339332066087, 0.10315413945643787, 635.3199594236454, 0.5688268247075754, 5230.017024787284, 563.7565811547832, 1.2638708980622715, 0.0651508348961153, 0.10315770318214153, 637.128542848098, 0.5703726673390662, 5251.059087146752, 564.2805941623909, 1.050566344121556, 0.06363190568776031, 0.10325647487465568, 662.7546013142135], "obs_std": [10990.719328325702, 556.7877415331435, 21.2628192081584, 3.9428878240181304, 0.16643897531045382, 530.287801898388, 0.905598945842188, 10993.626560109471, 556.8364661469883, 20.689213459074452, 3.942886964592895, 0.16454847123272215, 530.2007945406906, 0.9031608494769492, 10998.570330178698, 556.8509880686933, 20.045926867549817, 3.9428862091802945, 0.1649320360487844, 530.1271622877381, 0.9002593123162702, 10997.177447500679, 556.8798252646922, 19.28962181010138, 3.9428858928847075, 0.16478411157910647, 530.0683059372953, 0.8968395683982904, 10999.828591320374, 556.8806548341552, 18.294794688272056, 3.9428854234794617, 0.16377475827764149, 529.8239219875162, 0.8962084761126128, 10997.520953014433, 556.9166357966111, 16.887989560067982, 3.775048307250729, 0.16424635667818818, 529.2831274326202, 0.8912486279309711, 11001.275704341555, 556.9915440212569, 15.049006349055954, 3.414714753317539, 0.1636952275852172, 528.8159652414081, 0.8834857543461213, 10999.202280116833, 557.0698742085954, 12.817599376442047, 3.219459504672107, 0.1632115213319538, 528.692170826513, 0.882505647077964, 11010.64432126923, 557.1912822746737, 9.82698592087149, 1.971839929857922, 0.1630485569385075, 550.6920247063044]}