{"obs_size": 799948, "obs_mean": [1866.3904025569504, 392.83558431298036, 4.054813562881587, 0.07406575888931972, 0.17989991147300713, 435.7022180258418, 1.086016313560478, 1866.2501960385214, 393.1015966037792, 3.9455139584072967, 0.07404820494331357, 0.17988464807587087, 436.9214718090135, 1.0858838787021883, 1864.3029322014008, 393.2972918239686, 3.8299739483066397, 0.0740302542665196, 0.17968648056998207, 438.20240161527636, 1.0856275257892896, 1865.3498744560304, 393.5549048188132, 3.6912749328706367, 0.07401193010419947, 0.1797736982603827, 439.5836192710841, 1.0858026146700528, 1859.6451107638902, 393.77543540330123, 3.511216979103642, 0.07399065113481629, 0.17960644348132884, 441.08474288996854, 1.0867650722298035, 1854.3756468320705, 394.1856420667343, 3.3074412336801893, 0.0739714129780862, 0.1794106599141536, 442.75713891569865, 1.0868386745139027, 1852.267189115601, 394.46043492827033, 3.0822728477351027, 0.07395068180680993, 0.17940498431398827, 444.89028040323194, 1.0859168358444258, 1849.9555963221262, 394.9731970078055, 2.84739883092401, 0.07392828880126454, 0.17932519308755474, 447.26224985960135, 1.0858185694570919, 1850.6450331696897, 395.39309805137333, 2.577071259631876, 0.07390499096315455, 0.17893710816828798, 457.9827143397678], "obs_std": [3968.423728768601, 474.9147644593341, 22.684867805885876, 0.06995944809967244, 0.23771694870481844, 369.46670600362, 1.3696051235241389, 3975.5758024704373, 474.91701058419, 22.116957280542664, 0.0698715853903347, 0.23721028585412107, 369.63347034698046, 1.3717293569560176, 3949.6603574307837, 474.7247394893341, 21.479596534297965, 0.0697698997159235, 0.23622812671745405, 369.6549500102098, 1.372348653571681, 3964.1286877214848, 474.72156416512655, 20.669629839795864, 0.06968192380186597, 0.23712468161356284, 369.67860349664187, 1.3626804575076705, 3942.713431918969, 474.70223814826574, 19.436070780672566, 0.0695675921188455, 0.23552668615065597, 369.6824473102083, 1.3694252987100346, 3925.0943847858407, 474.6073432246437, 17.97060895063684, 0.06947295094952328, 0.23514981181970762, 369.28012487861497, 1.3666285752443281, 3930.6411807770382, 474.5734423594855, 16.194784090422026, 0.06937090724646428, 0.23472723505180956, 369.8010872991885, 1.3610567275263898, 3908.6001717142503, 474.5340494943267, 14.290364571660316, 0.06927338040180328, 0.23361987335243373, 369.8453485476211, 1.3578701749026691, 3921.0685384902677, 474.4143307633912, 11.58904446212723, 0.06915908173766742, 0.23249517482949428, 368.1336997509023]}