{"obs_size": 799948, "obs_mean": [1926.663838887982, 411.3844274877867, 4.034505992889538, 0.07380718637336571, 0.17552238367243256, 448.7990665093189, 0.9868636973902933, 1922.5395646609327, 411.74562471560654, 3.8776595478706115, 0.07378786137349054, 0.17559028163330365, 450.14996567360066, 0.9860611539750256, 1920.2832264672031, 411.9895780725747, 3.6962165040727646, 0.07376765596513875, 0.17546565601013742, 451.53475038293516, 0.9856401903623754, 1918.8750992448668, 412.31138649012183, 3.5012363303614733, 0.07374704839939704, 0.17520994668903767, 453.2528984975716, 0.985844386135105, 1915.7946148784245, 412.72891737962965, 3.2796606779440665, 0.07372544463890299, 0.1751720518583742, 455.4077481119358, 0.9859056638681601, 1917.779660216243, 413.087159415362, 3.0496782290848907, 0.0737029276903017, 0.17487107747628053, 457.3411383256663, 0.9855622327952472, 1918.147582099585, 413.4804537294924, 2.7940353622985494, 0.07368137878712315, 0.17474231458169234, 459.49900412027796, 0.9861108984584563, 1921.9427432282394, 414.02118637711453, 2.5308920079805186, 0.0736587745390974, 0.17451150666418844, 462.4485144242784, 0.9861723749544706, 1922.809208621091, 414.56581427792804, 2.2609982148839673, 0.07363570700845826, 0.17444003803247982, 465.63316388400085], "obs_std": [3942.100395410344, 463.3013489206722, 24.579520857798315, 0.0654667436851331, 0.22962005450043704, 372.2173779448985, 1.243466718215967, 3927.2736423320894, 463.3567292173039, 23.70983164064865, 0.0653909529109682, 0.22931266121211463, 372.3934136616737, 1.2381454528591924, 3932.422261421756, 463.22044914882986, 22.69097557543309, 0.06530778440445206, 0.22828475093033104, 371.99203110712926, 1.237051870612479, 3920.014470502714, 463.2076129094509, 21.467504634192917, 0.06522680282456433, 0.22734599118541332, 371.9172507882403, 1.2416612048883884, 3910.510869210989, 463.1395571371329, 19.993813203306807, 0.06513924604279114, 0.22634075347569654, 371.96930532406225, 1.2391007351310457, 3910.511870761533, 463.10866369158316, 18.41295236027528, 0.06505242552548404, 0.22549985779835216, 371.71990243229766, 1.2326691490688648, 3900.5065970735545, 463.0311039675578, 16.402548594800557, 0.06497437491403037, 0.22326984084189805, 370.5388296775189, 1.2293375429292361, 3918.1305523692663, 462.98451415154153, 14.08281170996278, 0.06489718513486709, 0.2225206850555511, 370.4369739538053, 1.2244213799636239, 3902.2887746433075, 462.99701536343656, 11.232108485262788, 0.06481773957554435, 0.22210862184111205, 369.51339937807046]}