{"obs_size": 14289583, "obs_mean": [5221.423713905046, 567.3385772698896, 2.764588931671414, 0.06585621854144341, 0.09912924954493028, 632.4331403807497, 0.5461933920675247, 5226.9591345836, 567.7049727063412, 2.6152756871911516, 0.06584769434749041, 0.09912018348526991, 633.6897946261972, 0.5462703934047982, 5226.82382212744, 568.1127550747982, 2.4378953535593024, 0.06583839830722096, 0.09909675232335376, 635.0774974533064, 0.546201588807778, 5229.054127508543, 568.6085628251013, 2.2570723022498274, 0.06582885472284906, 0.09910527926938086, 636.4964602540591, 0.5468547215828848, 5230.854407604751, 569.1711989076239, 2.0538966042605997, 0.06581876437703575, 0.0991765945743834, 638.473851981126, 0.5465887761035771, 5230.126583763383, 569.8033082560912, 1.8398782525704214, 0.06580827842667601, 0.09913845613150492, 640.8613311020605, 0.5479185564057797, 5234.167345372073, 570.494768741677, 1.6087085256441702, 0.06549710338175065, 0.09924035082360262, 644.1760249052766, 0.5511708160413505, 5237.468878776428, 571.2159666240784, 1.356660092880247, 0.06518448161091221, 0.09948719086393207, 650.3736918251558, 0.5632771412574185, 5286.679773472802, 570.4015834471867, 1.1106106455310836, 0.0639694307733192, 0.10034127788529622, 661.6432690240181], "obs_std": [10926.45067581786, 556.728012547185, 25.546220914020836, 3.768527720550453, 0.12324639270329575, 536.3963891390031, 0.826551872977779, 10938.033789651932, 556.6513990713795, 24.55250615825232, 3.7685273658893417, 0.12110117278570087, 535.8705790279396, 0.826717200068367, 10946.258358826468, 556.633166261741, 23.381627759120548, 3.7685268133198826, 0.12153961141258399, 535.4715678328389, 0.8194882278834413, 10934.541992461473, 556.7223336333583, 22.067368881744915, 3.7685263365814086, 0.1206769090918019, 534.5701846665451, 0.8215760326610066, 10940.381500233781, 556.8361134474399, 20.493625082373185, 3.7685260484588263, 0.12103067758028323, 534.3487249159252, 0.8153923194376989, 10936.388160062063, 556.979078972932, 18.712911947168113, 3.7685258472051704, 0.11855864035315639, 534.3320401866184, 0.815615822811483, 10932.195689727343, 557.1359845044644, 16.5992111862835, 3.593174242911627, 0.11858944100843107, 535.3712912433054, 0.8253433026705116, 10941.220477879464, 557.499980784551, 13.98549545547811, 3.408813933597986, 0.11914507543526692, 539.4162751407328, 0.858917968630777, 10963.328057070767, 557.1909002076276, 10.603428877080432, 2.5409589799036225, 0.12467863998412658, 549.2407455358285]}