{"obs_size": 14289583, "obs_mean": [5160.265470711567, 555.8420443759626, 2.809557073848831, 0.06582101122188795, 0.09983735109729884, 623.6491795854397, 0.5610570889997236, 5163.019725966151, 556.2421591308856, 2.664618624630264, 0.06581245690165347, 0.0998311938960708, 625.0781112517653, 0.5614327967443121, 5166.862698452846, 556.6176804459584, 2.4900399822724006, 0.06580354000554796, 0.09981255399391271, 626.5201850487873, 0.5614353112333756, 5165.927918096699, 557.0924429355287, 2.314114694599555, 0.06579453662336388, 0.09982294571339118, 628.003811907641, 0.5622679349005539, 5167.46661690398, 557.5424597764679, 2.1152549378102914, 0.06548453067168551, 0.09990696773768717, 629.9838724894006, 0.5620779966777195, 5171.033991423492, 558.0302472087535, 1.905074066891945, 0.06517411207206658, 0.09986342580073856, 632.0615597546391, 0.5628037945543968, 5172.744618906646, 558.5314444795205, 1.6789009168427098, 0.06486376476928041, 0.09990578264250206, 634.5320943006766, 0.5645647770127394, 5179.327905408539, 559.0404055877626, 1.4300830192175658, 0.0645529315108149, 0.10005025265041, 638.2271628187227, 0.5707029018271573, 5179.8974781493735, 559.008533698989, 1.1916354731975034, 0.06364088745333571, 0.10053993959061001, 644.9813206812278], "obs_std": [10855.830075881904, 556.9051059898316, 25.30818381147948, 3.7685254956727894, 0.11990446126543655, 525.9755981697144, 0.8046499349922074, 10861.665042238299, 556.8673938728724, 24.323501108182985, 3.7685250006173736, 0.11851639322673489, 525.8425284640939, 0.8053359148724054, 10869.206366314604, 556.8384464807662, 23.1671585034051, 3.768524397060633, 0.1180999226552069, 525.7980430921982, 0.7995249466200521, 10862.144200573057, 556.8996079805568, 21.86679823290459, 3.768523977841031, 0.11702282257184388, 525.3553443805397, 0.799932202543897, 10865.41642183029, 556.8723944101586, 20.312535206425526, 3.593172313123248, 0.11704116259532872, 525.4413354227003, 0.7977440199509599, 10870.489177551657, 556.8476406810277, 18.548025669701158, 3.4088122011814135, 0.11524966679294514, 525.4726997035568, 0.796302608833558, 10866.9972140755, 556.7437644420121, 16.466092760058668, 3.2138941689635545, 0.11401151847813697, 525.6606343538792, 0.8010700664593616, 10880.503170471313, 556.7784487450942, 13.879061863406537, 3.006364871239368, 0.11441576190622249, 526.316180347985, 0.8125186831166717, 10879.846935094864, 556.4518963457652, 10.573776078979492, 2.2727905374772464, 0.11606879934759448, 527.4532507572561]}