{"obs_size": 14264008, "obs_mean": [5185.518933903301, 557.259407173636, 2.503830199758722, 0.06340129228055087, 0.09962781006586682, 627.0563042286111, 0.560800118241661, 5187.495912659114, 557.5569731873397, 2.4073310250527067, 0.06339404883235598, 0.09967384771271952, 628.1463406523167, 0.5609250599130353, 5188.647385819289, 557.8662044356677, 2.2870148418312723, 0.06338570659839206, 0.09963457462741283, 629.2976250814394, 0.5609584876144234, 5190.085459501972, 558.2530442355331, 2.1425477327270146, 0.06337725312977378, 0.09960831401552743, 630.6760689036737, 0.5612627370932501, 5194.1480321801355, 558.656149589933, 1.9616253720553156, 0.06336800013229923, 0.09959845543216242, 632.1963035777397, 0.5610511426381737, 5192.432114418649, 559.0660146853535, 1.7868525452313262, 0.06335872015173555, 0.09960767586459694, 634.0109952524286, 0.5621476410417051, 5197.260078811626, 559.5473139106484, 1.583873971467206, 0.06304867510542046, 0.09966018337286435, 635.8000479808122, 0.5618690438900537, 5200.050127942454, 560.0892640413549, 1.3672967653972152, 0.06273840503266102, 0.09963597313994756, 638.0231890542947, 0.5626234482622219, 5202.861968000768, 560.5595661471866, 1.1406041695994562, 0.06272859682237394, 0.09969800970596893, 650.3191453566175], "obs_std": [10889.709453352585, 557.2558586951279, 23.415032574504007, 1.9701934370552137, 0.1161518595863945, 525.2536210859807, 0.7976034973240121, 10894.471006485659, 557.3499344529441, 22.801812609858953, 1.9701927375134192, 0.11536913273777824, 525.2756758282443, 0.7973578136895776, 10893.21350884932, 557.3514480813066, 21.98344403022877, 1.970191546911589, 0.11498882264160411, 525.1674627877976, 0.798587089079896, 10897.031713261553, 557.2336447607511, 20.844776170282113, 1.9701907030979664, 0.11363032903835109, 525.2852956572037, 0.7968175345069299, 10902.348086936283, 557.2064566695786, 19.380454298632483, 1.970189745074447, 0.1131791921758841, 524.9027984256979, 0.7925486194645744, 10895.536210486154, 557.1177384006024, 17.745048118859962, 1.9701889431837585, 0.11229240122305087, 524.7788396486019, 0.7949515045315786, 10903.0639532491, 557.0672784409152, 15.819761611990105, 1.6088639305894066, 0.11198430011334866, 524.7195452234453, 0.7887601280135645, 10906.003025525237, 557.1105559349307, 13.455545870983018, 1.1380877894988295, 0.11138098061818216, 524.7572621502761, 0.7888919048223655, 10906.259937291414, 557.0145121388679, 10.303667005758491, 1.1380866462149526, 0.1107984157412835, 527.0084816291454]}