{"obs_size": 14251917, "obs_mean": [5198.491543078381, 560.6341629690938, 2.3229366968668144, 0.06923962074471299, 0.10310523715132533, 627.6799722011194, 0.567120484072459, 5198.986141227961, 560.9551037941071, 2.247191868995588, 0.06892905476639571, 0.10308783643260118, 628.6304831935676, 0.5677685501536711, 5203.460990093682, 561.2825161695793, 2.141549729766178, 0.06861910231108746, 0.10313919284781177, 629.6249721761643, 0.5674722586442554, 5201.9212996978285, 561.6901562084595, 2.016254515094355, 0.0683075518841519, 0.10314483523844563, 630.7739123846475, 0.5672512193973935, 5205.887218553905, 562.1404257406216, 1.8722954252399868, 0.06769512223528423, 0.10311258926360561, 631.893873815196, 0.5680163224358139, 5206.165165928787, 562.5612395160595, 1.6811593836815075, 0.06738308469247506, 0.10320220001800429, 633.2829848782213, 0.5671066154118337, 5209.110870427213, 563.1175133141741, 1.5065654676490188, 0.06646805677868607, 0.10313540196213539, 634.9439139484562, 0.5687363159636991, 5214.293352554866, 563.7128843088267, 1.2918523171303902, 0.06464925883803062, 0.10324137824259093, 636.9923965604031, 0.5683755046426637, 5229.837823237845, 564.2674831743686, 1.075472513627465, 0.0634321597166275, 0.10326746730878335, 662.4263433197543], "obs_std": [10952.384134673193, 556.1425395117626, 22.538044174215983, 5.213666079688289, 0.16671522080327691, 530.9728876751619, 0.9017986751592311, 10948.393489635566, 556.2519729623011, 21.965730492073835, 5.088026812888079, 0.1660307498795464, 531.1044844439118, 0.8992934311893894, 10961.413767825845, 556.14945513442, 21.252546445046722, 4.959205755137745, 0.16570378437109884, 530.7333950187775, 0.8948183645698975, 10947.23544255474, 556.3527032372624, 20.339858432070592, 4.826947735665489, 0.16530287726002202, 530.4226646478838, 0.8944141287615451, 10961.827136498088, 556.3860715879597, 19.004431376757054, 4.550915684576688, 0.1650789421115673, 530.050770773424, 0.8930821080894209, 10958.039071661851, 556.35910597521, 17.36654693873992, 4.406419394421115, 0.16571635854149638, 529.6201069424314, 0.8853151967631736, 10959.15377693467, 556.4681811969439, 15.479090071301169, 3.941274556099235, 0.1628457103789718, 529.3030068019531, 0.8883118943392943, 10972.147653221582, 556.5512361335427, 13.103094276652405, 2.7870909914015165, 0.16336867334096855, 529.4076784282273, 0.8792045512153744, 10965.763843550518, 556.6519042577353, 9.948179264987791, 1.6095614909553408, 0.1635516374349066, 552.5704666432157]}