{"obs_size": 14276570, "obs_mean": [5225.93888777854, 568.3467809845081, 2.61123393083913, 0.06570812148114705, 0.09996302493841351, 632.30420503506, 0.5504044832197454, 5231.518245757878, 568.6792045288189, 2.492525795761867, 0.06569953706374142, 0.09996843187439282, 633.2564203495143, 0.5499802723623749, 5229.376133886622, 569.1085723671723, 2.3461734156033276, 0.06569028484370533, 0.0999602897567136, 634.2444821705758, 0.5499170094077669, 5233.9640826513105, 569.4989025375144, 2.165328997091038, 0.06537999338119016, 0.099942165073193, 635.6528602982326, 0.5495240081476492, 5230.986857593579, 569.9998244676417, 1.986070463703817, 0.06506940580749425, 0.09993750715963304, 637.22137194032, 0.5504606173612123, 5235.950487420149, 570.6094281749747, 1.7804981868894278, 0.06475828932608446, 0.0999635123930337, 639.0524006826063, 0.5503668956899691, 5239.256533674352, 571.2356313176064, 1.5664366160779515, 0.06414604665582146, 0.09998304300017469, 641.4875977483795, 0.5517109666397909, 5239.154826809904, 571.8440708797701, 1.3360600620457155, 0.06383391108698346, 0.10011832633840011, 645.0443001852684, 0.5553193746117332, 5284.939858249001, 572.319420210877, 1.0803066843086258, 0.06382179813401234, 0.10042040672031213, 662.9843672805571], "obs_std": [10945.13621720028, 559.4449772135953, 24.583502835273887, 3.594814544695642, 0.1294215788580143, 535.5220576553901, 0.8436160537774879, 10952.548501241996, 559.3894951416254, 23.834826304863554, 3.594814296725606, 0.12902141237180173, 534.8118745375313, 0.8425040612270853, 10956.791437308815, 559.4515012079199, 22.772130062438585, 3.5948138293231886, 0.12842759740334214, 534.1700828662373, 0.8442289193343523, 10956.23371920169, 559.4666320234554, 21.503769885448754, 3.410370181041352, 0.12844260381317366, 533.6457073993412, 0.833042767563154, 10961.35431040055, 559.4603470197983, 20.01481639816836, 3.215363404248245, 0.12765683772683353, 533.1394594421656, 0.8402223462271461, 10958.971695599375, 559.5605458340971, 18.26676955589256, 3.007739864005717, 0.12582390075552327, 532.7744487247674, 0.8314091830312069, 10957.139410780279, 559.6769230485286, 16.216264425605324, 2.542120476116937, 0.12422566365879818, 532.7534918794738, 0.8265114771020001, 10959.81051420364, 559.7898756179251, 13.773854681733239, 2.2738320192579673, 0.12571939014613698, 534.4407693504891, 0.8376428587207297, 10973.4711858341, 559.9466137400545, 10.38883807311436, 2.2738310337902123, 0.12737631087514464, 549.4592019627437]}