{"obs_size": 799948, "obs_mean": [3001.6994697206087, 568.4684516993605, 2.314617950166761, 0.062239356831943815, 0.11789296456769408, 509.1509903576768, 0.5573832411607249, 2998.6721842985453, 568.8290626390716, 2.2245395950736797, 0.062230505175336, 0.11786004153520618, 510.21378869291783, 0.5577563366619683, 2997.8117475893982, 568.8152517413632, 2.122609219599274, 0.06222231484421451, 0.11782380896758711, 511.07758058522614, 0.5577231132524446, 3000.5080356322237, 569.3221484396486, 2.002933940706146, 0.062214547218068565, 0.1177416325898654, 512.3353459291292, 0.5577299911994839, 2999.3738071599714, 569.5671856170651, 1.846276257956767, 0.062205731006265, 0.11756073470525823, 513.7729492116847, 0.5584750046253953, 2997.4060865530246, 569.7292449009186, 1.6675258891827969, 0.06219611463370104, 0.11753317805157198, 515.2012403589323, 0.5581323523530032, 2993.591506942195, 570.2202843184807, 1.4673653787496188, 0.062186534849765364, 0.11742721745788422, 516.7228597158578, 0.558324146069587, 2992.1963025255054, 570.6141799216949, 1.2441096171251131, 0.062175565933035644, 0.1173183835649305, 518.5839841481051, 0.5588480276219251, 2991.6276844620174, 570.9331594053614, 1.010591938476001, 0.06216456007265463, 0.11719687772580203, 527.0162253629562], "obs_std": [4313.819332808093, 480.67964036413326, 21.836409122279015, 0.05962832678344481, 0.16854642273472042, 382.99696392112077, 0.8663145829614691, 4299.251936814871, 480.8269395884298, 21.280643235610857, 0.05960180687925447, 0.16783194677203686, 382.9518897759248, 0.8655762027304343, 4297.737899846147, 480.7898753148567, 20.580157482241106, 0.05957992986276059, 0.16752259757689406, 382.8857558049476, 0.8669650592882956, 4304.079301324225, 480.8549563760995, 19.718783535610918, 0.059562596105040416, 0.1668742866599751, 382.3808786420293, 0.8645492551357807, 4306.68784759432, 480.9771867782916, 18.533182279966375, 0.059537389583163514, 0.1654744931143686, 382.40860980288807, 0.8685147692301204, 4299.698052902588, 480.7358072746145, 17.03037581330925, 0.0595121635889153, 0.16543936921200603, 382.1006657108412, 0.8643528080871844, 4296.505478925791, 480.8061457788436, 15.130859859667417, 0.059487662937134915, 0.16428718898730754, 381.627896267921, 0.8660123078811734, 4295.59151392432, 480.6498469317341, 12.8714349206168, 0.05945865616747964, 0.1634109956600749, 381.53969040408543, 0.867136706255578, 4288.876788260752, 480.61265568589323, 9.736249571347988, 0.05943133051523231, 0.16199115250115395, 379.2326973572262]}