{"obs_size": 14240282, "obs_mean": [5274.585568595932, 569.8340912771249, 2.1333947600194993, 0.06512875340734929, 0.09937522212249733, 640.337907383859, 0.5518369087073299, 5283.751731379397, 570.1221888021599, 2.045897967470027, 0.06512151340409658, 0.09941520210252959, 640.7878100858314, 0.5507617552096612, 5288.483664700451, 570.5439158438015, 1.9597807824311342, 0.06511363748197653, 0.09943945095616842, 641.4573078463002, 0.5510802328212785, 5285.415665325707, 570.914166306538, 1.8592655679150174, 0.06510549218127253, 0.09943371038691579, 642.4778180627274, 0.5508709375278259, 5291.092896915203, 571.3683300653736, 1.737915723859963, 0.06509695661048819, 0.09944081226102212, 643.340881408146, 0.550438453817177, 5285.487033329901, 571.8491157689151, 1.5865723024305276, 0.06508790674518347, 0.09941901080610681, 644.3648756826988, 0.5501832154728864, 5292.640320171516, 572.3566330357785, 1.4024984898473218, 0.06447446047249018, 0.09937062658176303, 645.7348926368604, 0.5500376059968931, 5288.371063805473, 573.0597959366254, 1.2192859663874633, 0.06446460891154498, 0.09939373940410673, 647.8117812510069, 0.5508121650962124, 5342.39276383808, 573.6917160067476, 1.0093105600015506, 0.06355023195903757, 0.0994099284668667, 670.6243460338314], "obs_std": [11053.87502056144, 559.427358306952, 21.32008404077633, 3.414708887411838, 0.12384273416184506, 538.464517513826, 0.8307188471633641, 11063.908235493522, 559.4505923077046, 20.750267385830043, 3.414708383503276, 0.12353207533735892, 537.1223851819269, 0.8258021232078875, 11072.913410460367, 559.5233264665528, 20.09918918250328, 3.4147077891835225, 0.12393744779980997, 536.4180945980071, 0.8217357264362197, 11063.762309824846, 559.597538762988, 19.338734370783314, 3.4147076427005882, 0.12263181598675171, 536.0496137608886, 0.8185887383394789, 11072.3033519126, 559.7184491693544, 18.334947997039862, 3.414707375700098, 0.12334039020475152, 535.4002605952143, 0.8188872511414977, 11058.074886351049, 559.8546327087432, 16.915750710593354, 3.4147067274424634, 0.12174147008275217, 534.5987599031572, 0.8139164669564835, 11062.994131637824, 560.0658288600858, 15.074398211411221, 3.0115629145665896, 0.12036718184429464, 533.9721782509297, 0.808521569878744, 11060.604818825143, 560.3389922528412, 12.815596497549118, 3.0115624861778985, 0.1197502667309966, 534.103256828959, 0.8082296105441691, 11085.024480247328, 560.7298913499164, 9.795709351481038, 2.2767193620782367, 0.11835821761088357, 551.8766422520106]}