{"obs_size": 14240282, "obs_mean": [5279.801194421782, 571.5030956549876, 2.1308776048114777, 0.06330353559839026, 0.09841981093225508, 641.9874002535936, 0.5450141267567964, 5293.062100377522, 571.7924178748707, 2.0450365379000224, 0.06329662447696723, 0.09843930662131666, 642.7252333156032, 0.5443818119613454, 5291.71608695295, 572.2192906713506, 1.9571924909914, 0.06328972855580499, 0.09844589202587462, 643.7097877562268, 0.5450474355775103, 5297.445894995694, 572.6293897831519, 1.8563633781971454, 0.06328181717476632, 0.09847722432315666, 644.7845445234335, 0.5447875989394403, 5298.645937450822, 573.1222824098567, 1.73407619315404, 0.06327373020928347, 0.09843258887998264, 645.6707960721984, 0.5444154853815737, 5293.861752843741, 573.6722318420378, 1.5808236100942383, 0.0632654230318693, 0.09841915325195187, 646.6677034585351, 0.5441558149621372, 5305.863550724866, 574.2593247802257, 1.3967609630202549, 0.063256001063119, 0.09838873436621583, 647.9521811992634, 0.5439314863287523, 5296.809935292807, 575.0104093444216, 1.2100096753701928, 0.06324649250500199, 0.0983967125943147, 649.929293926388, 0.5444351262145374, 5350.669574209067, 575.6492874228193, 1.0002561044788298, 0.06263406342087245, 0.09842074288999386, 670.7905638038113], "obs_std": [11041.485100831862, 559.1717172633893, 21.372009258917032, 1.9718210981463968, 0.11508553435863826, 537.6343773977973, 0.7959967242554652, 11060.577093763288, 559.1881842419141, 20.80077741024356, 1.9718203076689225, 0.11466572087095486, 536.8131288411947, 0.7926254785317262, 11065.806022166444, 559.243217012046, 20.153079821837256, 1.9718196763507607, 0.1145627594673283, 536.4336165864818, 0.7915742482079343, 11064.313408899587, 559.345078181302, 19.39253186157713, 1.971818931329814, 0.11427151217746304, 536.1451526908119, 0.7888028804464972, 11068.153073786196, 559.4873768804769, 18.38447658416715, 1.9718182225800662, 0.1134152622286778, 535.3599227768018, 0.7901806182666317, 11049.820120834922, 559.6836659315275, 16.951692714459746, 1.9718176270049523, 0.11204521285253558, 534.3011434937309, 0.7846470527600514, 11061.495938690483, 559.9713651333047, 15.084164140424345, 1.9718168307175057, 0.1112022166053585, 533.5718133137956, 0.7796800311583605, 11047.944138428496, 560.3065889294113, 12.818049372156702, 1.9718160958802196, 0.11040296599767165, 533.5355635764683, 0.7760597691778885, 11071.62901605372, 560.7160721088592, 9.793699030618951, 1.1390140707511767, 0.10934762404761993, 548.9746605757952]}