{"obs_size": 14240282, "obs_mean": [5221.007893188333, 561.8268072219356, 2.1654309233482874, 0.06646957002383257, 0.10278595358013311, 630.6501313034445, 0.5678715475578691, 5224.567275486225, 562.1254900710533, 2.073772626131983, 0.06646180257730304, 0.10280491375451775, 631.5108163054654, 0.5671560869370746, 5225.771806916922, 562.5069104670822, 1.9931993622036415, 0.0664532709937291, 0.10285782933104937, 632.504772925386, 0.5680359102439503, 5227.126390122169, 562.8289118853124, 1.8915400692205393, 0.06614282246153005, 0.10281144395061896, 633.6118558047239, 0.5677853958931747, 5229.613563997497, 563.2070739189013, 1.7698919866895895, 0.06613263554023172, 0.10285796228262989, 634.6658714775407, 0.5674853052769891, 5230.1247227711165, 563.6049488345806, 1.624431875717068, 0.0658209306760301, 0.10284145708245208, 635.8442477676999, 0.5678328238865278, 5234.045830794453, 564.0545738490292, 1.4362481023901073, 0.0658100609666382, 0.10284662972657449, 637.1844716110677, 0.5672616896210719, 5232.097198892494, 564.6122648413844, 1.2598786316169863, 0.06519642116694879, 0.10285101992025149, 639.0030899924117, 0.568504386991811, 5253.2567480740645, 565.1489372190804, 1.048595666855474, 0.06337626194699737, 0.10290203292982616, 665.7476376110129], "obs_std": [10989.859027235192, 556.8069120141012, 21.261323812397993, 3.9428874251924055, 0.16184940427471675, 531.4395756551793, 0.887284981688244, 10994.5326901651, 556.8269727708606, 20.691699854416203, 3.942886747185961, 0.16068191435551252, 531.3573271182842, 0.8855358439379698, 11000.958804698055, 556.8356449513545, 20.052278335109023, 3.942886063942614, 0.16116670761723867, 531.3155229209781, 0.8832881597695754, 10997.850005835135, 556.8576001006103, 19.296401412926247, 3.7750490146091664, 0.15972781837103112, 531.1854182085182, 0.8804342111682812, 11006.346497726245, 556.8520915497517, 18.30475371563363, 3.775048332462872, 0.1605084254124761, 530.8872619875533, 0.8807333828552807, 11001.884389463581, 556.8859261586407, 16.8977772731275, 3.5993932104510162, 0.16000489629063952, 530.3502997136404, 0.8759634172920413, 11008.282564360637, 556.9586936963209, 15.056840110742906, 3.5993924046495747, 0.15970099232081814, 529.9270797461658, 0.8686142591512587, 10999.648921022423, 557.0343197053027, 12.824319587504366, 3.219459048503084, 0.15898350486937152, 529.8084755122658, 0.870322550554316, 11009.203848245765, 557.1764836875946, 9.839879970906287, 1.6102167188299656, 0.15763259346161249, 554.8355089594206]}