{"obs_size": 14251917, "obs_mean": [5204.907655921963, 559.542196463816, 2.3598158058315946, 0.06415757691299481, 0.10080629525585899, 632.4620753449981, 0.5640171376945318, 5205.284100605353, 559.8548822589971, 2.2796912864423775, 0.06414994725152535, 0.10078761201451027, 633.3942401587066, 0.564776954216058, 5210.973133091852, 560.1503728936957, 2.177516540406459, 0.06384042554725196, 0.10081989165815425, 634.4194599003067, 0.5642079692858206, 5207.729486897254, 560.5330547462493, 2.0546671721425263, 0.0638315711445775, 0.1007954327337166, 635.7220938939381, 0.5645380686682352, 5213.36753835341, 560.950517393555, 1.9073923879854195, 0.06382265881916889, 0.10080282353812428, 637.1031860517173, 0.5650439573146541, 5212.708038253545, 561.3127443837906, 1.724125884258237, 0.06351170722507815, 0.1007671774997005, 638.6700240032278, 0.5649644595179735, 5215.018133272533, 561.7764114118826, 1.546229394964902, 0.063501862142413, 0.10076948966303904, 640.4123326636368, 0.5662502231103381, 5220.325972153432, 562.297247871988, 1.3393466998158914, 0.06319094170672789, 0.1008370389285881, 642.3249095846754, 0.565703580016635, 5219.439742411112, 562.7658129078354, 1.1237149360328158, 0.06287905008014875, 0.10084305374743563, 659.6926485709014], "obs_std": [10945.83629438665, 559.2971632726377, 22.467449619577017, 2.544332272331705, 0.12438824112182537, 531.0902180239191, 0.8138410248560549, 10943.433329583191, 559.4158299054893, 21.897129248435043, 2.544331464714858, 0.12402055303824729, 531.13256121933, 0.8125950332612651, 10956.527310658743, 559.3308326787851, 21.18988287976977, 2.2758126139869455, 0.1233271423342084, 530.8730462836453, 0.810746321011541, 10941.081568878306, 559.5177071810155, 20.28350001515226, 2.275811653092047, 0.12262947973616596, 530.9047124532456, 0.810429493980391, 10957.798255010202, 559.4893088977225, 18.953751155955334, 2.2758106961906854, 0.12214503744086153, 530.9149058939716, 0.8122801585095119, 10952.685277033155, 559.3886528262885, 17.33054243905592, 1.9710436072345103, 0.12013160376079456, 530.8762117552909, 0.8108719511262853, 10955.139495825888, 559.4025348364503, 15.451682586657478, 1.9710426993524326, 0.11854703168012791, 530.6836478149911, 0.807184017695549, 10968.110034350731, 559.3754354044663, 13.105719809103626, 1.6095683748780354, 0.11864868078688813, 530.7025879878956, 0.803920620516979, 10956.249464218035, 559.3102967893112, 9.98550427713745, 1.138599332999646, 0.11832449501532828, 540.0560140403127]}