{"obs_size": 14251917, "obs_mean": [5215.7937581780525, 562.1914523498838, 2.320827296426158, 0.06879550307233166, 0.10170061683772098, 630.4147163376451, 0.5635484773031253, 5218.173774004986, 562.4970440818593, 2.2444170843824023, 0.06788210420928764, 0.10170619366643806, 631.382654931821, 0.5640636161437399, 5221.997360006356, 562.8121810560643, 2.138169061747974, 0.06696924402619792, 0.10175889985522685, 632.3792251301601, 0.563884017006308, 5220.481559332188, 563.2233099589339, 2.0131367590759894, 0.06635647003502172, 0.10175556819387988, 633.4663038899214, 0.5636294709687416, 5223.538281220492, 563.671258470001, 1.8667530129455565, 0.06604499629980395, 0.10175457347408008, 634.5944119636644, 0.5640877908565155, 5223.063744081841, 564.0874241689731, 1.6760616133254214, 0.06573302737906153, 0.10175047608142818, 635.9714669115277, 0.5634672063414654, 5226.725649393862, 564.652662234842, 1.498957789327569, 0.06481876428975211, 0.10169498481712959, 637.6425604033872, 0.5646539845131394, 5230.1363296267, 565.2921031605783, 1.2859167647411924, 0.06360290806739338, 0.10182514726882082, 639.727110308268, 0.5644461698731771, 5256.293401749286, 565.862316907964, 1.0677404309890381, 0.06329031565789497, 0.10181829855569503, 664.4793281874034], "obs_std": [10978.07603503221, 556.4536285472768, 22.57235393840434, 5.088024000080611, 0.1460286597533992, 531.6639592818462, 0.8709147556747288, 10977.910390916095, 556.5338834646752, 22.00227845997193, 4.690959621508391, 0.14619627452374376, 531.8159941500109, 0.8670462438617593, 10992.256307089194, 556.4143914348954, 21.287147227837657, 4.257019960351264, 0.14551859865132283, 531.4217203204809, 0.8633724054112504, 10975.005286935679, 556.6241748351341, 20.370997578792277, 3.9412721865549085, 0.14510293301896457, 531.0291171518626, 0.8608895407025983, 10990.191529047865, 556.6512903945465, 19.033126898487946, 3.7735031070023353, 0.1448637999996928, 530.5788592375857, 0.8611593421389369, 10982.371439854172, 556.622046890513, 17.391021746190262, 3.5979194175282765, 0.14364106209318483, 530.1100553397345, 0.8532776385290266, 10983.975155506812, 556.7560115022956, 15.498416984475629, 3.0103384987739172, 0.1412543049014194, 529.6988101616357, 0.8544631039537351, 10994.849662550503, 556.8755033762058, 13.12762362323491, 1.9710286119856326, 0.1418732117510228, 529.6787197719441, 0.8477796432677637, 10991.70747587567, 557.0558178515176, 9.956380857985927, 1.6095509226953015, 0.14081871525662737, 550.4768688152085]}