{"obs_size": 14240282, "obs_mean": [5228.5951651174055, 558.7068079831564, 2.186766104772363, 0.0642499804011684, 0.09926025326591147, 630.3891420591278, 0.5612578931372249, 5227.134672094707, 559.0255379071847, 2.1017675773555613, 0.06424382539349369, 0.0992570681824989, 631.1905474273149, 0.5610105649593152, 5231.2555101879225, 559.3277245492752, 2.016057968514949, 0.06423722214153559, 0.0992694287453017, 632.1568530153274, 0.5617117187005133, 5230.2957219137215, 559.668102148539, 1.9186805429836291, 0.06392841456469121, 0.09929663760689625, 633.3425750684289, 0.5615162855623185, 5233.769740263063, 559.9632182143583, 1.7984187391794628, 0.06392051430063747, 0.09926578637887988, 634.5682619730833, 0.5617878994952469, 5235.259639364576, 560.3386222969459, 1.650800665323903, 0.06391191268031834, 0.09926172911596912, 635.9995146103073, 0.5618454600126596, 5235.49697281144, 560.7483787891281, 1.469867661328617, 0.06360108948475267, 0.09922614314688442, 637.4322400789495, 0.5619548789834368, 5238.525694173515, 561.2258393478443, 1.2895925094741802, 0.06359178363898364, 0.09923667826542978, 639.17866444761, 0.5625685890209191, 5239.281976485416, 561.7464803716668, 1.0850612368491017, 0.06267847438717211, 0.09929252107289761, 652.6704713178655], "obs_std": [10980.835676779254, 557.5333206396281, 21.177774140738553, 2.788223264006232, 0.11585086837108131, 525.9957811384047, 0.7937887624224043, 10975.460761206952, 557.5672886426994, 20.61482397200517, 2.7882228650909715, 0.11494109599206481, 525.8320896260888, 0.7934705152933398, 10983.105629636817, 557.5417178743793, 19.97527901028879, 2.7882224812740257, 0.1142030367931619, 525.6628095025311, 0.7906757436179358, 10978.725585099892, 557.5631676314456, 19.229461017465287, 2.5453544552089027, 0.11440371387227287, 525.7519924345398, 0.7887261883048438, 10983.87030128296, 557.4828495754041, 18.2441858182738, 2.545353619032521, 0.11323300634020693, 525.7688063714804, 0.7907081648365485, 10983.579402751233, 557.4532212583184, 16.84428172216673, 2.545352924435959, 0.1123894710656981, 525.6302941964815, 0.7868076057796293, 10983.898222270016, 557.4694168039932, 15.016567163433086, 2.276722182749652, 0.11071073451754627, 525.3873630143815, 0.7852841991445082, 10985.568373442597, 557.4738364092299, 12.791268414805073, 2.2767214460259746, 0.10996569026721202, 525.2167071233462, 0.7815273929175736, 10985.094300973462, 557.5038818985521, 9.837640537442663, 1.139035553764337, 0.10810177937678694, 527.4612189051032]}