{"obs_size": 14289583, "obs_mean": [5173.996620543302, 557.4613656675635, 2.7731083545265105, 0.06546485908651775, 0.09882238196915823, 625.7009853003685, 0.5507516172445284, 5178.509933084581, 557.893208640168, 2.6238086163885956, 0.06545694897535502, 0.09882294553081049, 627.1404665470424, 0.5509738265280371, 5182.032948929954, 558.295033731915, 2.452505576964702, 0.0654488686023307, 0.09881881221495432, 628.6119448257757, 0.5512383467733177, 5181.09433580499, 558.7796886025295, 2.271575524632174, 0.06544051781448754, 0.09881505490391136, 630.0739773319202, 0.5515651441333173, 5183.227224362438, 559.2542800584174, 2.073957091680002, 0.06543134768566027, 0.09885478239602954, 632.0620715301969, 0.5517260824196224, 5185.925128576621, 559.7762115941382, 1.8624266362426392, 0.06542199451734182, 0.0988201911822061, 634.1582166824162, 0.5523250626697817, 5188.810017170406, 560.3197505483539, 1.6331442981926065, 0.06511218244074103, 0.09883247970622999, 636.5705617975937, 0.5534946539027812, 5194.492242253823, 560.8913451848103, 1.3865988951532036, 0.06480191239402212, 0.09890163642927886, 639.7455899533699, 0.5559718413756408, 5196.673251833134, 561.1652602458728, 1.1359031960554762, 0.06389038594905826, 0.09902034787817139, 645.0902776473853], "obs_std": [10856.86960836116, 553.6680886057751, 25.315464503377108, 3.4088084186535244, 0.1146549579231876, 526.0694402824189, 0.7801740052246317, 10865.213661887085, 553.6511080739657, 24.328131668014496, 3.4088080488094885, 0.1131084507591625, 525.9388391582673, 0.778923394249677, 10871.61838472196, 553.6439320060208, 23.166795122744386, 3.4088077182983154, 0.11327793628539135, 525.8859567358686, 0.7754652185458173, 10864.120592410814, 553.7129972042115, 21.863788574122747, 3.408807425277421, 0.11224051540508809, 525.4224517713023, 0.7744582708706211, 10868.358752594024, 553.6794109795039, 20.30676458978908, 3.4088070438334785, 0.11206811287464774, 525.4638308057102, 0.7728808075620985, 10871.681631190031, 553.6738022218259, 18.53776318786118, 3.408806689914327, 0.10995926869891454, 525.3814285199666, 0.7707484928700397, 10869.617870149772, 553.5936124946136, 16.440909444604323, 3.2138885483390895, 0.10869393147538936, 525.4210372637519, 0.7739425616971997, 10880.518031241852, 553.6481653776701, 13.84447945505259, 3.0063592382803495, 0.10848249927551941, 525.6325348272073, 0.7742338564925134, 10881.379271225534, 553.4987235916335, 10.507295223541337, 2.272783421256085, 0.10750420097399693, 525.5657964043091]}