{"obs_size": 14276570, "obs_mean": [5182.353828820493, 560.4627544991548, 2.6491458382510644, 0.0644231925334371, 0.09981588323140671, 625.3782350162119, 0.5584603929375149, 5184.916298188163, 560.8264687526486, 2.5319973214854827, 0.06441532800442204, 0.0997740028237876, 626.6682563196869, 0.5586788436578259, 5186.004334904184, 561.2515086606937, 2.3888684046658266, 0.06440691033007873, 0.09978884614749985, 627.9486892293195, 0.5589546870852037, 5188.843475023522, 561.6628470984277, 2.2119187591977627, 0.06439802831058804, 0.09976608315288622, 629.5393906071259, 0.5587638768976023, 5187.68401898365, 562.0961812956473, 2.035234793791506, 0.06438899009776804, 0.09976196410209227, 631.1666222050541, 0.5597533514002314, 5192.629384091264, 562.661732124733, 1.8355571401253943, 0.0640786797571891, 0.09980984700281709, 633.0490569028335, 0.5598352850159419, 5194.451487155245, 563.2020441184402, 1.6237851248584219, 0.06376845954855369, 0.09977913825897991, 635.1301755270756, 0.5604601199727952, 5198.627525999175, 563.6736305709284, 1.4005610591339517, 0.06345774796152642, 0.09983420728697538, 637.6539354102109, 0.5621840464481347, 5200.3864491496615, 564.0999192383044, 1.1508341289259254, 0.06344720186733162, 0.09997155970544776, 648.1924909301001], "obs_std": [10876.855156631704, 561.5756541491521, 24.354105230237725, 2.784679265990182, 0.1204291497804488, 525.5975508362853, 0.7953509104282024, 10881.233722341021, 561.5333851027185, 23.61350149835357, 2.7846786545343187, 0.11906325209612209, 525.5354566163332, 0.795686944800023, 10879.805910281038, 561.6279932455243, 22.563824226972635, 2.784678121837489, 0.1187618199356074, 525.2157004789768, 0.799577928504896, 10882.548122401779, 561.6908285486555, 21.302345260077864, 2.7846773780629936, 0.11804019271645856, 525.1212832732607, 0.7914435356095921, 10879.102753049701, 561.6690394814659, 19.82613459816427, 2.7846768471206915, 0.11716102759416754, 524.8448732767096, 0.7951910668559165, 10886.539560049585, 561.760775905851, 18.09030925122336, 2.54211746978558, 0.11575753062246852, 524.7802764849529, 0.7954933196255585, 10886.971277323462, 561.7850833868017, 16.06261968133032, 2.273829297066303, 0.11349851315003046, 524.6862759423774, 0.79344840035577, 10895.576010745075, 561.7096206587596, 13.661982328097917, 1.9693241134765764, 0.1130672666157277, 525.003620132341, 0.7963609750431948, 10892.41804646729, 561.575754412622, 10.352128206427967, 1.969323279724137, 0.11302066155995322, 526.6917680959959]}