{"obs_size": 14276570, "obs_mean": [5236.416841335442, 569.875398642671, 2.53874831279502, 0.06388973413796925, 0.09786053255326775, 625.0730235748522, 0.520695949937545, 5238.36534537261, 570.2319791098282, 2.4214989314660316, 0.06388294850822761, 0.0978284802709617, 626.2980032724893, 0.5209942613666912, 5239.570677064892, 570.6430424114476, 2.27197583172989, 0.06387536401923623, 0.09784262121454997, 627.5669707812605, 0.5210852792372377, 5242.659271599918, 571.0637962759963, 2.099335414598885, 0.06386745578140317, 0.0978301321369208, 629.129435029279, 0.5210947284256591, 5241.5330186235715, 571.5028688263357, 1.913598574447504, 0.06385903710226669, 0.09782302933603809, 630.6676721060679, 0.5213012500201285, 5246.56224755072, 572.0762090614202, 1.7148502056166153, 0.06385025274047669, 0.09782812558394695, 632.4542687352264, 0.5216433652480917, 5248.326909355218, 572.633496911373, 1.4995190021132527, 0.06354057608803163, 0.0977831277643023, 634.4110150642086, 0.5218779751018576, 5252.794317464456, 573.1264627287926, 1.2710094931765823, 0.06323044697893847, 0.09777945283348943, 636.6826660202931, 0.5224156985886667, 5255.512319256326, 573.6406888349233, 1.0228870800199206, 0.06322005748594409, 0.09779265653024508, 643.8466284663099], "obs_std": [10841.491260278073, 553.2020094323929, 24.37295470631228, 2.5421066000757366, 0.115047000164266, 523.3782715928397, 0.7391984703502543, 10843.759113828279, 553.1319985152348, 23.622528688456256, 2.5421062586922702, 0.1135055483335278, 523.2398852951441, 0.7411583943498468, 10843.164242552357, 553.1873967568097, 22.565246177885527, 2.542105913400398, 0.11358009755948875, 522.9006905397982, 0.7431650271628005, 10846.713657555669, 553.2176605235298, 21.294449787807807, 2.542105553311056, 0.11302984747972963, 522.7541505983199, 0.7359647177281973, 10843.175253395508, 553.1491834725899, 19.802833347312895, 2.5421051128050887, 0.1118755659635019, 522.4264175522768, 0.7378920091317619, 10850.219571960093, 553.2083082245164, 18.049700306257645, 2.5421046522988133, 0.11002770476085355, 522.1943799151063, 0.7380851943543422, 10850.03312395055, 553.1980448289615, 15.999884471991715, 2.273815086547258, 0.10775409140454217, 521.8721219865413, 0.7339466658918253, 10859.170145716962, 553.0744046250705, 13.569559019990347, 1.9693078962129205, 0.10700137184862177, 521.9237991200516, 0.7359412955837124, 10856.692697624465, 552.9122503117948, 10.215807239872913, 1.9693070507476678, 0.10604976876269209, 521.1188860583765]}