{"obs_size": 14264008, "obs_mean": [5240.09068386105, 568.7844872212636, 2.4516464096206345, 0.06498997594295555, 0.09957652465499231, 634.4731061305727, 0.5500484929621885, 5247.698391737791, 569.0470329237056, 2.3527083692045045, 0.06498183740398393, 0.09966021572772632, 635.5409103308646, 0.5501053257962728, 5244.804481288017, 569.4581397458554, 2.230139733516695, 0.06467206497305134, 0.09961497734528851, 636.5945194417513, 0.5495544371540317, 5251.446841675387, 569.9086073142976, 2.082213358265082, 0.06466284441323397, 0.09960059519540315, 637.7774383427076, 0.5495611774054393, 5258.8654887254, 570.4607567522396, 1.8982832875584479, 0.06435173928492782, 0.09956519406361851, 639.1769611468219, 0.5493290000258448, 5250.707379367835, 571.060599307011, 1.71950948148655, 0.06404088442814411, 0.09958980466710424, 640.8226066253801, 0.5501863651507126, 5264.088826771669, 571.6705667859974, 1.5108360146741364, 0.0634288192703007, 0.09963677030032562, 642.5623419377425, 0.5498609594863317, 5258.537008581187, 572.5090921850295, 1.2910416202795174, 0.06281569289256737, 0.09964586956176646, 645.4041816837616, 0.5512287105419872, 5303.777682270563, 573.0908755799912, 1.0596809115642671, 0.06280400969363752, 0.09979837200603206, 665.7528593398117], "obs_std": [10981.789492930759, 558.8263019966776, 23.616129697379446, 3.216778461819405, 0.12412691733565655, 534.9626272562479, 0.8389681129758426, 10993.544683302947, 558.8828606218332, 22.99137984364968, 3.2167779555121916, 0.12319217148713861, 534.8069802207135, 0.8372412149911599, 10993.852793241209, 558.9493267453182, 22.1612461984542, 3.009063086991144, 0.12287150084966643, 534.3290900095227, 0.8380407243215429, 10998.540570454566, 558.9288565075879, 21.00339260629555, 3.009062339576474, 0.12198288559043735, 534.0794545722559, 0.8324157885671996, 11016.018099727382, 559.0726861355989, 19.520419475633496, 2.785902430042297, 0.12214229499132347, 533.2261052632465, 0.8269194351089123, 10990.424608062218, 559.1871192820643, 17.867982761931536, 2.543236313599287, 0.12176661031461583, 532.506124825324, 0.827089523294017, 11003.471908294883, 559.3289745125385, 15.908713494827957, 1.970190474777278, 0.12118146870325797, 532.2040400436866, 0.8182207236182923, 10993.09503558004, 559.7427694412238, 13.508622633522739, 1.138091094625725, 0.12042851516704368, 532.7743521583336, 0.8150571975032914, 11006.583087186918, 560.0416128727735, 10.271192724343786, 1.1380884065893202, 0.12232349404855558, 549.252993097135]}