{"obs_size": 14276570, "obs_mean": [5233.997106115857, 568.3208920630094, 2.6108203160843257, 0.06598414511210307, 0.09987607204433598, 632.2875977328855, 0.5504508572437554, 5237.358793498367, 568.6440069288351, 2.4921215670150465, 0.06567448883114752, 0.09985896311586101, 633.2868166504468, 0.5499027989216235, 5237.327034096589, 569.0769228182961, 2.346057631489917, 0.06566534042323166, 0.09986548739375115, 634.3631899271297, 0.5498675055003098, 5243.055189226494, 569.472705278649, 2.164253948952725, 0.06535496248182136, 0.09984183451774474, 635.7745947781067, 0.5494408600245376, 5239.792586101989, 569.9955785598361, 1.9853872463764055, 0.06534527090352213, 0.09983312600351503, 637.3250791878814, 0.55025664813051, 5245.407655407791, 570.6248696990943, 1.7797989292946415, 0.06503393529468897, 0.09986857457806819, 639.2028326516291, 0.5502890409951786, 5246.12402727401, 571.3032713039617, 1.5641284286071515, 0.06442127235106897, 0.09988752207028738, 641.7230737198968, 0.5516191374399164, 5247.542382392793, 571.9393804674371, 1.3347199642491159, 0.06410920981279779, 0.10000311693467051, 645.3678577984316, 0.5551324626293744, 5293.009630118297, 572.4352315717291, 1.0789210573688217, 0.06409640449310273, 0.10030170796010572, 663.196818053676], "obs_std": [10978.738912835392, 560.3540981212195, 24.590548547583666, 3.7702471506165396, 0.12788841649796917, 535.1832984951762, 0.840405637315548, 10977.003010592094, 560.2879631508684, 23.839454466396866, 3.594815781981555, 0.1270862341942663, 534.4337874193518, 0.8371651787717116, 10985.853746434164, 560.3435386775883, 22.77696704909909, 3.594815155178344, 0.12677311448929504, 533.8487173174377, 0.8394442938241413, 10983.37689190329, 560.3813097053878, 21.501679974049186, 3.4103712934899897, 0.1267146651526146, 533.278393791867, 0.830083718423411, 10987.505650187699, 560.3911381079762, 20.00916788057219, 3.4103709205197226, 0.12534622497946435, 532.693745576909, 0.8338393424463105, 10988.093911297956, 560.5246902940214, 18.256066637521425, 3.2153641942155864, 0.12364519089137095, 532.3581578726859, 0.8291879297938697, 10981.317967487032, 560.690327533309, 16.196791005942746, 2.784680309743525, 0.12243075525578793, 532.4489364596682, 0.8248382147567338, 10988.62505915424, 560.8149605303392, 13.75032276487785, 2.54212146533769, 0.12347310173797016, 534.1264717897163, 0.8337057045503993, 10985.423860971932, 561.0274094200527, 10.35502437250382, 2.542120178401509, 0.12570028836380076, 548.9159127985206]}