{"obs_size": 14289583, "obs_mean": [5197.150640267189, 565.2840206043801, 2.758859583236264, 0.06713487555788755, 0.09971374435405096, 630.0232546269089, 0.5495297481389348, 5210.693386619135, 565.6567723494799, 2.6100303976680075, 0.0671258383249606, 0.09969263610967467, 631.3044510834694, 0.5495726766134832, 5209.624832445238, 566.106070485052, 2.4319443051627188, 0.06711634853292103, 0.09967037191309248, 632.7379196479457, 0.5495408332769842, 5212.2149263837355, 566.6236911182083, 2.253658766669398, 0.06710678803335994, 0.09967997895173007, 634.194027512391, 0.550212867513393, 5209.930506924053, 567.2255563370884, 2.0510978521906478, 0.06679624295363287, 0.09975371586553704, 636.2186214033443, 0.5498533260208182, 5212.164808881171, 567.8684330396486, 1.8387603753027641, 0.06588352142075109, 0.09974044188000447, 638.6475220144655, 0.5514387386952146, 5219.275993843808, 568.5697563742763, 1.607966026720304, 0.06557228545606343, 0.0998750525359619, 641.825496053641, 0.554922869757682, 5221.5866778867785, 569.2970059378218, 1.3561836619025203, 0.06526025683101515, 0.10016753743877663, 647.8435516288545, 0.5687175544591178, 5265.989094251214, 568.1118771625456, 1.1157184922751069, 0.06404478550753374, 0.10122199952776853, 659.500871154651], "obs_std": [10905.652499556905, 556.4025091124184, 25.470172458494662, 4.40060823970352, 0.12601530798054322, 534.4624867660442, 0.8477328565081839, 10934.746176791972, 556.3311479082275, 24.470369502390042, 4.400607730708371, 0.12369430278582194, 533.941592716296, 0.8456604188408348, 10935.879308897014, 556.3287816269512, 23.300220654904013, 4.400607108955048, 0.1247131068996723, 533.6833001464151, 0.8409448039568374, 10925.294438971176, 556.3984159527155, 21.990250594090803, 4.400606797052897, 0.12379556414756136, 532.9111219847186, 0.8374427458105433, 10923.747220382362, 556.4861722712003, 20.429146938767957, 4.2514062692049475, 0.1237371370377988, 532.751554772372, 0.8309614874843716, 10918.538909277111, 556.6155961226211, 18.651185029129305, 3.7685280665108865, 0.1217329162057294, 532.8418023806494, 0.8325818391774001, 10921.364343941555, 556.746186209395, 16.54485801967528, 3.5931768218108155, 0.12337382522645962, 533.6555851421987, 0.8436523309295364, 10925.151669508146, 557.0863226141319, 13.931391187013524, 3.408817416881591, 0.1247966018488807, 537.5203177174047, 0.8832227423617591, 10948.38018588566, 556.5504795081554, 10.583574607408442, 2.5409639140348745, 0.13133727262363346, 547.8563171733222]}