{"obs_size": 14276570, "obs_mean": [5204.60360012966, 564.7121774347759, 2.613471373025874, 0.06816844479431015, 0.10081837888533488, 628.8623670213073, 0.5565367011124159, 5209.514674586883, 565.0473142358424, 2.4951526171902634, 0.06755778305328958, 0.1008616755380325, 630.0511690467607, 0.556425360223107, 5208.206162795992, 565.4775702427124, 2.3510277328517986, 0.06724763721833045, 0.10086480801565127, 631.1516003711408, 0.5564859527884157, 5214.246534504797, 565.8697390899915, 2.1689527666659427, 0.06693714463839003, 0.10087977862112525, 632.6057602654291, 0.5559761965934719, 5211.889108466764, 566.3919600436238, 1.992347391565341, 0.06632559888048034, 0.10083591850472505, 634.2001989315831, 0.5569193129722672, 5217.859563872499, 567.016668709641, 1.7875791594199446, 0.06571361180613396, 0.10090560066402562, 636.0698096309736, 0.557052980933135, 5220.9527598607565, 567.6691008414485, 1.5751175527455124, 0.06480018353505773, 0.1009078202926894, 638.5349732480054, 0.5586161814077563, 5220.236634410419, 568.2523148767525, 1.3486496406349704, 0.06448824962649248, 0.10106552110654127, 642.0651889645778, 0.5627460152544003, 5258.658170316579, 568.679354564857, 1.0939871411690623, 0.06417450571265343, 0.10141726619293062, 661.5324449143322], "obs_std": [10932.09567955292, 557.7546010811589, 24.498923356327627, 4.822775593555242, 0.1370918801595636, 533.0767833126408, 0.8636547983719655, 10936.998489829453, 557.6870374817969, 23.75189866034026, 4.5469819998018925, 0.13716798838719416, 532.7514220953557, 0.8613406516088301, 10941.355380557363, 557.7541262271276, 22.694458621363793, 4.402610920311788, 0.13678430966139563, 532.1255018650102, 0.8623436371993973, 10942.4976945491, 557.8026724992257, 21.41954421161386, 4.253342152426562, 0.13762646763389275, 531.7061911880045, 0.8529324302510696, 10944.443091777484, 557.8653083542142, 19.93367039053615, 3.9378671797193907, 0.13590128911042534, 531.3127639050721, 0.8589669184998031, 10949.804645172255, 558.0091781418594, 18.18612508329353, 3.5948123254523807, 0.13530217909055603, 531.0548178171149, 0.8528311064487909, 10945.952725397308, 558.1771056811053, 16.142194820009728, 3.007739067007462, 0.13268565836048837, 531.1592127088139, 0.8449856028974738, 10951.060313092154, 558.2874515364799, 13.717613192788848, 2.7846781334875925, 0.13410973998727238, 532.6901793398483, 0.8570813357114148, 10956.732368021861, 558.4218796521576, 10.352264869909067, 2.5421185554272103, 0.1356074945535071, 549.8271599006063]}