{"obs_size": 14264008, "obs_mean": [5243.714181595532, 568.7363718528482, 2.4471311289225306, 0.0640683099748769, 0.09919500834211557, 634.5552080812532, 0.5490166421668152, 5248.336870492149, 568.985026859211, 2.3481332175360534, 0.06406052721185551, 0.0992970072418644, 635.634075462712, 0.5491503719011214, 5250.15527498237, 569.3527879401076, 2.226545372100184, 0.06375085993502856, 0.09925580958164192, 636.6994184027365, 0.5485136194539803, 5253.511894940269, 569.7730447150618, 2.0783578500516824, 0.06374190298008299, 0.09923206812650386, 637.9168897615036, 0.5485768866647159, 5255.159803456762, 570.303046801432, 1.8951214132801946, 0.06343076999761417, 0.09921102787414346, 639.296997619693, 0.5482776587057796, 5253.447091703621, 570.8609728065211, 1.7156786507691246, 0.06342101367365525, 0.09921908264661787, 640.9041790238716, 0.5492999567863809, 5258.641030587594, 571.494100185586, 1.50840766494242, 0.06341112894882889, 0.09929300950630482, 642.7492845380741, 0.5487439764476185, 5268.944595069453, 572.3135401354232, 1.288745771875619, 0.06279855183410761, 0.09924814000195432, 645.5333910928329, 0.5499997356984485, 5311.485349203252, 572.9429191991479, 1.0563740569971638, 0.06278700866187989, 0.09937176102712654, 666.1630755546846], "obs_std": [10970.009156961283, 558.1310390699011, 23.58358902725076, 2.54324027714636, 0.1194333940529556, 534.6231546386578, 0.8262341096869554, 10984.06414254934, 558.1619874950477, 22.959935105734772, 2.5432396839289995, 0.11928309772933388, 534.454669848501, 0.8247647827165852, 10989.390092272219, 558.2090229299654, 22.129673767213248, 2.2748335389401317, 0.11903753869735353, 534.0089972925367, 0.8242693612145516, 10993.595443798338, 558.14772110556, 20.9793888309143, 2.274832646843704, 0.11848202751563504, 533.8317681302773, 0.8196473378671872, 11000.075888950278, 558.274141284369, 19.49640816917555, 1.9701926193838062, 0.11799864939115617, 532.98999388668, 0.8119603930151521, 10983.680629120643, 558.3687497351458, 17.84345514403161, 1.970191821518099, 0.11649837880022364, 532.1503491666384, 0.8183496726161732, 10990.802219388455, 558.5105020552979, 15.89656266985402, 1.9701910370324145, 0.11667528698482754, 531.7046634504552, 0.8070827279694991, 10994.955049148994, 558.9425924483318, 13.500872249820517, 1.1380920067549818, 0.11569655582067886, 532.120018611818, 0.805112791730657, 11003.39967241664, 559.3076603789377, 10.271478530638287, 1.1380897393681995, 0.11757986237976177, 549.1765794991692]}