{"obs_size": 14289583, "obs_mean": [5221.724586575534, 569.4585394829227, 2.7768858615398364, 0.06503367815569529, 0.09869752536235626, 633.9873778267273, 0.5425548713353295, 5230.040383509339, 569.8623568651373, 2.6263816095963053, 0.06502527074380654, 0.0986917541276743, 635.2889627719712, 0.5426594891537802, 5227.565057193898, 570.2912872265061, 2.4501973220632123, 0.06501642985453766, 0.09868093396742261, 636.6741248791739, 0.5426111548532006, 5234.884046587873, 570.7952256549404, 2.2672556644934985, 0.06500759773221469, 0.09867399020846157, 638.1386401789304, 0.5430450112505442, 5232.137393044892, 571.4199925218252, 2.0640023575215594, 0.06499764773346399, 0.09871339459437033, 640.1991758446713, 0.5428210600687614, 5235.654681234988, 572.0680534204532, 1.8482307006439587, 0.0649871462103615, 0.09869077856652607, 642.6910650113017, 0.5440502081131825, 5237.9733020972835, 572.7942445206413, 1.613994544137502, 0.06467619828291049, 0.09874412664946118, 645.9958638317632, 0.5466140198773218, 5239.461901047083, 573.5727841043366, 1.3603332581503602, 0.0643648591394937, 0.09893309041803418, 651.8721596052163, 0.5560525266553, 5287.611832091913, 573.2289917067559, 1.1079713102894604, 0.06315106027328445, 0.09953082009566029, 661.8122917414772], "obs_std": [10925.572746861366, 558.2158543946756, 25.617416145911605, 3.2138927938848303, 0.1186521836151867, 536.7817706770002, 0.7984838283462846, 10935.792002452894, 558.1598510308501, 24.62645895256171, 3.2138923623027824, 0.11641336209523385, 536.2614631722462, 0.7958963177253459, 10938.450286291125, 558.1538496967765, 23.459594768925214, 3.2138919106075017, 0.11680934571838121, 535.8182655027342, 0.7922044717547366, 10938.046996722816, 558.232142567042, 22.140389461346803, 3.213891551944773, 0.11551690765322463, 535.0425426804755, 0.7926321550978608, 10939.316351648671, 558.3692559883367, 20.577759102542338, 3.213891056694058, 0.1150741731711855, 534.9468396006694, 0.7880146141004232, 10938.666268622355, 558.5835959018119, 18.792982031656834, 3.213890540274372, 0.11351522716764066, 535.1018420573063, 0.7886359260051637, 10931.265876108306, 558.7759995985173, 16.67515169565988, 3.006361235373783, 0.11282642581428054, 536.0368956639629, 0.7966147329135795, 10934.068140707464, 559.2319551047298, 14.053207813024756, 2.7834013124776043, 0.11323163514025432, 539.6237273224809, 0.8187439814382369, 10955.038382718763, 559.2765690635765, 10.63679245163542, 1.6074155627017948, 0.11605601345472588, 547.1035149220983]}