{"obs_size": 14264008, "obs_mean": [5241.533477838455, 568.6359872344435, 2.4479651862225547, 0.06497171008514058, 0.09934572820871956, 633.5854621091073, 0.5488465721556396, 5248.5261709765045, 568.8821214906778, 2.347912522202736, 0.06466295981389852, 0.09943708572092844, 634.6128186671002, 0.5489823654754353, 5247.328427934377, 569.268400157936, 2.2267940399360406, 0.064353245195819, 0.09940945412103089, 635.6809868175889, 0.5484057811100876, 5251.842164747559, 569.6872200296017, 2.0780094907406106, 0.06434445801300197, 0.09937653036180275, 636.829341393426, 0.5483558617606309, 5253.096590231367, 570.1980818434763, 1.894932055562504, 0.06403316590779577, 0.09934097277889968, 638.2189490389113, 0.5481290466887397, 5249.840908166751, 570.7589131329707, 1.715424304304933, 0.06372195432448753, 0.09936637223906603, 639.8791401938324, 0.5490599769013438, 5260.047239743065, 571.3632331810246, 1.5077024634310356, 0.06371213407242364, 0.099425539641173, 641.7216388834058, 0.5485491492293486, 5263.9235175267295, 572.1649933875526, 1.2882960385327882, 0.0627983992543417, 0.09939245213596323, 644.5640688312827, 0.5499854535275454, 5309.677893336668, 572.789141803622, 1.0567487763607535, 0.06278739189455888, 0.09954394978942939, 665.2019603281657], "obs_std": [10964.561542216104, 557.8157082636233, 23.5991025433735, 3.2167791020683336, 0.12116967536840129, 534.215999095384, 0.8367727969366772, 10980.649903096393, 557.856903633044, 22.97012880760611, 3.009064441348428, 0.12034337565378006, 533.970312831392, 0.8356199154998184, 10983.70593535878, 557.9019717792409, 22.140241215897984, 2.7859053948439096, 0.1203915277333869, 533.545735981582, 0.8349831369075318, 10984.592292255684, 557.838619670897, 20.98514778322255, 2.7859046678857147, 0.11886210197508859, 533.2524796088838, 0.8289458893604542, 10990.536771515357, 557.9243117332416, 19.501669214685492, 2.5432381417652508, 0.11895621723256587, 532.3907798905959, 0.8231164516759828, 10972.971656973164, 557.9901981058597, 17.845064164401883, 2.274831396455389, 0.11868175553736549, 531.6852037356548, 0.8252927797867821, 10986.184160590085, 558.0964017583077, 15.893233742195644, 2.2748307977712505, 0.11839757069319386, 531.2513997847668, 0.8124500021748924, 10980.34046002375, 558.4549706506663, 13.491775852704206, 1.1380940704329259, 0.1168573855014669, 531.8586743024197, 0.8127114062412846, 11004.531839586794, 558.763879538269, 10.26639438821503, 1.138092486242062, 0.11910037391300808, 548.5359550127644]}