{"obs_size": 14264008, "obs_mean": [5193.512181234676, 560.0865543541479, 2.5077313473183698, 0.06470805789867264, 0.10020217837490018, 632.920335739951, 0.5634426729149462, 5196.912301177827, 560.3768693904266, 2.4124064568668224, 0.06439935751936797, 0.10026939378413208, 634.0432580995963, 0.5631633488287494, 5197.635455039524, 560.729646043384, 2.2918923629319337, 0.06439088634065022, 0.10019642059265628, 635.2549606060686, 0.5632041764839194, 5199.3016072441815, 561.1234012908573, 2.146674553183088, 0.06438200729550395, 0.1001903357817099, 636.6845128881872, 0.563707468686228, 5203.782514660233, 561.513843444283, 1.9679672080946673, 0.06437225919391844, 0.10015108388399709, 638.2556271529918, 0.5635269331733502, 5201.024485456154, 561.9063796795402, 1.7913105489004213, 0.06436260936653465, 0.10016551867245276, 640.1007561818956, 0.5649756819401738, 5206.955028742344, 562.36181233213, 1.590179001582164, 0.06375101887450725, 0.10025373624166554, 641.9529867639372, 0.5643403498511896, 5208.195339477573, 562.896538546529, 1.3747891195798545, 0.0631386633946869, 0.10022614806890143, 644.2526745554711, 0.5651511564631787, 5211.5614102040145, 563.3385360552237, 1.1472340032338737, 0.06282689972840173, 0.10034166407092744, 660.1914406620682], "obs_std": [10913.491841076748, 559.899108082812, 23.42148015249995, 3.0090713688578323, 0.1196127864673042, 532.4103671233139, 0.8119566996071634, 10923.818589390296, 560.0094171855135, 22.810067525942305, 2.7859126577256585, 0.11920944623283122, 532.5192540124383, 0.8116649219504237, 10919.036191606789, 560.059129720717, 21.991054945910157, 2.785911820131028, 0.11846592565769433, 532.4735003311346, 0.8121797350227767, 10924.380114323967, 559.960059988704, 20.852440225819635, 2.785911121674204, 0.11781074689985163, 532.67655163209, 0.8108130518965327, 10932.02023948087, 559.9069421501803, 19.389868470321648, 2.7859102069707418, 0.11681760183193375, 532.4040061032409, 0.8065501732839417, 10921.657844210606, 559.810860970319, 17.7534612966743, 2.7859095917703995, 0.11631726020191871, 532.279617896748, 0.8098597183345227, 10933.470176478999, 559.7147145795135, 15.832635363310422, 2.274839007295069, 0.11672082101448057, 532.4185110835812, 0.8027288378965713, 10931.02588990106, 559.7455595947087, 13.475122368834555, 1.6088792838752282, 0.11601423666861989, 532.8666559958981, 0.802903538723647, 10933.230152918122, 559.6394116934521, 10.3284639648339, 1.1381076246491715, 0.11595844068589477, 541.761422374775]}