{"obs_size": 14251917, "obs_mean": [5222.641638356511, 559.7837986987995, 2.336081104036741, 0.06330462052509234, 0.09903115834725984, 630.1609797232651, 0.5550544649537292, 5220.707902056347, 560.0822726514616, 2.254006882021555, 0.06329758204802281, 0.09902561216150807, 631.0845971442272, 0.5552190696872515, 5227.979919536972, 560.4121555016073, 2.151541157586028, 0.06329038448063587, 0.09905133752041947, 632.1369976995616, 0.5553942386838223, 5224.075839523546, 560.7862624375374, 2.029263782549393, 0.06328218810789517, 0.09903251807704255, 633.3765685943371, 0.5555377246443371, 5229.16837972163, 561.2349352722165, 1.8801706465172368, 0.06327421630424236, 0.09904722883672393, 634.7543762283092, 0.5559015261596022, 5229.957609023667, 561.6320133635356, 1.698170639079641, 0.06326568328086032, 0.09902945569174985, 636.3072939555657, 0.5560243556007208, 5230.597859924978, 562.128102415977, 1.5177670484609194, 0.06325674195773856, 0.09902437552492017, 637.9755617848365, 0.5565734347877549, 5237.709418531581, 562.7017500172082, 1.310399295757897, 0.06294666878091691, 0.09905690184267905, 639.8609251601234, 0.5567197396672939, 5236.136072697856, 563.2210651381143, 1.0926946178538648, 0.06293718813308531, 0.09904237674152791, 651.771787311416], "obs_std": [10950.272383145282, 556.8109953570454, 22.440255314072473, 1.609545147076679, 0.11475183352090126, 526.2950898359279, 0.780681288252522, 10942.509222423483, 556.9082679764756, 21.871239885517152, 1.6095441774171941, 0.1139427081355729, 526.3003781811352, 0.7778606277452949, 10957.905910352698, 556.8245991055808, 21.16307688762223, 1.6095433897647289, 0.11317226952105418, 525.9930473332339, 0.7784141656366629, 10941.586042255185, 556.9995839705358, 20.257611052747354, 1.6095421873803875, 0.11186687961361765, 525.9672081544767, 0.7789124144173314, 10954.939284303788, 556.993203943808, 18.927832227392084, 1.6095414923588882, 0.11192702943090421, 525.9274023332464, 0.7787374976976696, 10954.25330648003, 556.9278703698415, 17.30157870091724, 1.6095404622408154, 0.11026987345393102, 525.8047758280723, 0.7787251439539867, 10952.410868420618, 556.9706395237392, 15.41872130822134, 1.6095395626663287, 0.10804119324169373, 525.5272924555127, 0.7742441010728291, 10968.391377291071, 557.0055441267157, 13.064204439361303, 1.1385611725618978, 0.1074445901600637, 525.3423551490436, 0.772686067519251, 10954.1775582962, 556.9991977113639, 9.927326699865127, 1.1385597277521788, 0.10698956694486618, 526.6473530205675]}