{"obs_size": 14240282, "obs_mean": [5337.14766804129, 579.8174974343906, 2.056008722299179, 0.0629844173805066, 0.09603102729433312, 639.4039866929656, 0.518194146927709, 5338.3536999118005, 580.1233251560608, 1.9768905559594963, 0.06297872460890278, 0.09602282204790714, 640.2159170184987, 0.5182898632906275, 5341.673415252613, 580.4300798256666, 1.8858537351999065, 0.06297271771465728, 0.09604631270932726, 641.1515721313776, 0.5185187784904827, 5340.836396863364, 580.7536479965777, 1.7878932453725285, 0.06296608211326957, 0.09603869012516808, 642.3112245117013, 0.5186134025295249, 5344.727477106559, 581.0385934070687, 1.667650752983684, 0.06295901491902439, 0.09603449788838542, 643.4663599423528, 0.5188271855852279, 5344.89386282854, 581.4118552567988, 1.513041665888358, 0.06295150920523294, 0.0960277985911383, 644.8466304301617, 0.5187755657507398, 5346.430718737951, 581.8143992513633, 1.3365830114881152, 0.06294317417563176, 0.09600130928509712, 646.2432341917084, 0.5188907780758857, 5348.266429044301, 582.2931126644822, 1.146557701596078, 0.06293469140443386, 0.09601121517993731, 647.8936783773443, 0.5189094125383169, 5350.790050008575, 582.8254844953211, 0.9431331486272533, 0.062323368490041685, 0.09600095335668252, 657.6136865284469], "obs_std": [10935.391824727934, 560.4686675157249, 21.241805578169913, 1.9718062352277568, 0.1062450053520079, 527.3399779594046, 0.732926808594632, 10936.705875276386, 560.456957662793, 20.670558836713646, 1.9718057155036284, 0.10560226999235188, 527.1631935196814, 0.7335031583076297, 10942.373521743026, 560.3916446538851, 20.01918469370579, 1.971805234819231, 0.10459958169535184, 526.9482659435874, 0.7305174976741381, 10937.724552999607, 560.3803566620084, 19.257786687324202, 1.9718047507419934, 0.1046729990422242, 526.9940191638293, 0.7300294056230094, 10944.102446072777, 560.2697633762134, 18.257919154822968, 1.9718041970966056, 0.10371965361638338, 526.9341192967096, 0.7328392476300705, 10940.607249614939, 560.2094420264144, 16.83449393559041, 1.9718036900035898, 0.10261620059384718, 526.7197831170411, 0.7284068201720938, 10944.196312842618, 560.1823371833023, 14.980566738546925, 1.9718031193912384, 0.10134304929283318, 526.4154643452155, 0.7267763455452556, 10942.703277926135, 560.1141138834452, 12.70926913778211, 1.9718025495696834, 0.1002901741877207, 526.1930772769919, 0.7219436779235352, 10945.624543403881, 560.1068849509105, 9.691393780375352, 1.1389907287363517, 0.09788145461904396, 525.2557376375863]}