{"obs_size": 14276622, "obs_mean": [5179.291392585051, 563.0617217434207, 2.667231436119833, 0.0646937329471283, 0.10034986079592247, 624.0220895814641, 0.5417277567480404, 5181.121090967096, 563.4059000791644, 2.5468089019937628, 0.06468625967242787, 0.1003375911829143, 625.2396434321263, 0.5420235657986682, 5182.350563380535, 563.8201856853814, 2.3911694236914025, 0.06467804326661426, 0.10033003101525034, 626.5202033587465, 0.5420762555035616, 5185.091234418239, 564.2216966310378, 2.2116191771414835, 0.06466949394640391, 0.10032521674279789, 628.1006184996194, 0.5420471736941538, 5183.8031580305715, 564.65349891592, 2.018069960807255, 0.06466053199973337, 0.10030016234435599, 629.6303178668826, 0.5421257528566451, 5189.047317194159, 565.2319551501748, 1.809466342948633, 0.06465119483243985, 0.10026417850392143, 631.404613934861, 0.5424631356072765, 5190.542582776279, 565.7952293616795, 1.5846649858769113, 0.06434091728555252, 0.10022961674911637, 633.3374181096834, 0.5425524331315753, 5195.289975993021, 566.3007115408673, 1.344263369864384, 0.06403033287861047, 0.10019097993461006, 635.4962906132372, 0.5428819483348241, 5197.997009532085, 566.8259630324317, 1.082720198097281, 0.06401927546383836, 0.10018915264787451, 641.4675801247608], "obs_std": [10839.830670768974, 554.0688465712432, 24.843437621340783, 2.7846789611353544, 0.12190445550528474, 526.3534489528922, 0.7766298391552986, 10842.120797838834, 553.9724213578262, 24.093144992225724, 2.784678592733832, 0.12060821998549613, 526.1985106937681, 0.7786553232760436, 10841.681199753477, 554.0165124647789, 23.021257802823495, 2.7846782286431937, 0.12034749197239338, 525.8508528977314, 0.779805374490824, 10845.240239358205, 554.0321882324394, 21.737742900315176, 2.7846778592641064, 0.11990632476884494, 525.6859974668766, 0.7734393674334211, 10841.41647208618, 553.9557050748573, 20.225396010981903, 2.784677486338959, 0.11867790001929965, 525.2943947867682, 0.7751172601569047, 10848.916075555338, 553.9965475338953, 18.443229321690442, 2.784677036392324, 0.11684154215828403, 524.9773650018922, 0.7752661942904234, 10848.481284868425, 553.972517570507, 16.352532688254566, 2.5421193018550245, 0.11443965336893668, 524.6001873098563, 0.7704969779423363, 10857.876752926197, 553.8500654893433, 13.86262036519221, 2.2738325681984364, 0.11339510373743446, 524.4923214249998, 0.7724514375284011, 10855.223730532807, 553.6888942686537, 10.420367211380293, 2.27383178795664, 0.11232906757032692, 522.946770880814]}