{"obs_size": 14251917, "obs_mean": [5262.705602619283, 569.9053123870984, 2.290636621024386, 0.06394369071347433, 0.09886339788906998, 638.9541944969689, 0.5469001803757764, 5266.394164520497, 570.1869707071687, 2.2078789821748184, 0.06363450095921191, 0.09884543706955362, 639.9599581785329, 0.5472647514717242, 5269.7494247337845, 570.5717442783312, 2.1034634147813236, 0.0636265599471361, 0.09887830674540188, 641.0037024410598, 0.5472105637438534, 5272.235134094803, 570.9958025295825, 1.9787916250143749, 0.06331650535637481, 0.09886342932785895, 642.0263537837008, 0.5467789004104199, 5274.306016745759, 571.5673302756395, 1.8270274798821797, 0.06330770450207564, 0.09885206209045365, 642.9644366352013, 0.5468537203100934, 5280.009067869797, 572.0682628168547, 1.6397827043197066, 0.0629970836234949, 0.09882060998397599, 644.0878170334106, 0.5465150500105077, 5274.476890833354, 572.7407828715255, 1.4573656301815399, 0.06298776754377022, 0.0988267327354624, 645.7202586523529, 0.5472713111506785, 5279.081658504305, 573.5093592672481, 1.2463211791087472, 0.0626770603565204, 0.09887505070826705, 648.1048100650546, 0.5470729060519043, 5329.5595321838555, 574.1392859641268, 1.0243149746100824, 0.0626663267761886, 0.0988408940397975, 669.6737770529139], "obs_std": [11015.502671726641, 558.0292968497488, 22.6128780751631, 2.5443155932760444, 0.12002637552457265, 536.6857952952189, 0.811692660068998, 11022.004372836744, 558.0843456242528, 22.03384984232954, 2.275794830552017, 0.1197007251585416, 536.5713365293149, 0.8100092585303729, 11033.422654835971, 558.0102531356221, 21.31366155424404, 2.27579392555129, 0.1185246565226144, 536.1397540524332, 0.80828338295978, 11018.678530841758, 558.2221554241794, 20.396635900739472, 1.9710244373459083, 0.11854643109696905, 535.4834435616403, 0.8068843037614994, 11033.682857849273, 558.3588975682566, 19.04661944246354, 1.9710234144108099, 0.11769457828183498, 534.6108028005154, 0.806690382714806, 11027.673316140937, 558.4414484656452, 17.400914709172465, 1.6095446037998284, 0.11658678624780609, 533.659064690794, 0.8034489190843728, 11018.819797272386, 558.6873956513033, 15.491219561927293, 1.609544327589507, 0.11504388106754108, 533.0572622384544, 0.7997639016899198, 11026.5769600934, 558.9774486950872, 13.104504761216251, 1.1385682739642167, 0.11426088058175121, 533.7108079699453, 0.7927369662182978, 11035.059759659429, 559.3091556712607, 9.898009239479547, 1.138567158924236, 0.11304572483203708, 550.9092229918416]}