{"obs_size": 14264008, "obs_mean": [5194.501142662954, 562.1297962676409, 2.471818229490618, 0.0685326605111365, 0.10172635130357485, 628.7468037872187, 0.5638441649079632, 5199.790418902948, 562.3904267299906, 2.3711238103624175, 0.06792217261734122, 0.10182871035146684, 629.7802601579248, 0.5639769423853714, 5198.324177459241, 562.7758797527314, 2.249420709803304, 0.06731019951342816, 0.10180321411135017, 630.7983198648408, 0.5634491865820881, 5202.452457703041, 563.1589019720122, 2.104762490318289, 0.06669768556811898, 0.10177930976945582, 631.9645931770283, 0.5637446090888664, 5203.763330123184, 563.6002163627502, 1.9200614581820201, 0.06638581433276913, 0.10178820080267863, 633.3453678987892, 0.5632175481113333, 5202.455676581585, 564.057359404173, 1.7450246803002354, 0.06517099951487194, 0.10178141339320747, 635.0461880348512, 0.5645386142520743, 5209.025120527249, 564.5478596899273, 1.5369068777863837, 0.06455850782656072, 0.101868589619692, 636.9189394353035, 0.5642385806990927, 5207.767842460656, 565.2156488554969, 1.3209632944681466, 0.06334260989247353, 0.10191008644400631, 639.729121422064, 0.5661568935603813, 5237.714020714798, 565.7082607497135, 1.0915370350325098, 0.0633310808870214, 0.10210982850135902, 662.7501268531684], "obs_std": [10927.437521263038, 556.9752734443465, 23.52764391326713, 4.957101542381543, 0.14511273233470393, 531.8538708308769, 0.8810327815032019, 10935.699110611075, 557.0418245352142, 22.903509745443852, 4.688972400248488, 0.14459595618751095, 531.761484954378, 0.8810303134213084, 10934.724803426661, 557.1133353161115, 22.078194796619798, 4.404550601922814, 0.14480810609278227, 531.4134767530887, 0.8789501595927623, 10942.232401999463, 557.0206259239123, 20.931007484557185, 4.100447022025147, 0.1434199718260315, 531.2250381522306, 0.872667994817962, 10945.035705029219, 557.0331971555735, 19.454012170189795, 3.939601725677932, 0.1444643874789649, 530.5557348151792, 0.8642188867167333, 10937.933506501031, 556.9979314870211, 17.809739238912137, 3.216779184368112, 0.14337203871904755, 530.2435607819663, 0.8715784321953621, 10944.847469831117, 556.9758616633932, 15.872440085460045, 2.7859054403468653, 0.14311644568373943, 530.1435538885826, 0.8596478411443667, 10942.349158322208, 557.1849447356987, 13.488547846901975, 1.6088727390078368, 0.14346263519772315, 530.6726404948091, 0.8564736566232298, 10954.686651251044, 557.3110630240903, 10.295426377667141, 1.6088715142133465, 0.14424781078504795, 550.7896552872743]}