{"obs_size": 14251917, "obs_mean": [5212.820983388113, 561.2094130214201, 2.3189443918316393, 0.0682200219524946, 0.10226687392060997, 629.495801762201, 0.5646958222532831, 5213.62671905886, 561.5226491987008, 2.2428259300134847, 0.06760832352617029, 0.10223197697025588, 630.461332419581, 0.5652255694444804, 5216.402611654305, 561.8332927423028, 2.1369966580636133, 0.06699674548926475, 0.10224860069869932, 631.457836343093, 0.5650994412190613, 5214.3975907398935, 562.23886463835, 2.011949339867752, 0.06668564335086465, 0.10226461535918445, 632.5872150974459, 0.5647821816532078, 5216.802688027615, 562.6793892358482, 1.865856572136927, 0.06637475411554254, 0.10227229307390687, 633.7179314235382, 0.5654156457689475, 5216.899281933581, 563.0997872075735, 1.675984430726056, 0.06546031542908355, 0.10230598544048465, 635.0644792291929, 0.5647087492861812, 5220.0887610175605, 563.6494564204944, 1.5000386965486818, 0.06454549031938026, 0.10224044856056902, 636.7386492788683, 0.5659962626080773, 5224.579643586873, 564.2508532711774, 1.2861332268494126, 0.06423427211680524, 0.10238580195850165, 638.8179193205565, 0.5657719097718847, 5244.264513068838, 564.7943326501269, 1.0696405964194151, 0.06331877886842303, 0.10238218401854254, 664.0995370076854], "obs_std": [10977.438326358517, 555.8787701998265, 22.547564714624887, 4.826947559074211, 0.1554506682668748, 531.7634479467191, 0.8815374923868782, 10974.204323604166, 555.9787998752512, 21.976351504118494, 4.5509153233632675, 0.1547446246477154, 531.900441830512, 0.8771519851308494, 10986.398379873051, 555.8597780785349, 21.26140595937837, 4.257022496108614, 0.15320117751312734, 531.5255507383056, 0.8749881957859876, 10968.68218847359, 556.0660584505205, 20.348981499013796, 4.102187694685202, 0.15350351292770684, 531.26017882011, 0.8730127402444662, 10981.247682020103, 556.0842437145959, 19.009403625405504, 3.9412746234444946, 0.1533769077699562, 530.8568332864852, 0.8727709943205681, 10974.410872542217, 556.0570216780773, 17.37256012641788, 3.4133202908649847, 0.15386344957062628, 530.3884437328597, 0.8665398075912543, 10976.150285152746, 556.1692157817771, 15.485118823444912, 2.7870891231986987, 0.15095002680064604, 530.0160103957177, 0.8690785590512922, 10989.17972653192, 556.2565623130143, 13.114537587582285, 2.544321187178769, 0.1523011617167606, 530.0259172212428, 0.8571849982424998, 10985.2630272668, 556.369935375794, 9.949393719362849, 1.6095586419559338, 0.15109382442600344, 552.442614255405]}