{"obs_size": 799948, "obs_mean": [1874.2340423335932, 396.5849517718652, 3.8782908389045287, 0.07420499259325963, 0.17992604014761018, 438.8366204061652, 1.0852146264507874, 1873.4558862142644, 396.88919779785687, 3.786509873141754, 0.07418669902167753, 0.17997188188482016, 439.89409387361303, 1.0857314000410256, 1873.4404810695912, 396.98753418972234, 3.6788853775495407, 0.07416895815477097, 0.1798261516711061, 441.0267148764677, 1.0852682836885046, 1872.5690598755255, 397.21644656902697, 3.566483071399641, 0.07414917272871813, 0.17972789710580497, 442.2129610399581, 1.0852536252356912, 1874.1242865452707, 397.48017371129123, 3.4254851565351747, 0.07413149310579314, 0.17970300066003553, 443.718432605634, 1.0848810147660455, 1867.6952462926245, 397.7348377644547, 3.237670448579158, 0.07411264974597491, 0.17924872463460256, 445.26451291251556, 1.084708011020784, 1859.8875000774826, 398.2099723982059, 3.0358223284513493, 0.07409227114761625, 0.17941388304239667, 447.21620237730525, 1.0863160417928177, 1858.4244806654299, 398.56934325731174, 2.805762374554346, 0.07407213175105526, 0.179448313000346, 449.0793459941626, 1.0853019046238788, 1854.3623761111312, 398.89062539065037, 2.5532247096061242, 0.07405159481240409, 0.179118971346886, 460.57869172996686], "obs_std": [3977.7840141429942, 477.7300643626698, 21.729484178855845, 0.07009311544385598, 0.23727932679855088, 371.4621626566903, 1.3627381792075712, 3966.3701079887555, 477.89648041868713, 21.220496431345392, 0.06998505803232465, 0.23667751282161653, 371.63361762514734, 1.3714906293691063, 3967.9691177177156, 477.67744590917755, 20.608612333812747, 0.06990193740550096, 0.2364451420091736, 371.6276479237089, 1.3622526524594873, 3957.4078332649847, 477.66141660361535, 19.889564416873807, 0.06978907854860644, 0.23525198610471626, 371.37277584893286, 1.357174366885032, 3973.747120024184, 477.541358815522, 18.94606974096128, 0.06970345714578748, 0.23509784454585972, 371.4837091136253, 1.3639894060143134, 3943.9696963949823, 477.57995001421875, 17.587820444182658, 0.06961057646892224, 0.23297968495017599, 371.42407467873494, 1.3556733636482983, 3907.3693464597336, 477.7197800416127, 15.982019646087055, 0.0695112903534497, 0.23298934305521588, 371.5597796392481, 1.366560264926815, 3919.079798825688, 477.63618620687095, 13.999245437661859, 0.06941090723843425, 0.23431486507806212, 371.1786978763835, 1.3573599266103846, 3900.685721641824, 477.3153889088819, 11.42793047358783, 0.06932359786076363, 0.2321862890441631, 370.1648779286185]}