{"obs_size": 14251917, "obs_mean": [5257.370866053342, 569.3817271739654, 2.296703874994501, 0.0640212945024247, 0.09896626071383909, 637.5930195425168, 0.5472675574100353, 5263.091834091682, 569.6432492555213, 2.2126009434379945, 0.0637121443412217, 0.09895592284616908, 638.6200729983171, 0.5476172580152279, 5265.083495654538, 570.0009469603283, 2.109131073384724, 0.06370441489429883, 0.0989934869898559, 639.6589797481537, 0.5475490687323398, 5265.921247581571, 570.4027539593445, 1.9841323802264632, 0.06339422423152688, 0.09899241268511554, 640.6916762907958, 0.5471823053699013, 5268.701820693208, 570.9294670324001, 1.833347682280215, 0.0633852428605997, 0.09896754360532661, 641.6545560582001, 0.547143859103348, 5266.6402163128205, 571.4266273091542, 1.6460705601920078, 0.06307464891586928, 0.09893674260767858, 642.8880212627759, 0.5467647471565094, 5273.62396905533, 572.0854990946133, 1.4623667117904209, 0.06306471475220543, 0.09892994848019351, 644.60912887765, 0.5475659355861109, 5273.451466269956, 572.8904702434065, 1.2511083947513868, 0.06275370797227622, 0.09896679203366196, 647.0527615879281, 0.5473465012461471, 5327.31567807932, 573.5432056613857, 1.0272204784801933, 0.06274286834733302, 0.09891877128592506, 669.1457031861248], "obs_std": [11011.145734462569, 557.9279553052583, 22.641384216551952, 2.5443153762099957, 0.11990980312518035, 536.0392566858798, 0.8126804695341909, 11016.83664281653, 557.9817553110219, 22.060422570371603, 2.2757946513986385, 0.11928732220731557, 536.1128123348882, 0.8097164287655791, 11029.821063886542, 557.8975597459265, 21.34250853225711, 2.2757941304027205, 0.11840736537502031, 535.702929661404, 0.8077427049929143, 11014.665330955595, 558.0927842017674, 20.428513638773918, 1.971024992158119, 0.11868137939386941, 534.9922052956838, 0.806320105388643, 11027.687722300268, 558.1918695776388, 19.08718581787093, 1.971023850880787, 0.11778061977279645, 534.109829982035, 0.806149386506205, 11017.596924528492, 558.2540704802337, 17.450292968529748, 1.609545428402436, 0.11666373284827798, 533.1202610466696, 0.8002804828725181, 11017.047062940203, 558.5052612788985, 15.538736747059701, 1.6095444310884686, 0.1146833201845047, 532.5929125167297, 0.7985893079063634, 11023.467390425776, 558.8091263210503, 13.146802965490703, 1.1385682852664785, 0.11396255108262263, 533.1904735960096, 0.7946378438876179, 11033.698835628385, 559.1828859611383, 9.926212975627502, 1.1385666135016388, 0.11271175274622501, 550.6939101103133]}