{"obs_size": 14240282, "obs_mean": [5251.373970789974, 562.3348822024732, 2.1283325007187357, 0.06336986159200476, 0.098099391549479, 635.5125479980466, 0.5449037641951241, 5252.8600233623765, 562.6358467479787, 2.0479168179394205, 0.06336396992974692, 0.09809792354273719, 636.3546193230832, 0.5449224511846094, 5256.138882044506, 562.9500607502016, 1.9582312344657218, 0.06335768713274895, 0.09811058037038936, 637.2995302220463, 0.5452927680083967, 5255.462658860104, 563.2849792581355, 1.861218689348989, 0.0633507960848048, 0.09813076404055805, 638.5065650298639, 0.5453835976703306, 5259.271382369635, 563.5808993810656, 1.7409968426187066, 0.06334351187821395, 0.09810908508068913, 639.7020984047866, 0.5456287163414403, 5259.009204115189, 563.9393777454686, 1.5888244347970075, 0.06333569455640801, 0.09810959712827372, 641.1751950250648, 0.5456786967421139, 5260.915377085931, 564.3349090980082, 1.4118388947634604, 0.06332722581351378, 0.09808370328003359, 642.6206062077015, 0.5459131718037719, 5262.292603784574, 564.802962680093, 1.2243032125346955, 0.06331867807934674, 0.09810558645327346, 644.3329102600635, 0.5461568407142595, 5264.7767571597515, 565.3516293427335, 1.021115593076036, 0.06270717213746957, 0.09809791172583547, 655.9959737550598], "obs_std": [10971.085260248226, 553.3107771677242, 21.187204244321943, 1.9718130679673365, 0.11163671213359884, 526.5906931936919, 0.7647326235455236, 10972.563421270768, 553.338638708933, 20.617881811596902, 1.9718125373298359, 0.11085934081247095, 526.4527024715821, 0.7648261997222897, 10978.56839178728, 553.2915126967113, 19.973329758939016, 1.9718120366423426, 0.10993531063132872, 526.2681923104815, 0.7618550728295068, 10974.485749167568, 553.2953213987327, 19.224321866683013, 1.9718115193062358, 0.11026659353206127, 526.3533116198188, 0.7611285157181885, 10980.426195857564, 553.1989581267666, 18.234284657409777, 1.9718109366455014, 0.10929989317284505, 526.3517270684541, 0.7643612642109062, 10975.790659091537, 553.1472249105561, 16.826020265153907, 1.9718103883115605, 0.10817504993780071, 526.2191959752183, 0.7588692848444117, 10980.023767048348, 553.1314224207258, 14.98960837961359, 1.9718098160496809, 0.10670250100699702, 525.9859025866061, 0.7578841152558036, 10978.074264050243, 553.1004120601071, 12.746909193881327, 1.9718092524385034, 0.10572763071464093, 525.8377765335748, 0.7529833818047037, 10981.006783369321, 553.1400579391332, 9.763338872173312, 1.1390025262964194, 0.10346313007137328, 526.7883795752986]}