{"obs_size": 14240334, "obs_mean": [5229.288289250215, 564.9940757709755, 2.1820811927585404, 0.0636693503130697, 0.10003767750896865, 629.5573725258637, 0.5425034681770624, 5230.452340764532, 565.2892144243245, 2.1004151307125247, 0.06366307021142321, 0.10002805740757305, 630.3737231512507, 0.5427237847089628, 5233.932395382005, 565.5946615437532, 2.0066129066916547, 0.06365642894275633, 0.10005308580023498, 631.3451125944664, 0.5429307160913341, 5232.907297893875, 565.9118390762465, 1.9061113313774802, 0.0636491069939874, 0.10003351688914124, 632.5204288821159, 0.5430215145234454, 5236.627254153031, 566.1990704010173, 1.7813184718841566, 0.06364144788971358, 0.10003164624032085, 633.6975035228274, 0.5433034862805717, 5236.649726690526, 566.5592425711362, 1.6201591900864123, 0.06363328435569805, 0.10002103019676446, 635.144813671453, 0.5432154554099505, 5238.15506427157, 566.9637925627308, 1.4352317157729586, 0.06362429287593367, 0.09998736167698055, 636.5874553604772, 0.5433981369397509, 5239.868388021134, 567.4436230217633, 1.2348222309954247, 0.06361500874502779, 0.09997529638412932, 638.2384123617694, 0.5433352230361878, 5242.180824998648, 567.9779581012637, 1.0197744659640708, 0.06300300648335287, 0.0999532484200863, 646.9639102520084], "obs_std": [10927.937748574128, 554.4487943949284, 21.637797759364624, 1.9718362896546082, 0.11800472843742603, 525.9462429794152, 0.7740135729108081, 10929.009567901281, 554.4389754029303, 21.067269877541378, 1.9718357038476355, 0.1173140251917368, 525.7189448335467, 0.7753743450989845, 10935.471636656854, 554.3673788271188, 20.413704079785752, 1.9718351472487812, 0.11645079671445926, 525.5190131306579, 0.7720576352430234, 10930.30024586596, 554.3280860759035, 19.659691823475878, 1.9718345894873726, 0.11641213753038213, 525.531715398119, 0.7717033377135997, 10936.787468441655, 554.2075203226472, 18.653329710161533, 1.9718339737667618, 0.11557886397525759, 525.4749516629801, 0.7748131155187943, 10932.91491628625, 554.1324296570458, 17.214246011032575, 1.971833397211985, 0.11441010564815599, 525.2888390988718, 0.7704809806148691, 10936.936502667251, 554.1125123305752, 15.339872501269566, 1.9718327639494475, 0.11322037462375037, 524.9620717861663, 0.769579512754605, 10935.458260454645, 554.046099378723, 13.032057899210496, 1.9718321131654128, 0.11200299018639476, 524.6582993492862, 0.7644037658710447, 10938.333213467382, 554.0315536303622, 9.961614708141152, 1.1390463280107013, 0.10969090844938052, 522.9140918364193]}