{"obs_size": 14289583, "obs_mean": [5220.677354207402, 567.0192758599044, 2.764764864027173, 0.0652422427673428, 0.09899800851494378, 633.0623087694474, 0.5450056589475326, 5229.418101675171, 567.3813241436085, 2.614370132424438, 0.06523365789128313, 0.09897544040095439, 634.3332962255058, 0.5450660243899699, 5226.555565984254, 567.7865841851368, 2.437320249303286, 0.06522483140733312, 0.09895639770383838, 635.6891570812525, 0.5450119711681288, 5231.032784990433, 568.2752806712414, 2.2564748040583127, 0.06521535883161134, 0.09894985766316629, 637.0979626492399, 0.5455329245787339, 5229.055282403874, 568.8464046851473, 2.0532203773895987, 0.0652054808713519, 0.09902531856485976, 639.1197918239197, 0.5452918815755848, 5231.686037395346, 569.4703886040622, 1.8385670876469944, 0.0651947623700493, 0.09897473174493596, 641.589198032721, 0.5466115847467719, 5241.478482174032, 570.1557146209234, 1.6073128935952854, 0.06488386243595118, 0.09905481214161316, 644.8367791639037, 0.5496625348689738, 5237.933013661312, 570.9058847273568, 1.3557961068563023, 0.06457180223097506, 0.09928853461007248, 650.8713413814768, 0.5607451648519488, 5288.318036871307, 570.2783133699563, 1.1082980518045906, 0.06365795344133537, 0.10004902472038554, 661.6853719628696], "obs_std": [10934.8445395066, 556.8014026182005, 25.562204058234276, 3.4088129606140654, 0.12238875419712338, 537.5687844323252, 0.8173610420576221, 10949.51755275196, 556.7056806357384, 24.566050096942508, 3.408812536194212, 0.12014300725560657, 536.9461803269213, 0.8154676637621157, 10953.084599732605, 556.665452227766, 23.396599155534982, 3.4088121048575712, 0.12075927358766324, 536.4161045760872, 0.8092111991621104, 10944.053523295472, 556.7247719699212, 22.082362436655075, 3.4088114347271525, 0.1191078239730816, 535.4660515791219, 0.8073080944715708, 10948.443249790038, 556.8109037414201, 20.51258943782417, 3.408810983400399, 0.11978668612511233, 535.2943234861416, 0.8021202529639901, 10947.06308350237, 556.9442076561808, 18.724959191824926, 3.4088104739694542, 0.11711453422191086, 535.3683109303357, 0.8039575114688258, 10944.305928571639, 557.0987604314895, 16.624005468487375, 3.213892416798934, 0.11681970900161841, 536.3201881363449, 0.8121561526224927, 10947.548597708068, 557.4710786507575, 14.01098256503837, 3.006362634527715, 0.11730223786863503, 540.2548706595937, 0.8435292182612444, 10970.736975965567, 557.2609966568962, 10.619528303348226, 2.2727873502590192, 0.12185091748705851, 549.4884035825469]}