{"obs_size": 14264008, "obs_mean": [5187.6647700634285, 559.2979110780084, 2.511914603525181, 0.06453558247367303, 0.10118592174857206, 630.7348594516586, 0.5651667512385044, 5190.680115472098, 559.5855394220193, 2.4153969908037074, 0.06422675421551446, 0.10124905014214908, 631.8471721819963, 0.5649336178162577, 5191.41856057003, 559.9213640373729, 2.295693538590276, 0.0642179530746991, 0.10120130283199591, 633.0372590574341, 0.5650378556994711, 5193.006139116897, 560.3204003390912, 2.150975448134914, 0.06420883566022494, 0.10118840167069366, 634.4420586566238, 0.5653336224993707, 5197.565687187666, 560.7047667808375, 1.970902568198223, 0.06419905474429997, 0.10116083958555012, 635.9951101285569, 0.5652505028039869, 5194.953931356123, 561.1103746576698, 1.7956685806682104, 0.06418940135052731, 0.1011626602243924, 637.8189187311117, 0.56669831249394, 5200.366038292209, 561.5557691078133, 1.5936472413644187, 0.06357721790958974, 0.10123686528660142, 639.6336594789268, 0.5659963064378655, 5201.972829993332, 562.0752212141215, 1.3788917532856122, 0.06296469291149648, 0.10122780987139132, 641.9138803510176, 0.5669009094077901, 5204.516041112241, 562.478989706119, 1.1518419647549272, 0.06295407961493908, 0.10135443099085618, 658.4020141732459], "obs_std": [10919.821095656102, 559.4670456835859, 23.427634747153252, 2.7859229862000756, 0.12432005602339541, 530.863978835173, 0.8253010649074358, 10927.803935484528, 559.5704836018949, 22.8126762835265, 2.543258825341989, 0.1239503925119904, 530.9315405914043, 0.8243594697000957, 10924.704644192636, 559.6079108037512, 21.994654652711446, 2.5432579875302768, 0.12350277694280443, 530.85522628601, 0.8256835756927414, 10930.210039323476, 559.5244725040584, 20.855425329369144, 2.5432571139654097, 0.12268681328502422, 531.0544132479749, 0.820877491297926, 10937.36471619604, 559.4624656016193, 19.39184047650787, 2.5432560465189837, 0.12181361252828227, 530.8003160806751, 0.8195831917158978, 10927.475994558718, 559.3772031773409, 17.75663905707395, 2.543255346501756, 0.12105764790778616, 530.6631536163969, 0.8217315340913953, 10937.597000505295, 559.2803063065568, 15.832055672981172, 1.9702147072733318, 0.12117193673562728, 530.7430243876609, 0.8132709827790012, 10936.313181584997, 559.3064748855587, 13.477489082929598, 1.1381324562230815, 0.12111904340184285, 531.0854709226255, 0.8134523908981496, 10935.25407290128, 559.1779320302376, 10.332227209786547, 1.1381301513039845, 0.12080766049790256, 540.069400579953]}