{"obs_size": 14276570, "obs_mean": [5182.99301785544, 560.3166700404928, 2.658592855286669, 0.06701024737084023, 0.10017943033578838, 631.6366484608499, 0.5618349510421636, 5185.537342572212, 560.68782641769, 2.541034576232246, 0.0667014062871625, 0.10011823524263899, 632.9839332414294, 0.5622593866033694, 5186.941574157772, 561.1057288270223, 2.3989673990321205, 0.06639162177582682, 0.10014291942301304, 634.3482324448117, 0.5627071145940571, 5189.746977659936, 561.5153605522896, 2.221410885107557, 0.06608160846723792, 0.1001214066897719, 635.9565937236991, 0.5624777576826968, 5188.575453312531, 561.9174415143133, 2.0459312005614794, 0.06607231712330867, 0.10011986366676334, 637.6281279473524, 0.563670996464843, 5193.60375933863, 562.4712613744057, 1.8465564908097674, 0.06576162134056787, 0.10017568521948984, 639.581903491428, 0.5635372258882964, 5195.0379193980925, 562.9972500397504, 1.6354412859671477, 0.06484888672931281, 0.10017610778394237, 641.7605940374053, 0.5642151301047835, 5199.0146830611775, 563.3951423906442, 1.4138637641954614, 0.06393587899391093, 0.10024670031113983, 644.5218839063834, 0.5665764596818488, 5200.509374198465, 563.6890984319062, 1.1637610434439083, 0.063623266280283, 0.10045914568443301, 658.5148565704459], "obs_std": [10888.278901261887, 561.6679601381115, 24.358616839021316, 4.402612308136663, 0.12328421179851488, 532.689364714373, 0.8094290388399483, 10891.258753976075, 561.6371856810425, 23.613438498932823, 4.253343731997489, 0.1220577549671119, 532.7066538614959, 0.8105924726870395, 10891.634715998303, 561.7168430998825, 22.5667165390208, 4.098642464176875, 0.12252199326086266, 532.4993724121487, 0.8144082722555903, 10895.31323891812, 561.7529269617793, 21.3060949615593, 3.9378683654528737, 0.12163548106179953, 532.4471028622758, 0.8064379822322664, 10892.350733955444, 561.6980190536756, 19.831709303274145, 3.937867979494236, 0.12058153181582443, 532.2169372928106, 0.8096639391091542, 10901.069141170214, 561.7589718940131, 18.097042706778648, 3.7702441437285, 0.11999989607641605, 532.3663110207488, 0.8097956285608736, 10900.767981077102, 561.7492859867579, 16.074312531745925, 3.2153628748268646, 0.11783420193299467, 532.6624603186465, 0.8064425354063243, 10909.97044622216, 561.5909264190949, 13.678540779223763, 2.5421201800170974, 0.11733497386723318, 533.822554132779, 0.8137067812920914, 10907.079190338052, 561.3209035225241, 10.37736052890434, 2.2738308703746166, 0.11790071102960104, 541.2511577498265]}