{"obs_size": 14264008, "obs_mean": [5250.167115150955, 570.9173743452752, 2.461075877130748, 0.06294153893058135, 0.09778541043947866, 636.1248351361437, 0.5375043951181548, 5249.655626554303, 571.1773692218906, 2.36171404278517, 0.06293447447604662, 0.09784009367977166, 637.2332205396057, 0.5378426025140012, 5247.063834300477, 571.4954296155751, 2.2391664390541566, 0.0629266910121002, 0.09781558885440975, 638.3382314970167, 0.5375533659964636, 5253.4370011645515, 571.8859928429653, 2.0857765222790112, 0.06291878018970028, 0.09778077825131608, 639.7321716351521, 0.5376126386777481, 5252.940018172239, 572.3554265393009, 1.9048547925660164, 0.06290980902170872, 0.09776714849507993, 641.3060381944014, 0.537582592073736, 5253.122021036146, 572.8464414069313, 1.7191437357578598, 0.06290078379002066, 0.09776523946621549, 643.2076732745265, 0.538235663216154, 5260.553786937698, 573.4415666340064, 1.5100141559090545, 0.06289164293388814, 0.09777908453388477, 645.3813801168176, 0.5383077738739714, 5271.187717557374, 574.1720358681794, 1.2860168754812813, 0.06258083280156061, 0.09774371913595369, 648.3347029033698, 0.5394015891606669, 5296.693556470995, 574.8183215404814, 1.046892850873331, 0.06257068739544466, 0.0977912518271876, 663.8783240997834], "obs_std": [10926.1933315549, 556.9029340193005, 23.780534827858553, 1.6088451765315535, 0.11091042559744525, 532.5255713921721, 0.768908318807596, 10933.23856564801, 556.935081464266, 23.157056879560933, 1.6088443958863046, 0.1102686426715183, 532.5065324351242, 0.7690724385029519, 10927.42407503717, 556.9352180498472, 22.329953125859618, 1.6088436113635656, 0.10954252186202376, 532.0549326834915, 0.7697511753546531, 10936.854619921756, 556.8272199266629, 21.16922819656717, 1.6088429355739937, 0.10815729052155185, 532.0204524562599, 0.7657264241211209, 10937.012449508187, 556.9027814640315, 19.6853687317339, 1.6088420163633397, 0.108057621341641, 531.4649134444815, 0.7610727868165817, 10926.229840851012, 556.9645740404884, 18.021320678046447, 1.6088412897667763, 0.10707357995313453, 531.1157348658154, 0.7619981534058803, 10942.1306650284, 557.092121872952, 16.050908857781433, 1.6088404684480806, 0.10625939688240692, 531.2216893977529, 0.7567313219834854, 10945.70883757712, 557.454447020553, 13.642798761290985, 1.138054307617813, 0.10562707542875616, 531.9395731723336, 0.7567366590705966, 10974.726203174745, 557.7613267376842, 10.385337485123364, 1.1380529913113828, 0.10526685398673703, 539.2219551494406]}