{"obs_size": 329364726, "obs_mean": [5237.042461880042, 550.3309515573321, 2.1614418509406517, 0.06060967051698137, 0.09153202205765623, 619.433229682665, 0.4983910880751274, 5238.713517665897, 550.5668136787663, 2.0740481693233894, 0.060357152666605574, 0.09152680331176692, 620.2286360290234, 0.49851331889931494, 5239.391609248792, 550.8175676013345, 1.969923524840362, 0.06011728496014363, 0.09152343117465124, 621.1483741743558, 0.4986109358008121, 5240.182081311099, 551.1060083890098, 1.8338050019357561, 0.05988995017808169, 0.09151454761984124, 622.1842001734752, 0.498680026949419, 5241.957294621943, 551.4346825925737, 1.67829980979809, 0.05958389145359025, 0.09150514792374542, 623.3292039483458, 0.4987135560267761, 5243.0658619829765, 551.8022406989631, 1.5102064026127682, 0.05936865683224197, 0.09149816952107986, 624.5718964844365, 0.4987742307934136, 5245.63449574111, 552.2026715514158, 1.329367374331397, 0.05911402010167716, 0.09149239283068827, 625.948571042509, 0.49886025515889126, 5248.510734610044, 552.6213498557829, 1.1327195614748375, 0.05893732508311886, 0.09147663777606165, 627.3942655671021, 0.4988896682899558, 5251.297116826854, 553.0560685026117, 0.9202812537976517, 0.05864285561395343, 0.09147072016384628, 632.8731007635474], "obs_std": [10793.780740097689, 520.1029532840337, 22.31875013181847, 3.1130171209461985, 0.10068144337414892, 489.3775166371829, 0.7345644795053329, 10796.03366068202, 520.0958512591853, 21.703236478102397, 2.9371364020472623, 0.10040831604451797, 489.27918097652355, 0.7327801819009693, 10792.988130262669, 520.0969807840169, 20.939402140103805, 2.76019382213111, 0.10038282875511742, 489.20207779272585, 0.7324146555846797, 10793.233526157022, 520.0870266363455, 19.82873727723588, 2.5819711928808387, 0.10002590326867819, 489.0955380281145, 0.729824359696892, 10795.84616088345, 520.0729848907208, 18.499628923587615, 2.319147943008164, 0.09993455398073964, 488.88651169388214, 0.727726531165076, 10797.07632133038, 520.0620239567095, 16.93360877362837, 2.1171578156036466, 0.09956431504646246, 488.6565685145581, 0.7260293198968861, 10798.17089234915, 520.023662966642, 15.064230188120368, 1.8488511570473045, 0.09927164329636441, 488.39431975807344, 0.7230319430487943, 10800.881727312195, 520.0087050294749, 12.747545954457319, 1.6401758990676472, 0.09907168492185058, 488.06642801133955, 0.719494489296433, 10801.636762200802, 519.9803780649094, 9.64092607903481, 1.2074988397081763, 0.09878627703623241, 486.56129118482335]}