{"obs_size": 14276570, "obs_mean": [5264.0938232412345, 570.1034098526466, 2.589728415158543, 0.06394499248398597, 0.0986611329222641, 634.7910183642648, 0.5427181936557941, 5261.538217315426, 570.4280229775079, 2.471752528793681, 0.06393702410621732, 0.09866140342925571, 635.8891197921216, 0.5423199945785661, 5258.805750559355, 570.8726725677107, 2.3233330554888183, 0.06392854173622232, 0.0986468975863958, 636.9321679171723, 0.5422772289843157, 5265.749483237167, 571.2789898413976, 2.144960939497372, 0.0639196206941933, 0.09863341100096139, 638.3107922744231, 0.5419216031582246, 5258.704751746816, 571.7953224759168, 1.962861667753529, 0.06391054619345539, 0.09862268327028162, 639.794467138909, 0.5424826524158488, 5265.950250573756, 572.4214686020521, 1.757960350420304, 0.0639008468907517, 0.09864870869459634, 641.6860957514724, 0.5425814043569707, 5264.461947900045, 573.1201420229088, 1.5440020256966485, 0.06358983738167509, 0.09863193394793054, 644.2831472482479, 0.5436712442835056, 5274.697089461221, 573.7968182133383, 1.31486771682554, 0.06327847485208946, 0.09868955940929851, 648.055871376389, 0.546642474277826, 5316.946681290852, 574.3441754567099, 1.062156666482215, 0.06326622440979143, 0.09888259234907285, 664.5958045524885], "obs_std": [10972.222729810253, 557.770294748623, 24.536232524430613, 2.5421147753270463, 0.12102016509603522, 536.4020491673082, 0.8096428984973814, 10976.122885711862, 557.686188285843, 23.78368266549364, 2.542114253270332, 0.12020428931851522, 535.9180390330317, 0.8076144612079388, 10973.775474209951, 557.7548275041947, 22.719354638026793, 2.5421138152189395, 0.11967894395401607, 535.1152900478764, 0.809164514923452, 10977.464393225038, 557.8227247208301, 21.44390812319302, 2.5421132907080324, 0.11964489108746687, 534.404621647801, 0.7994876424040046, 10972.70515402592, 557.871187785096, 19.942035498295876, 2.542112825598366, 0.11880158079554728, 533.7260427017426, 0.8028634923448459, 10969.990084695668, 558.0511619665866, 18.188822330609984, 2.5421122471917057, 0.11732523590627914, 533.3389711588429, 0.7987969825932798, 10965.167321139992, 558.2690981448135, 16.138822001939847, 2.2738234733779334, 0.1143843434833021, 533.4688775190805, 0.7944226914958957, 10975.536622155658, 558.4803126161139, 13.705426307476822, 1.9693174117588184, 0.11499677821715593, 535.6146833182348, 0.8013579163209885, 10982.342284964396, 558.7605230166012, 10.32621956106991, 1.9693158959267962, 0.11484112560373018, 549.2561620722313]}