{"obs_size": 14276570, "obs_mean": [5195.085386009317, 558.8799339757377, 2.633409565462853, 0.06411358037995837, 0.09911039125343156, 626.8050546738283, 0.5537801462816313, 5198.60792866112, 559.2599433197189, 2.516930187012707, 0.06410628081010368, 0.09907128493987026, 628.0670484827436, 0.5540069618963087, 5199.536623158669, 559.6961589513448, 2.3724342751795424, 0.06409819864709114, 0.09907990335829975, 629.3514680340794, 0.5542277566670439, 5202.643648200692, 560.1129697819575, 2.196955080947314, 0.06408981440444741, 0.09907070465496991, 630.9584498234494, 0.5541627859492856, 5201.333833138171, 560.5382411181397, 2.0178751618911264, 0.06408138485974586, 0.0990624091629855, 632.5733147808842, 0.5547869054681887, 5205.682986013436, 561.1311882335882, 1.8188748417862273, 0.06407244998659355, 0.09909872233624814, 634.4790476442129, 0.5552487733398187, 5207.946459700987, 561.7045651721667, 1.606565162360427, 0.0637624514723147, 0.0990767617429119, 636.5939630234664, 0.5556794421909447, 5212.0407883847065, 562.1893658630889, 1.3816408983390267, 0.06345225633699815, 0.09908714837352457, 639.078064396561, 0.5569586289283808, 5214.754870403977, 562.6698982318582, 1.1328616747580125, 0.06344164198481142, 0.09916765810184144, 648.201547532211], "obs_std": [10887.569649685936, 556.5434743797908, 24.332247237418503, 2.5421103914362395, 0.11727264746172825, 526.4309023537755, 0.7831436836835194, 10894.76170181503, 556.5201652956013, 23.592002438059062, 2.5421099657490114, 0.11548434534267604, 526.320001346689, 0.7845983315626222, 10893.030598878724, 556.6195157255742, 22.54374693291153, 2.5421095652905863, 0.11531304862157829, 526.0348247993112, 0.7862026999364615, 10896.799301258015, 556.694693014058, 21.282721633881543, 2.5421090024944353, 0.11497614752483025, 525.9746928077737, 0.7783260232614382, 10892.960334727679, 556.6666464543634, 19.806487518487625, 2.542108667600086, 0.1140367588960643, 525.7036971999942, 0.781243394041246, 10899.247019292856, 556.7814284530975, 18.06959833400343, 2.542108204410157, 0.11242372819255844, 525.5956435366406, 0.7819323665099176, 10900.260427691186, 556.8208596121677, 16.03948875132989, 2.273818973719924, 0.1102807563434808, 525.4890628039989, 0.7774711784585855, 10907.759399984656, 556.7451251589131, 13.634058646967778, 1.969312502019433, 0.10957411490483963, 525.7175203534747, 0.7812575098106866, 10906.518049225439, 556.634759064343, 10.320759527557335, 1.969311411039731, 0.10931129087028797, 526.227921258856]}