{"obs_size": 14289583, "obs_mean": [5171.377973186225, 560.9401167969702, 2.783222785437476, 0.07030969796579191, 0.10166602048142319, 626.0318945582036, 0.5618783007174053, 5178.133870839377, 561.3061397942822, 2.637425528792548, 0.06999959884092588, 0.10166878492850312, 627.2750287875214, 0.5621175170052493, 5178.6504497628375, 561.694687171767, 2.457940095242807, 0.06938853333509538, 0.10169439347817276, 628.6146108013546, 0.5618677254613028, 5180.480237412855, 562.1721590476083, 2.2830340115593293, 0.06877786815914168, 0.10166618108499044, 630.0860910342827, 0.5627846772715794, 5180.805193649528, 562.6499244939478, 2.078440707472009, 0.06846680549790116, 0.10178382443371553, 632.1192398683721, 0.5623952729061795, 5182.382728493568, 563.1903173801503, 1.8699429507495076, 0.06755363721580358, 0.10178519750597327, 634.549910456359, 0.5643598491992733, 5186.096867361434, 563.7311329518852, 1.6408374548088631, 0.06724217898367821, 0.10197471148234316, 637.8879472835573, 0.5691051724882731, 5188.085942734792, 564.250647062269, 1.3902610034176646, 0.06662867950136256, 0.10235498003755615, 644.5738942049812, 0.5872793994058862, 5214.269422296711, 562.0997281726136, 1.1585826542314075, 0.0648113476196681, 0.10388603380126694, 658.3125873724024], "obs_std": [10888.138108123654, 556.306843229171, 25.450881594283363, 5.681035079736042, 0.14612204909579163, 532.0444537802912, 0.88750264002509, 10901.807424570638, 556.2561870620414, 24.459791625955937, 5.566262177655042, 0.14403196623662198, 531.6398787164306, 0.8824535682386836, 10907.60032212164, 556.2189021135015, 23.29997297788275, 5.329306513264822, 0.14559980997904073, 531.4043329218996, 0.8780560494510081, 10899.829718465144, 556.2922989108533, 21.992719507427303, 5.0813131101460405, 0.14414643280320574, 530.9522933490117, 0.8779640203268989, 10906.633058498783, 556.2871855043805, 20.433964914232813, 4.952661841886613, 0.14487309096909132, 531.0754980520838, 0.8660075643373223, 10903.858564568076, 556.3334657057567, 18.667163361669726, 4.544910509455808, 0.14311500456134602, 531.3400769779521, 0.8640387259601983, 10901.611771302625, 556.3505906281438, 16.576473772499472, 4.400605498790375, 0.14366839706542164, 532.722325161457, 0.8789083410503793, 10909.638214571218, 556.525513202767, 13.987264533080943, 4.096774308119151, 0.14648891330844288, 537.4574397526856, 0.9261566944017584, 10924.508534011155, 555.2835148984005, 10.665027704576607, 3.006369110064919, 0.15736539925435164, 550.6111825222905]}