{"obs_size": 14240282, "obs_mean": [5233.996133694388, 559.9190638219102, 2.197636184451965, 0.0645644257929808, 0.09988203290917996, 632.8895036466774, 0.5646327833254939, 5235.626663471421, 560.24384931422, 2.1132188253013533, 0.06455794728272374, 0.0998785988561895, 633.6672454589045, 0.5642666075011681, 5239.077261500568, 560.5507486438823, 2.0273184899006913, 0.06424945174948914, 0.09988867476332297, 634.6223800112107, 0.5652382849581269, 5237.673690309245, 560.8836928229372, 1.9308305832707526, 0.06394019766294784, 0.09991820675243689, 635.8210391142015, 0.5648075999478095, 5241.734157229384, 561.1689215143351, 1.8103321268497352, 0.06393188438874443, 0.09989445100736148, 637.0398113105668, 0.5651280190940012, 5241.69481422539, 561.5310940471543, 1.6620944023439985, 0.06392289727928961, 0.09989343341143196, 638.4885154879134, 0.5652739758945811, 5243.415180118576, 561.9209613264683, 1.4821113093125544, 0.06391351710100385, 0.09984438070987643, 639.9466548696587, 0.5653020093281886, 5244.987499736588, 562.3672355645765, 1.300575227372604, 0.06390420158463982, 0.09985976828520618, 641.6876716805194, 0.5663189156647334, 5246.774605399176, 562.8803015979599, 1.0971962493439384, 0.06299043992338856, 0.09992056549800082, 656.7840089503825], "obs_std": [10998.147105321093, 559.0237661255594, 21.187563614403047, 3.0115707587026073, 0.11861311444842132, 528.5520835519019, 0.8066265372194275, 11001.157693374724, 559.0824176944144, 20.62471114562588, 3.01157030287366, 0.11762137593866939, 528.3781716929476, 0.805415731659099, 11006.824771414971, 559.070716970407, 19.98524772258706, 2.7882252463410544, 0.11642713814698442, 528.18285263956, 0.8025491729999582, 11002.878178411107, 559.0870492001883, 19.241615668407793, 2.545357374576503, 0.11680216408034544, 528.2762290430912, 0.799884420982297, 11009.794959245162, 559.0040363266584, 18.255076167230463, 2.5453565686320756, 0.1160911401266629, 528.254491231068, 0.8031781130573349, 11005.051423516486, 558.9611125159595, 16.853706077063677, 2.5453557875025763, 0.11490140283128261, 528.1339990571923, 0.8002717736067376, 11010.15816001353, 558.951001702969, 15.029620409561302, 2.545355051405771, 0.11383630731603844, 527.9603212308676, 0.7979577691197391, 11007.52768964653, 558.8935314947989, 12.803424548119377, 2.5453545277385095, 0.11241868545948722, 527.8298069768268, 0.7949930240207609, 11010.156452274123, 558.9260362878052, 9.861402937186687, 1.6102084761038165, 0.11128115368146907, 532.7685648030389]}