{"obs_size": 799948, "obs_mean": [2984.1302348152635, 565.4634613749894, 2.443833849200198, 0.06227023284388465, 0.11825013448249032, 506.97545842227277, 0.5587715351498366, 2986.140309939117, 565.8038485001525, 2.3463662638071474, 0.06226281763189602, 0.11818704734432807, 508.09128482099135, 0.5584691192428141, 2983.436121849658, 566.0575599913994, 2.2276685484556498, 0.062253893155554775, 0.11801930390600428, 509.1471446493819, 0.5592510363174514, 2983.77076745066, 566.4327743803348, 2.072373454274528, 0.062246652464909916, 0.11801333294039222, 510.4322355577972, 0.5595487931716545, 2981.846198187961, 566.5424590098356, 1.905341347187567, 0.06223801639856567, 0.11793900919185162, 511.9308485493089, 0.5596330698996319, 2978.7933663921403, 566.8553918504703, 1.7192367503887753, 0.062228630294719076, 0.11782173955556824, 513.418450458424, 0.55936171601167, 2978.861947615708, 567.2803257211718, 1.5064741708211034, 0.062218365261241804, 0.11767553936255565, 515.1431384606448, 0.559562799082038, 2979.1489523485734, 567.5705108332041, 1.2780105706870946, 0.06220835770450077, 0.11753484655752593, 517.0639648076718, 0.5598472163191845, 2980.176818239932, 567.9270140059103, 1.0289381309785135, 0.06219831818443193, 0.11740149060688636, 524.4233046230856], "obs_std": [4306.143563896195, 479.35982581555766, 22.532814551851725, 0.05976138224721332, 0.16981529753635155, 383.0025004729941, 0.8656966964504015, 4314.150637038677, 479.51815512935383, 21.893311194579194, 0.05974081845293985, 0.16867037638662224, 383.1066926624915, 0.8633852876642689, 4309.1462843213, 479.6186570490421, 21.096092637954985, 0.059714247326702774, 0.16795535794401936, 382.8692763718327, 0.8679758431524593, 4312.094520276544, 479.5949432619612, 19.952284700345842, 0.059696786612213636, 0.16788116420035587, 382.5548047641264, 0.8638048817137525, 4303.757745531881, 479.53625192964483, 18.7142467739862, 0.05967326274376357, 0.1676689827654918, 382.3350425344587, 0.8705085845471227, 4300.46886974598, 479.4280225446254, 17.188428399731293, 0.059645220440608486, 0.1662501113283581, 381.7676381954532, 0.8585658021508245, 4301.031410977831, 479.36268370929173, 15.284650459732902, 0.05961792344908073, 0.16585157053524555, 381.5629669417396, 0.8658752333000601, 4311.408385867533, 479.04334187154967, 12.917437286789411, 0.05959565907703951, 0.16431646722922075, 381.1396201529097, 0.8699489430367725, 4299.98647874904, 478.86835013955016, 9.7494831809337, 0.05957113063481668, 0.16313047514737825, 379.57217358064634]}