{"obs_size": 14251917, "obs_mean": [5262.4309048468085, 569.620512384404, 2.303093401399966, 0.06467701179870165, 0.09956022621504179, 636.8418830795426, 0.5499748797302546, 5264.6492524856785, 569.8936315725106, 2.220829661020338, 0.06466853344214087, 0.09955393738940578, 637.7560510417386, 0.5502206508079241, 5266.017799495955, 570.2449735709239, 2.1158022461118735, 0.06466041223465693, 0.09957316425004517, 638.8088065511472, 0.5502053050126928, 5268.847364000621, 570.6458047012202, 1.9900983144934115, 0.06465104834662694, 0.0995749017407983, 639.8804365619438, 0.5497975863177246, 5270.286828274345, 571.1881269726733, 1.838852204934957, 0.06464147593675387, 0.09955363116442464, 640.8545423390138, 0.5497866483505722, 5271.28765738388, 571.6823679930216, 1.6501707805342958, 0.06402895085847805, 0.09953072885493221, 642.1425598076842, 0.5494566149943575, 5273.15709693298, 572.3367653628633, 1.4682401672701293, 0.06401876880289901, 0.09953068994999041, 643.8820102845499, 0.5504086807410258, 5277.932870554492, 573.1221357800498, 1.2564736378972738, 0.06340591539728427, 0.0995961586232931, 646.2247940435368, 0.5500425547665279, 5324.43119543799, 573.7755880138791, 1.033188868557121, 0.06279175798049626, 0.09955664264147678, 668.4652542998929], "obs_std": [11034.368064432689, 560.0329634834172, 22.669084066405055, 3.010339438779174, 0.12492097364274142, 535.659219980304, 0.8286089359664055, 11030.66913340628, 560.0936877721986, 22.09080103861465, 3.010338459000329, 0.12490514807309082, 535.5102967082038, 0.8242120856954095, 11042.271371527335, 559.9803399243555, 21.367744083318037, 3.010338214475934, 0.12317366489523875, 535.1565747674777, 0.8219828720272702, 11029.185806998154, 560.2035625404852, 20.441318718475568, 3.0103375583719125, 0.12319092197510895, 534.6037515771766, 0.821465571571644, 11041.720171694407, 560.3167995049588, 19.08678888163223, 3.010336687447596, 0.12259582391602926, 533.8880690892261, 0.8192846552221962, 11035.358381642835, 560.4078858356578, 17.440187363294363, 2.54431357026318, 0.12160655296869294, 533.1139648673901, 0.8175418069659286, 11029.351791593794, 560.689961264594, 15.531350396764738, 2.5443127512011503, 0.11959810920853822, 532.6308898174464, 0.8156353350419787, 11044.172656399734, 561.0510253031136, 13.143239485247593, 1.9710240682242695, 0.119446194893417, 533.2322339253174, 0.8093992703588502, 11045.616857241721, 561.4645445857146, 9.920100825726358, 1.1385680811456251, 0.11838214598226458, 550.4391173904177]}