{"obs_size": 14276570, "obs_mean": [5206.927859713067, 560.5584828848945, 2.607006584915004, 0.06448443157635884, 0.09849461251337002, 627.5318697350555, 0.547907382935815, 5209.286993626402, 560.9389997737552, 2.490540935252655, 0.0644774266620832, 0.09847691904133844, 628.7677504091407, 0.5481921049663881, 5210.523696975694, 561.3776364350822, 2.344514193535282, 0.06446960322550149, 0.09848900200552442, 630.0675847729982, 0.5483947448161608, 5213.346663201774, 561.8247774500459, 2.171572933834948, 0.06446158281177466, 0.0984882134601661, 631.6279785841623, 0.548365144498993, 5212.283200226672, 562.2562273711402, 1.9887657889815271, 0.06445324584070951, 0.09847587115413628, 633.217205619746, 0.5487608079531697, 5217.35610971453, 562.8560755139364, 1.7912039096225494, 0.06444432013614602, 0.09848184715320356, 635.0759953938478, 0.5492142978320462, 5219.108647123506, 563.4472152624894, 1.5777949465452836, 0.06413461240116503, 0.09846399517194973, 637.1436319510395, 0.5496776538062005, 5223.53822988011, 563.9467765016386, 1.352180740892245, 0.06352381757614729, 0.0984710696625316, 639.554534540721, 0.5507478573635073, 5225.893066472409, 564.4426186401915, 1.1047323691895181, 0.06351352745183882, 0.09853714907173107, 647.7690368777603], "obs_std": [10877.620879212487, 555.4244974978513, 24.33439799588295, 2.7846686037515145, 0.1150298485304088, 525.6686955945122, 0.7708303084045465, 10879.208748884139, 555.4051183128252, 23.592096360544318, 2.784668260342188, 0.11357920357494482, 525.5543173234508, 0.7734325364913576, 10879.418206123386, 555.4967491758091, 22.542148536086515, 2.78466791242595, 0.11331118396637774, 525.2256998709748, 0.7747010937241158, 10882.608774270826, 555.5842569320548, 21.28045787276644, 2.7846675876340927, 0.11296727265578994, 525.1085589167096, 0.7670747675046713, 10878.947956293909, 555.5724974614611, 19.79923424903176, 2.7846672633068836, 0.11184500161702526, 524.8276913195647, 0.769258346495202, 10886.841271136704, 555.6903183491522, 18.059115281297196, 2.7846668369305436, 0.11033687480754911, 524.7156233384814, 0.7695215720197007, 10885.556136973437, 555.7366488730396, 16.02282606531228, 2.5421072120771933, 0.10788376866332335, 524.5207201816205, 0.765846313683599, 10895.508901751447, 555.6695665504901, 13.610754167779994, 1.9693114766303854, 0.10709962442812103, 524.7151246912653, 0.7688866593560952, 10892.18431477295, 555.5601974544476, 10.290058784510258, 1.9693106581230129, 0.10666383625140258, 524.7877985026167]}