{"obs_size": 14240282, "obs_mean": [5284.844358735804, 571.316242683958, 2.1302553558981483, 0.06323446183938744, 0.09833001779901528, 643.3402042176829, 0.5456015092257754, 5292.467538025827, 571.5913473483179, 2.0442862718589425, 0.06322775613777282, 0.09836933120025385, 644.034110165562, 0.5449539346201593, 5287.576656716616, 571.9380344434192, 1.956276006331897, 0.06322069064377485, 0.09837170962850365, 644.9460991655986, 0.5456405533963922, 5293.51565436038, 572.2643800171935, 1.8562711749669003, 0.06321279725219732, 0.09840589056438696, 645.942682978745, 0.5453872304635974, 5291.29676953168, 572.6887587619402, 1.734456873817527, 0.06320471950479034, 0.09837442218988432, 646.7503352727999, 0.544901387627056, 5289.279304758698, 573.1455369352936, 1.5814579374200595, 0.06319627668181806, 0.09834905695736972, 647.6608918807389, 0.5446203731780519, 5293.685333752279, 573.6737189614645, 1.3985309420136482, 0.06318683268148158, 0.09831408296148926, 648.95158582861, 0.5443769837564059, 5288.481450092064, 574.3885365472397, 1.2110154841034748, 0.06317740866691506, 0.09831800841275422, 651.0312050142918, 0.5449740915243578, 5357.956291764748, 575.0422661573697, 1.0015582556581393, 0.06256490738856915, 0.09832813504943255, 672.9213538157434], "obs_std": [11041.80315241911, 558.4950042298144, 21.358903678276207, 1.971821415231759, 0.11534848984454761, 540.2109035584062, 0.7989762514662676, 11057.183922412583, 558.4723277550855, 20.786994711948026, 1.9718206954438386, 0.11511864257968889, 539.5052592740642, 0.7954133389522192, 11059.383601740261, 558.4676691289473, 20.141589587160684, 1.9718200281011011, 0.11475191907462795, 538.9655579218762, 0.7937979991948514, 11059.517629793068, 558.4941986523324, 19.3854744194598, 1.9718193077239143, 0.11430533924776917, 538.517953524988, 0.7912362308048327, 11060.088159289215, 558.5860802172346, 18.382993232634455, 1.9718185888200255, 0.11387998208623898, 537.6293523565944, 0.7918447238280609, 11047.559655657094, 558.7045875406861, 16.959792454172415, 1.9718179728677885, 0.11227300270075338, 536.4170880416401, 0.7860798495726564, 11048.908517492375, 558.9112500251031, 15.103525297562062, 1.9718171329945124, 0.11119409691165136, 535.5293446276228, 0.7809709444547143, 11039.05154541536, 559.1803557993161, 12.834674953684699, 1.971816443143165, 0.11074277318770397, 535.5439536784124, 0.77915671310702, 11079.336057901282, 559.6129792786667, 9.812587273372557, 1.1390146429406505, 0.10905720355125845, 553.2745731605861]}