{"obs_size": 14240282, "obs_mean": [5266.3828987958495, 569.1185374699742, 2.1387251319882568, 0.06483750144063928, 0.09907893134223011, 639.7785303057478, 0.5506448215702868, 5275.722503855291, 569.3785258606536, 2.0509173905404405, 0.06483028992895715, 0.09910924941008989, 640.335949814759, 0.5496591083660144, 5272.371564335766, 569.7675192808683, 1.963753948131083, 0.06452098562241322, 0.09912955788593285, 641.1910903083328, 0.5501232918702491, 5280.807429533841, 570.1226173751335, 1.8635156944223437, 0.06451264899874241, 0.09915458647026833, 642.2640450675943, 0.5499140014924309, 5282.318261709478, 570.5960600358896, 1.7418699292612323, 0.06450416738004974, 0.09913540806558559, 643.240814609328, 0.5495182732336722, 5277.816403165832, 571.0839873114871, 1.5900129646308971, 0.06449501273999406, 0.09911360785102485, 644.2954895332306, 0.5493387278426574, 5282.816839740895, 571.6481630771077, 1.4047550462834935, 0.06388158939016181, 0.09906565032644735, 645.5804527964592, 0.549072676369795, 5278.601860467545, 572.3614708613213, 1.2192691127886373, 0.06387161049494056, 0.09909305912684793, 647.4351679531802, 0.5497624158005183, 5335.578059799536, 572.9988799379114, 1.00892643839497, 0.0632589080702971, 0.09913030967027227, 669.9344635998973], "obs_std": [11039.156286427215, 558.2857730127151, 21.361315905797564, 3.2194541084292885, 0.11960443269394365, 537.4933517112207, 0.8235377652124014, 11051.44073438413, 558.2673869008299, 20.789810345039633, 3.2194533228357893, 0.1193539182804156, 536.5170190825033, 0.8194562866231377, 11054.828989091167, 558.2835159264433, 20.136486872245495, 3.0115647100056866, 0.11954820875306522, 535.9346495053236, 0.8141321745441049, 11055.655821375247, 558.3474815129457, 19.377183000468506, 3.0115641353708136, 0.1187373227147354, 535.6857528101506, 0.8120006447432458, 11066.469534884813, 558.4579908470714, 18.373217663089644, 3.011563848302159, 0.1186639870206409, 535.2020004077044, 0.8126701329098713, 11040.478349133076, 558.6021830749119, 16.94873223236029, 3.011563309718728, 0.11704810473393022, 534.3679710053973, 0.8091358183556131, 11043.799424281318, 558.818129541939, 15.096857056923525, 2.5453490112275583, 0.11638919356995991, 533.5814385750085, 0.80490187343357, 11036.84628609112, 559.0725959130513, 12.833188811724558, 2.545348389078478, 0.11596496812834906, 533.1106629874032, 0.8023717589153295, 11063.855192572024, 559.4531039171236, 9.800453299143403, 1.9718249786630395, 0.11428663714023078, 551.4931979463246]}