{"obs_size": 329400373, "obs_mean": [5216.67820723476, 549.305749954327, 2.4430870908576656, 0.060755681914235825, 0.0916401482599289, 616.5230611449172, 0.497618585369363, 5217.7237820535065, 549.5841852462017, 2.306923098110761, 0.06058036689354204, 0.09163660898594946, 617.5186494040124, 0.49765657744565556, 5219.550875083037, 549.9196182786354, 2.153448171717767, 0.0604047005340871, 0.0916322245389013, 618.6547239316941, 0.4976635647230108, 5221.3718672909945, 550.2823883141149, 1.9873481290805945, 0.06020268542832973, 0.09161602345868897, 619.8914429363655, 0.49779010638347815, 5223.156574990605, 550.67300705212, 1.808989621271619, 0.059961211061523086, 0.09160931745049034, 621.2529020169555, 0.497825960120454, 5226.199858135959, 551.0892785722493, 1.6150650351570792, 0.05971937851286953, 0.09159413271662822, 622.7389008872714, 0.49788441773962977, 5229.420907471452, 551.5348567258601, 1.4053223430927926, 0.0594382209315876, 0.09158120573531907, 624.331075132687, 0.4980560909827342, 5232.3199867753265, 551.997468396916, 1.1813855626690497, 0.05911748067716165, 0.0915771634865265, 626.0459598363199, 0.4982702396479971, 5235.24817547649, 552.4723445349587, 0.9458465792326228, 0.0587832358679336, 0.09157661910405278, 628.9278127325362], "obs_std": [10756.978132297325, 519.8871876673513, 24.165861761954336, 3.1751898976235884, 0.10131281055333301, 489.58001565005225, 0.7373673922797196, 10758.747358960847, 519.8720369274878, 23.222294248062415, 3.0584042276613377, 0.10124268356487834, 489.3893617363069, 0.7355872531504613, 10761.536891988844, 519.8726554364988, 22.111037656680242, 2.936978378120184, 0.1011779715720497, 489.2277347277807, 0.7329089851025838, 10761.509158178013, 519.8546382431289, 20.84557021920142, 2.7903134346794514, 0.10075917769879598, 489.0525390767397, 0.7319493763225539, 10761.307107782392, 519.8249352883561, 19.37629222496806, 2.603431873241677, 0.10045663188965986, 488.82520576089206, 0.7293099331812188, 10767.16529750438, 519.8178348112133, 17.661284161170943, 2.402054457207387, 0.10015864387717494, 488.5910666883379, 0.7259014304916456, 10769.857965417856, 519.7960641382233, 15.606992694296494, 2.143332709306362, 0.09986594171613691, 488.25468586606627, 0.7245655372744987, 10772.350649911896, 519.8104621464836, 13.096488222307057, 1.802744043943489, 0.09952586210770606, 487.8993791316309, 0.7224875468567875, 10771.89152001215, 519.7928847992176, 9.816576015794364, 1.360109080452574, 0.09936779214540371, 486.84006463400766]}