{"obs_size": 14251969, "obs_mean": [5282.744272328012, 576.7600546984069, 2.2911058114145493, 0.06293477047502076, 0.09680897840705405, 634.6592240315681, 0.5158696040525912, 5282.751875395879, 577.0538502434296, 2.2015439410512325, 0.06292821119419428, 0.09679641399114788, 635.6055542296825, 0.5157946610043689, 5288.856001250472, 577.3658531673765, 2.09621246018708, 0.06292146518604616, 0.09678122385292921, 636.6662334678564, 0.515958056742887, 5285.266000819837, 577.7347758755299, 1.9685943044080434, 0.06291386279454496, 0.0967875808852103, 637.853209553939, 0.5161991256085249, 5290.428097572614, 578.1668610842476, 1.8071795553302141, 0.06290622416236716, 0.09678351426599369, 639.2172090680197, 0.5163850840539861, 5290.303389041637, 578.5640685157258, 1.619029272376329, 0.06289801501484517, 0.09676804391666857, 640.757438152859, 0.5164157882324768, 5292.225795113953, 579.0846048710886, 1.4204056997317354, 0.06288942457530647, 0.09674312279678644, 642.3766026136116, 0.5165143997997639, 5298.200361848229, 579.6715882556298, 1.20306716917501, 0.06257956240580637, 0.09673096860433913, 644.1486401245517, 0.5165539083757321, 5297.43577144589, 580.1952351987293, 0.9683392519307332, 0.0625703791001872, 0.09670261132528374, 652.5318308338973], "obs_std": [10888.582781029501, 556.2974769480447, 23.011646823810516, 1.6095262231756655, 0.11019988665365744, 527.3746777351812, 0.73167902314012, 10886.129786147112, 556.3524399642372, 22.426411298239653, 1.609525358671182, 0.10937402381375194, 527.3644966560021, 0.7293532071154456, 10897.970598908676, 556.1975649535094, 21.706328063682694, 1.609524654582235, 0.108272779055687, 526.9969740296727, 0.7286984452498404, 10882.770737565326, 556.3211773699827, 20.781362976051042, 1.609523870621404, 0.10727300751781657, 526.8585513256468, 0.7302140108358383, 10897.564326937216, 556.2500191140533, 19.41141786504493, 1.6095232604139182, 0.10682502510832977, 526.7337245944484, 0.7309765875068164, 10894.267754487251, 556.141144891616, 17.73299458758298, 1.6095225349655715, 0.10528356218179027, 526.5218833506261, 0.7308097284859464, 10896.496102700723, 556.1508926073492, 15.773769419016915, 1.6095219091618043, 0.1026586767214244, 526.1451308037351, 0.7254173586608236, 10908.642692984069, 556.1214315383191, 13.320736572927977, 1.1385382106168949, 0.10173388913980877, 525.7561375651526, 0.7229614584802233, 10897.274505324061, 556.0519245814097, 10.006550190720333, 1.138537187495763, 0.10118106378188856, 524.1677177987721]}