{"obs_size": 14251917, "obs_mean": [5220.536108325055, 558.9906413291628, 2.3484794361348023, 0.06431268340701853, 0.09930704217502806, 629.4849244148697, 0.5591878686916256, 5220.058016981047, 559.2800194528216, 2.2667138041850787, 0.06400421545397028, 0.09928972928076968, 630.4059699360183, 0.559428650335246, 5225.861322110023, 559.6112502619824, 2.1646960896558687, 0.06369566146842567, 0.09930294218588327, 631.495771875367, 0.559532026253027, 5223.04701537159, 559.973602638859, 2.041345595824056, 0.06368725864170412, 0.09929940861675014, 632.7311892638703, 0.5597317842224261, 5228.118057561366, 560.4235611953117, 1.893942337722006, 0.06367889812725543, 0.09929972978077234, 634.1223346550953, 0.5600982454500621, 5228.04208937392, 560.8084793084327, 1.7102592584562484, 0.06336867919733902, 0.09927849441966272, 635.6652317049475, 0.5600956913375175, 5230.079035569022, 561.315640906413, 1.5318418567831962, 0.0633594370852076, 0.09926626984889067, 637.3358484995772, 0.5607122582877767, 5235.909950190442, 561.8688723067921, 1.3243270361453832, 0.06304907628293879, 0.0993069985908571, 639.2365668881333, 0.5608477735310883, 5235.446451145187, 562.3946140017514, 1.1066005366155305, 0.06273801531942076, 0.09930345273418216, 651.9774650277562], "obs_std": [10966.094804972125, 558.4943363979149, 22.44869083784719, 2.7870818122339878, 0.11671822191818056, 526.6530934781381, 0.7897090531625637, 10962.742188044489, 558.5855457985697, 21.878630917108563, 2.544312569490869, 0.11599600770244135, 526.6332244710412, 0.7862852446174026, 10974.16199302864, 558.4830968285427, 21.17041692813256, 2.2757917957348663, 0.11486663052125255, 526.3948081403634, 0.7854007773198797, 10960.590225787793, 558.6489828902223, 20.263716168929225, 2.275790776081644, 0.11366076804249005, 526.3564971258413, 0.7868740931360987, 10974.242559190623, 558.6449376284233, 18.935657907033754, 2.275790037162198, 0.11355959724529899, 526.3291499580059, 0.7869737038730914, 10970.999511664244, 558.568892565483, 17.30991913966341, 1.9710200417951613, 0.1116536435121933, 526.2206115440312, 0.7862764878773324, 10973.03634791009, 558.6243195075656, 15.430258396603682, 1.9710192467795065, 0.10948288372764525, 525.9485553779356, 0.7819917432480016, 10985.570316672878, 558.6376488887954, 13.0783243263318, 1.6095402705081034, 0.10883518616304506, 525.8161050719732, 0.7814544987071057, 10974.496715678095, 558.6487917264881, 9.944042360876262, 1.1385605937581873, 0.10849932576935001, 527.69302355412]}