{"obs_size": 14251917, "obs_mean": [5319.550678575499, 579.1086732402384, 2.2230603784739977, 0.06272254494410205, 0.09611201535702174, 637.565522149666, 0.5178730956684654, 5319.420327956104, 579.4026469561954, 2.1364332250882456, 0.06271601655434218, 0.09610637272192955, 638.4780345167586, 0.5177750720832845, 5325.471538638317, 579.699595079034, 2.034153370385191, 0.06270930783887603, 0.09609535086311605, 639.502328991676, 0.5179711189729803, 5322.223378188405, 580.0608911769554, 1.9110511238593375, 0.06270175653002395, 0.09610280215461607, 640.657821904144, 0.5181314008494436, 5327.330135876861, 580.4855293501921, 1.7570291771977058, 0.06269422713148759, 0.0961022322857339, 641.9763585909191, 0.5183559422918327, 5327.45490975319, 580.8723570309875, 1.5778593153468408, 0.0626860827721007, 0.09609009250180163, 643.4869400812078, 0.5184280239633718, 5329.3822588066605, 581.3880155209999, 1.3903253155347453, 0.0626775299928499, 0.09607192984241998, 645.0894415833247, 0.5185485006683659, 5335.479443238296, 581.9388674520067, 1.1842032899854806, 0.06236779427505221, 0.09606920125664582, 646.8866615448277, 0.5186553244731853, 5335.106400547128, 582.4621113777184, 0.9623689921854022, 0.0623586974993692, 0.0960511606750861, 656.2853703222743], "obs_std": [10905.570341368282, 560.14006439387, 22.510447043480795, 1.6095200960597806, 0.10788945663887993, 527.4138978528521, 0.732623400663566, 10903.053063757345, 560.1905167593615, 21.928149253525934, 1.6095192330062464, 0.10715905145337065, 527.3906934441287, 0.7297923367643594, 10915.008547656218, 560.0382482972755, 21.208456272584385, 1.6095185378043277, 0.10604262280134821, 527.0597144455985, 0.7296311258709272, 10900.115751388672, 560.1777012837546, 20.291273880665038, 1.6095177587608596, 0.10499680896069907, 526.9445402657847, 0.729974157276727, 10914.701400509282, 560.1080362028583, 18.945086213983856, 1.609517153159738, 0.10464803772048856, 526.8326824363162, 0.731020450588871, 10911.178643460069, 559.9975662067396, 17.300425858112657, 1.6095164237801312, 0.10311821697247975, 526.6522775477847, 0.7312595962513673, 10913.137760654281, 560.0013927021938, 15.391289297718306, 1.6095157868335288, 0.10049233327598538, 526.3126456378474, 0.725699355172716, 10925.617509147625, 559.9537931108289, 13.00541700166454, 1.1385274356575914, 0.09972599857245071, 526.0098596048244, 0.7236175267468022, 10914.708905077663, 559.901927706881, 9.795569674221806, 1.1385264115225375, 0.09926566360457091, 525.3202707023861]}