{"obs_size": 14264008, "obs_mean": [5186.789049121082, 559.8833782903095, 2.4795739037723483, 0.0695279731442336, 0.10339095652400086, 625.0182789391308, 0.569804687574519, 5190.34393496313, 560.1652469628452, 2.378466346906144, 0.0692183853436659, 0.10348626585150594, 626.0622674835425, 0.569674795681578, 5190.169147032073, 560.5512742281131, 2.25637373450716, 0.0692080132529464, 0.10342465228433759, 627.1171405931627, 0.5691477472531103, 5192.540749877397, 560.9303129246701, 2.114273281394682, 0.06859557571063749, 0.1034109995773977, 628.3049543533075, 0.5699101976106818, 5196.448651574531, 561.3799130651076, 1.927222068299457, 0.06828281643056691, 0.10346560862725318, 629.6882749861024, 0.568843953817213, 5193.334444946081, 561.8595590383852, 1.7560180140112092, 0.0673685437304955, 0.10343455529028223, 631.397389589793, 0.5707416735184391, 5200.772230801165, 562.3403064552405, 1.5455630002450924, 0.06585167629330663, 0.10355407053606572, 633.2498541319779, 0.570239744677688, 5200.284830300538, 562.9948166742474, 1.3316390456314944, 0.06463479112014865, 0.1036135856208852, 635.821640663828, 0.5725338467280966, 5218.597525828182, 563.4480287728385, 1.1048245345908387, 0.0640202136459209, 0.10389952275678876, 659.2454287039508], "obs_std": [10927.929660445187, 556.6178153557539, 23.502021735470734, 5.334087424420153, 0.16745557667089567, 530.1650306690553, 0.9286475967342125, 10935.032216048687, 556.709431606382, 22.878107659917877, 5.2114575784182, 0.1680007306703293, 530.1415404061369, 0.9248725755167114, 10934.191409029749, 556.7657847339804, 22.049435493659377, 5.211457141501843, 0.16717900164874713, 529.8506631747002, 0.9257770811268569, 10936.906647638674, 556.6761561019541, 20.903479757222843, 4.9571047731967575, 0.1663342264322111, 529.7119633988652, 0.9196853209252265, 10942.747963827032, 556.7053112327271, 19.43367977864618, 4.82490248927193, 0.16795055203776163, 529.1083751833002, 0.9097064977975879, 10932.055527731172, 556.6895021216797, 17.78974416281854, 4.404553447872742, 0.16588303012853006, 528.8937852778114, 0.9173781020747289, 10942.495799826613, 556.6513367531134, 15.848907654776482, 3.5964008728549364, 0.1669463503890169, 528.8618173911863, 0.9047906677178982, 10941.806883941836, 556.8175831319924, 13.471488689076143, 2.785910829075162, 0.16692235480041323, 529.2317939199335, 0.9048516843036202, 10947.304458063922, 556.8701523433559, 10.292365577964723, 2.2748396681577816, 0.1691663070231259, 549.7948480213589]}