{"obs_size": 330347732, "obs_mean": [5242.969755381831, 550.8816292675499, 2.0159793801762813, 0.060321800000154815, 0.0914875837840348, 621.1484869099899, 0.49892387294931484, 5244.686788329294, 551.0865553452622, 1.9378166489122437, 0.06003133561515008, 0.09148253476665914, 621.8952710914051, 0.4990056648421385, 5246.1937377807735, 551.334586038569, 1.8490584006794393, 0.059779451493904984, 0.0914788616428458, 622.7093065914167, 0.499122940777972, 5246.793890526095, 551.6011080863123, 1.744389723856194, 0.059566198082172526, 0.09148331278436304, 623.6296584090177, 0.49925301841461, 5248.51597367499, 551.8827546725829, 1.6059434729220414, 0.05937841781915854, 0.09147405715539121, 624.6677169860658, 0.4992998471244497, 5249.379693555625, 552.2023538457354, 1.4494606095857803, 0.05917722772121646, 0.0914593904609547, 625.8582254756469, 0.49937843359456685, 5251.27457339426, 552.5806323652922, 1.280274680378311, 0.05901459232113439, 0.09144924419491367, 627.1047308437572, 0.4994238989549134, 5253.721982403816, 552.9749124598196, 1.0976055770226993, 0.05876065267071177, 0.09144471195597885, 628.4617342562572, 0.49948045056433543, 5256.512549163861, 553.4179396091629, 0.9001282957196146, 0.05853240243393093, 0.09143149259737271, 634.3585890107232], "obs_std": [10796.0974825808, 520.2929280310692, 21.282097642737, 2.932764271768001, 0.10065495616128721, 489.31223232997536, 0.7315513810038949, 10798.07509811794, 520.2929137435307, 20.712800511628764, 2.7152625523365024, 0.10043547346846232, 489.26425504492624, 0.7297143550496865, 10798.793287022152, 520.2978130575211, 20.03944618500057, 2.5123118530056656, 0.1002882383064046, 489.163881391146, 0.7284640639617241, 10798.45628170127, 520.3158296410392, 19.190824810288728, 2.327721626612281, 0.10014545300255785, 489.0694345007888, 0.7271107372857026, 10802.469735863478, 520.3134603629907, 17.960247246312445, 2.153263152466462, 0.09998508592212128, 488.9531380190281, 0.725146867818047, 10801.71620747219, 520.2730991593095, 16.45995241575224, 1.949091456338824, 0.0997014997291962, 488.7919141854613, 0.7235051994937363, 10803.637988806675, 520.2590590980917, 14.66567848680192, 1.7688665440225533, 0.09938435305283842, 488.5122549751493, 0.7212414768390433, 10805.83368708887, 520.2377664072221, 12.437565640003463, 1.4380363340444768, 0.09904140078472978, 488.24000192783666, 0.7193221671685258, 10807.321656305514, 520.2417898309337, 9.452333516229913, 1.0576790610320215, 0.09889272400830398, 486.61917926572147]}