{"obs_size": 14251917, "obs_mean": [5271.024745114101, 569.6747509124561, 2.2900362105673224, 0.06391267025026279, 0.09885479303219365, 637.1432950325193, 0.5465877410035898, 5267.615782110093, 569.9602899034564, 2.207135292746933, 0.06360317038992813, 0.09884918395546395, 638.1657047952174, 0.5469798996163552, 5274.457840260716, 570.2960213001522, 2.102849532452371, 0.063595363558398, 0.0988790785542051, 639.2121489488993, 0.5469289453482422, 5272.195272837816, 570.7115975345632, 1.979305380462151, 0.06328520367050378, 0.09885636052588677, 640.2547900500177, 0.5466050675148191, 5274.8446259838975, 571.2248483484715, 1.8281271214251384, 0.06327622374871499, 0.09885482195595137, 641.2433406042117, 0.5465439370016416, 5274.956922127241, 571.6906724898832, 1.641563868215062, 0.06296520767592984, 0.09882491007048377, 642.4946558821994, 0.5462195163640506, 5275.704021344803, 572.3458236530569, 1.4588894251910112, 0.06295511821266667, 0.09882931272396533, 644.2326716605597, 0.5470574014710189, 5290.074009843472, 573.1009192658082, 1.247567257092502, 0.062644342457027, 0.09887562499648397, 646.6006586580546, 0.5468536517579056, 5331.644271920689, 573.7635113227224, 1.025667845244959, 0.06263369604679307, 0.09884263515301082, 668.4874335212096], "obs_std": [11011.508868698307, 557.5147843619256, 22.600452164893614, 2.544316255599896, 0.12020948630461468, 534.7705160336541, 0.8133697802467056, 11011.766474012074, 557.5599171196415, 22.022137668680333, 2.2757954473736097, 0.11988480293452496, 534.8293719929117, 0.8119298359206881, 11026.13890664583, 557.4574826788486, 21.304855701473638, 2.275795160501448, 0.11868620207298586, 534.4630267391158, 0.8101361764927656, 11008.689061219307, 557.642568083288, 20.39224734339023, 1.971026539589679, 0.11835067518265814, 533.8502570126391, 0.8088276619896915, 11022.82041632855, 557.7025955145874, 19.048766565523213, 1.9710254977837698, 0.1177703490541087, 533.1072893296315, 0.8078078767197828, 11010.372233551729, 557.7339440581342, 17.408383767322338, 1.609546400806651, 0.1167979885282581, 532.2398593525876, 0.8053119060935818, 11010.585199086343, 557.9493787927629, 15.500634634267898, 1.6095452032254443, 0.11527547779357733, 531.7161271141956, 0.8010203022622251, 11028.982731342974, 558.2045391216303, 13.116988208836593, 1.13856942398476, 0.11431880969103742, 532.351028712144, 0.7951150858329928, 11027.305011266464, 558.5497439926073, 9.904551795379003, 1.13856844691565, 0.1134424542988481, 549.7202545511188]}