{"obs_size": 14276570, "obs_mean": [5222.356260438075, 571.0748962110646, 2.6753975919986384, 0.06445133163568635, 0.0982536451213424, 634.4872865314804, 0.5366274222029687, 5224.185877796107, 571.3868191729526, 2.553565177069842, 0.06444405131380232, 0.09824439510526724, 635.7758812459352, 0.5368252583078599, 5225.394409703897, 571.8026771136205, 2.399990123678166, 0.0644360462804505, 0.09825636940196467, 637.1981353888652, 0.5369076371985879, 5226.989341345845, 572.2186821484432, 2.220094462465424, 0.06442764696436827, 0.09823629553520186, 639.05569630184, 0.5369317191734577, 5225.660378108609, 572.7393922349695, 2.028535495570715, 0.06441898072401787, 0.09822103764251557, 641.0049705066883, 0.5372939568117736, 5233.812756420468, 573.4123117807708, 1.8192811018332835, 0.06440949448677741, 0.09820603915548447, 643.1614502728091, 0.5377473182284181, 5233.340504594631, 574.1485445733814, 1.5929886520361685, 0.06409929526063293, 0.09816443040555292, 645.8951526163438, 0.5384582375178515, 5243.507224615959, 574.8359414761388, 1.3527432009229108, 0.06378852403820302, 0.09817581863809106, 649.1676724983214, 0.5400990093559146, 5262.796184996488, 575.5518383617353, 1.0834955454986737, 0.06377708302443022, 0.09823214256008292, 659.8048748965558], "obs_std": [10880.343988755716, 558.6369904722958, 25.05154649909775, 2.7846656482856944, 0.11506937926400862, 531.9481599421298, 0.7613546618027672, 10884.263279305203, 558.5170515507482, 24.29338986695694, 2.784665297200517, 0.1135621897380632, 531.6791605358391, 0.7623436022352054, 10885.76347927391, 558.5439283419629, 23.22849972782082, 2.7846649569739035, 0.11361249193309317, 531.4874126111265, 0.7640269064488816, 10885.260811896884, 558.6107438356166, 21.950811910051833, 2.7846645755489146, 0.11271778885309713, 531.5009442837861, 0.7553889490717367, 10882.753515198785, 558.6725587175013, 20.435173251838766, 2.784664241269615, 0.11162453928867874, 531.3895826080134, 0.7578151235511318, 10890.54758943098, 558.891990803905, 18.653676758761026, 2.7846637323124273, 0.10971274604490468, 531.4440787593677, 0.7576655425586016, 10888.922833136685, 559.1680015824694, 16.570762220305657, 2.5421037859212676, 0.10713633188529642, 531.7197641054108, 0.753651346835515, 10900.982198160931, 559.4356107197185, 14.077635993399154, 2.273814079169232, 0.10682259098287783, 532.5868247576739, 0.7584132359959644, 10906.29175336825, 559.7562666887809, 10.604151397363147, 2.273813245948174, 0.10593667069217814, 534.7767781235585]}