{"obs_size": 14276622, "obs_mean": [5250.523165182481, 575.6588179612795, 2.6045409061050995, 0.06392951731047432, 0.09701321599899519, 631.0946899701737, 0.5153238453746126, 5252.28138752819, 576.0270764330666, 2.482974263799938, 0.06392266976656646, 0.0970026317557474, 632.3145416423154, 0.5155341151429108, 5253.502086024208, 576.4545112282163, 2.326381828978872, 0.06391504724164428, 0.09700326461021419, 633.6051483778593, 0.515592852566934, 5256.031579583455, 576.8788803822081, 2.146181428632067, 0.06390714912113649, 0.09699295433387534, 635.187098757531, 0.5155644037503999, 5255.037464322452, 577.3352320317789, 1.9508857207258132, 0.06389888504066987, 0.09697602702782254, 636.7196380941735, 0.515613445603576, 5260.034013506314, 577.9217232199605, 1.7416453976297754, 0.06389016014888524, 0.09694821951488304, 638.4995294299481, 0.5159294726021246, 5261.765204776924, 578.5063792401311, 1.5151572269686764, 0.06358061015218448, 0.09691938617006188, 640.4312658246855, 0.5160049429059531, 5266.363045236897, 579.0255438576436, 1.2735137905871572, 0.06327067252071915, 0.09689578632802724, 642.5803788909816, 0.5162613690409359, 5269.077271778759, 579.5736205665457, 1.011351774950685, 0.06326038698090458, 0.0968967487117052, 648.5802118750432], "obs_std": [10830.227198078283, 556.4535453665001, 24.960854246553943, 2.542101174076036, 0.11248643828541885, 527.7668794326917, 0.7340580655650504, 10832.212779731544, 556.3761932538106, 24.20024119961646, 2.542100823824527, 0.11110367403204217, 527.6044842710213, 0.7354231570596336, 10832.054042468479, 556.4244659178084, 23.117672604150677, 2.5421004775076943, 0.11090240734242607, 527.2401455413913, 0.7375538592521307, 10834.999738433573, 556.4479910705229, 21.820690697657284, 2.54210012195056, 0.11039111071049391, 527.0815520558192, 0.7305630730838009, 10831.589723983858, 556.3754648972229, 20.29369988872136, 2.5420997697854046, 0.10915057747659648, 526.6958681053286, 0.7324760674693116, 10839.097756029543, 556.4213592277123, 18.49738767209947, 2.5420993259634845, 0.10720350280458606, 526.390700265955, 0.7325160056744646, 10838.802981447781, 556.4223430209894, 16.385170440697518, 2.2738102811625325, 0.10476854300184502, 525.9766013587652, 0.7282524496746705, 10848.220670429904, 556.3004762547762, 13.863549770401956, 1.969303687129047, 0.10386230598703032, 525.807878451066, 0.7292552192925488, 10845.384526268777, 556.145451927716, 10.400447419506378, 1.9693028771812129, 0.10263306187736873, 524.2519579736447]}