{"obs_size": 14289583, "obs_mean": [5159.5805597184835, 556.1881115075226, 2.8195673729597286, 0.06609921471509064, 0.10050209274868244, 628.5126788462196, 0.5648013092474445, 5161.8576902907425, 556.590454738952, 2.675521811938109, 0.06609017080576175, 0.10050384711618214, 630.0051197772073, 0.56532602413941, 5166.249743871975, 556.9523819554427, 2.5003889196766624, 0.06608072589011922, 0.10047242980603473, 631.4520718737568, 0.5653547263065808, 5164.871043567842, 557.3997234209004, 2.325611181236009, 0.06607131423003088, 0.1004991233915646, 632.983184827945, 0.5665468510872619, 5166.120974854617, 557.8087565606359, 2.126921128489194, 0.06576051151402454, 0.10060121193361624, 635.0199792330326, 0.5658964999888417, 5169.828809351866, 558.2683452694176, 1.917540770783864, 0.0654490319192036, 0.1005501398704216, 637.2263014392178, 0.5667855837360692, 5170.977746737223, 558.7226675543995, 1.6929207801235346, 0.06483738684789615, 0.10066566309359684, 639.9588048753202, 0.569281458808146, 5177.12589507271, 559.1030076944861, 1.4455820019380552, 0.06452539588671811, 0.10090024065019967, 644.764045871083, 0.5794669676504962, 5175.7059174407095, 558.4093994905239, 1.2149919280359682, 0.0636120766060221, 0.10176801670293657, 654.4021386344184], "obs_std": [10877.804606285334, 556.5841375909946, 25.312137975695315, 3.936076304317867, 0.12405400871258297, 531.8903009318418, 0.8220727831884875, 10880.232896066638, 556.5378255997614, 24.328490337569995, 3.9360758146240986, 0.12267262443865323, 531.9041193633361, 0.8224275706310478, 10889.244719414011, 556.4931873569024, 23.172727796456307, 3.936075140651831, 0.12242211956385776, 531.8432490961819, 0.8173096275759439, 10882.01989558949, 556.5274752182601, 21.874192335719506, 3.9360747134826597, 0.12155310258440141, 531.3830797886318, 0.8191405685426449, 10885.948699366349, 556.4409161487557, 20.323746309429378, 3.768527127735457, 0.1221315276491229, 531.6158286064006, 0.8160120111915454, 10890.528718069523, 556.3945766135723, 18.563639832356216, 3.593175202368668, 0.12057596126450335, 532.0225906000543, 0.8141221282291554, 10887.325542045895, 556.2447575214776, 16.48437871411688, 3.213897823051851, 0.11976743282179152, 533.1553541543506, 0.8234857789943882, 10901.394012128038, 556.1589048750038, 13.905997281066563, 3.0063683282664595, 0.12084028211587233, 535.8156046176215, 0.8447552173043829, 10900.91239231327, 555.3306386338154, 10.625347326780457, 2.27279477702201, 0.12430717299970846, 541.3158868877961]}