{"obs_size": 799948, "obs_mean": [3004.291235796946, 567.923800047003, 2.195955237090411, 0.06215244900043737, 0.11759428165580589, 510.5793475867428, 0.5564844514894071, 3005.86341052163, 568.070539585073, 2.103121702910689, 0.06214584776635692, 0.11764845293319151, 511.80946691866353, 0.5572142839285333, 3005.7218229392206, 568.3283213408872, 2.013680889257802, 0.062137664689457174, 0.11753483751943442, 512.6513260869896, 0.5572295374200236, 3007.07289477318, 568.6210203663238, 1.9083565431753065, 0.062128664985726306, 0.11748027952691788, 513.7155395325372, 0.5575538760020151, 3006.162562293185, 568.9846102496663, 1.7788843774845364, 0.06211949618600439, 0.1174745144846888, 514.843881250617, 0.557181813067986, 3003.9321318926804, 569.2165665768275, 1.6143549330706497, 0.06211107610244898, 0.11734837338426421, 516.2863688939556, 0.557762042032856, 3001.8240750807863, 569.5325146134498, 1.4203023196507774, 0.062101934849517634, 0.11731181427667711, 517.9075450095754, 0.557977974818485, 2999.401258087587, 569.8945331446544, 1.212190042352753, 0.0620940429540442, 0.11723409045463018, 519.4434730423652, 0.5578275675420519, 3000.5231555074533, 570.1680084205474, 0.9884417487136664, 0.062083755831631386, 0.1171254824726123, 528.1379850464964], "obs_std": [4313.439942529388, 479.63863141483324, 21.042815188328486, 0.05976535191619073, 0.16699100103404602, 381.4868665629402, 0.8618363063206222, 4317.4074223851885, 479.60621129448145, 20.470408863810015, 0.059746390205773464, 0.167142980791293, 382.3072221015537, 0.8673044616478094, 4308.983681051538, 479.55028020555505, 19.794723460114803, 0.05971865586372507, 0.16583061578557873, 382.27985569151747, 0.8673916451498486, 4320.529742122485, 479.65455398457675, 19.037861897649368, 0.059691072247373175, 0.1656441412618872, 381.84261164358287, 0.8658373289768264, 4306.91790070582, 479.6027385796319, 18.01948516006074, 0.05966419005393401, 0.16511086155201057, 381.93837205748224, 0.8625507211759175, 4315.024765137199, 479.421241461158, 16.555751525782092, 0.05964226069398088, 0.16442772125803376, 381.8794734469584, 0.8680358109124728, 4309.1406584345805, 479.52626364472155, 14.774837111369843, 0.059621327538647594, 0.16449392788843503, 381.6990889091831, 0.8655228341813929, 4312.044974917603, 479.6274294134471, 12.503283114734755, 0.05960756766231956, 0.1644263424342259, 381.49310735047635, 0.8622971939925459, 4314.067444289143, 479.4527066075964, 9.610018955493466, 0.059581612086747164, 0.1625304633092765, 378.58036593552475]}