{"obs_size": 330364719, "obs_mean": [5233.682571173693, 550.3792332830794, 2.163901805749423, 0.06059398667011972, 0.09153538134897479, 619.6146615333525, 0.4984894674897369, 5235.328960478996, 550.6146987868881, 2.076384573014892, 0.06034222098130797, 0.09152983061752125, 620.4098186866754, 0.49861151305816004, 5236.030814542362, 550.8651249681417, 1.972117621918338, 0.06010306635800486, 0.09152657268971832, 621.3305404843676, 0.4987116014971273, 5236.790690356864, 551.1540967121248, 1.8357977898965652, 0.059876403339587624, 0.09151791629033476, 622.366853715149, 0.4987770798457095, 5238.550316220757, 551.4830345367478, 1.6800546580157065, 0.059571252066908796, 0.09150834946822782, 623.5117833579613, 0.49881437377168925, 5239.664749654402, 551.8494879624238, 1.5117227000259676, 0.059356648699261993, 0.0915016625137172, 624.7559271653528, 0.49887757303507274, 5242.220458335857, 552.2499147222802, 1.330640912052113, 0.05910276351872909, 0.09149570264919847, 626.1356685127695, 0.49896164767430473, 5245.1178975530165, 552.6683940847814, 1.133660283500188, 0.05892657688681149, 0.09147978103462312, 627.5827021171265, 0.4989928354321411, 5247.878784666666, 553.1031356771481, 0.9208373579383337, 0.05863297545065741, 0.0914737746789024, 633.0645992951006], "obs_std": [10782.861828414627, 520.237123149924, 22.340451814371956, 3.1083029344728876, 0.10069994943083521, 489.4925469399656, 0.7346141461914157, 10785.083990426649, 520.2290486943656, 21.724213154772436, 2.93268865529021, 0.10041722955962797, 489.3936682826869, 0.7328429275316869, 10782.062353944255, 520.2301433168896, 20.95980002350502, 2.756014129988658, 0.10039555362966054, 489.3168622811067, 0.7324894898071481, 10782.263746824445, 520.2218281500519, 19.84815463651966, 2.57806150232921, 0.10004071337625095, 489.20951278336054, 0.7298950085597047, 10784.884205519902, 520.2075616143487, 18.51749276993976, 2.315636439429136, 0.0999457346804409, 489.0005197191989, 0.727812296215283, 10786.121285528863, 520.1959768041852, 16.950291734946983, 2.113952352913294, 0.09957985970923719, 488.7704437205861, 0.7261493765656019, 10787.222699514308, 520.1567542187493, 15.079733386374691, 1.846052249700535, 0.09928377566206255, 488.5133124581003, 0.7231357230549951, 10789.943277551742, 520.1414685124878, 12.760067852354338, 1.6376932272297433, 0.09907593454170736, 488.18453351933476, 0.7195875345366718, 10790.648295716835, 520.1143862081872, 9.649570984066555, 1.2056720627148285, 0.0987923680224797, 486.6732575257265]}