{"obs_size": 799948, "obs_mean": [1854.8488362917747, 392.7656060143909, 4.247622345452454, 0.07426885727946171, 0.1801291105259396, 433.604083572095, 1.0887895013176472, 1853.548305236469, 392.9084015461005, 4.142109237100412, 0.07424799549469585, 0.18027847097186134, 434.8858493668969, 1.0890484906519404, 1854.3296307409694, 393.301128323341, 4.0186349612724825, 0.07422572851109216, 0.17996619805538003, 436.03915701268846, 1.0878190907409688, 1850.4632655439298, 393.7557303724742, 3.8289226299709482, 0.0742028203158099, 0.180006184064461, 437.6633798122184, 1.0881108934581367, 1844.869848091806, 393.8883527429283, 3.6327048758169282, 0.07417936866020224, 0.17989614421936787, 439.2192903638827, 1.0874885930086258, 1842.280522166406, 394.2759816888098, 3.395298194382635, 0.07415537424931566, 0.17965429882442208, 441.05122717393726, 1.0870295419202962, 1837.689625504859, 394.5196825293644, 3.1644644401886124, 0.07413072542839186, 0.17958575687420034, 443.215594731145, 1.0871750413777688, 1840.8421585053025, 394.9562009030587, 2.8948819173246263, 0.07410620085554478, 0.1793027207118453, 445.8137885379283, 1.087287136163984, 1839.3036733128654, 395.37123413021845, 2.6148499652477413, 0.07408101615228926, 0.17913731740562336, 455.0546543991889], "obs_std": [3969.8817038649054, 477.6183806134623, 23.932500404229476, 0.07075563238530358, 0.2385294493315712, 369.3429000909731, 1.3786215903531445, 3962.8006489188024, 477.48013282279817, 23.371849671984222, 0.07062806765098369, 0.23851774022212477, 369.55736329028025, 1.372757415579238, 3963.83691969086, 477.4709309168924, 22.67924792934587, 0.07050096485125402, 0.23628921158876504, 369.48839960409845, 1.3658307522827586, 3963.6042971956026, 477.6055687857719, 21.592897087832352, 0.07037416899799687, 0.23726374588512855, 369.84338698174247, 1.3665528949658194, 3937.388483620288, 477.30817717116366, 20.182839043654766, 0.07024542128461887, 0.2370867910137026, 369.41784795055185, 1.366317687575888, 3927.0614032944654, 477.2093460628973, 18.580814110942296, 0.07012473277191647, 0.23534676007916233, 369.26330059494336, 1.3617712320998479, 3902.764944317419, 476.80978493626185, 16.72390472465503, 0.07000360110912215, 0.23541386129468464, 369.44086808205896, 1.365127386832522, 3924.9973773030897, 476.6193453932278, 14.47256565868369, 0.06988733736096608, 0.23400349526119643, 368.8532425933386, 1.355058166660036, 3911.2227386305735, 476.41542167203175, 11.741751490338034, 0.06976308902304602, 0.23231006550178634, 367.7572620610591]}