{"obs_size": 14264008, "obs_mean": [5179.5720972838435, 557.7532760076972, 2.505094080149142, 0.06434260738111826, 0.09984279031671892, 627.5504622272589, 0.5618749778463424, 5181.177455957607, 558.0494985701074, 2.408479369893792, 0.06403439336476306, 0.09988076576814967, 628.6355184763428, 0.5619685462178692, 5182.325229575215, 558.3812726409014, 2.2880300543858363, 0.0640263132607699, 0.09984921059550796, 629.7983991602238, 0.5619719815776912, 5183.952891435968, 558.7769617768021, 2.1432632398972293, 0.06401798865530141, 0.09983839740800753, 631.177350032513, 0.5622543310407568, 5187.933835415616, 559.1717746512761, 1.9636229172053183, 0.0640088108564667, 0.0998100522947693, 632.7185059863936, 0.5620627742917715, 5186.285025259179, 559.6006518644689, 1.787975020765552, 0.06399949901921866, 0.09982394697219836, 634.5132869359911, 0.563187284036857, 5190.976188426866, 560.0758284067143, 1.585101817104982, 0.06368934900598243, 0.09987654084027488, 636.3043796384597, 0.5629055645510063, 5193.705037346364, 560.6123433890389, 1.3687948015733025, 0.06307771430842748, 0.09986140371640276, 638.5564685365166, 0.5637802828629878, 5196.210532259144, 561.0798875042694, 1.1426394320586473, 0.06276652557458763, 0.09993890489678792, 651.326001687508], "obs_std": [10884.513860580331, 558.3959925960195, 23.41524599334775, 2.785907344174301, 0.11702280708325742, 525.5800243146896, 0.8005428726635104, 10888.49609347709, 558.4939637484547, 22.80068528650831, 2.5432417437178096, 0.11623354463871814, 525.5687826151361, 0.800588905223356, 10887.689233528221, 558.5365064638071, 21.98089434651317, 2.5432410123733544, 0.11569342255958757, 525.4364101460079, 0.8020792170697623, 10892.326962873403, 558.4379253593434, 20.843728599355984, 2.5432403857230512, 0.11433548357020343, 525.556496123617, 0.7989142775140416, 10896.69163026938, 558.4031028536945, 19.38046386100166, 2.543239480350834, 0.1138258848539332, 525.182123248491, 0.7933830250520573, 10889.895190358906, 558.3383585506317, 17.745094161881497, 2.543238855148132, 0.11333148188673836, 525.0459867802874, 0.7981542865545941, 10897.132634167987, 558.2738432208531, 15.820979062930395, 2.2748324972613427, 0.11264559868497828, 524.9825950377437, 0.7910428697301657, 10900.381868524431, 558.3374695880376, 13.46008866966497, 1.6088703777500497, 0.11230774366720316, 525.0772728280167, 0.7931534734334039, 10900.357736824739, 558.2778028077089, 10.313791880694488, 1.1380954139611115, 0.1116441198602483, 527.6274430977621]}