{"obs_size": 14264008, "obs_mean": [5282.967792411565, 571.0240496920642, 2.44693279756994, 0.06292731794872308, 0.09783080157926183, 635.1510574734658, 0.5382008706108768, 5280.796192140876, 571.2695968061712, 2.347262073885545, 0.06292017360556236, 0.09789719365461745, 636.232344198117, 0.5386604323974363, 5278.044235680325, 571.5627957443658, 2.2252098428436105, 0.06291228646598707, 0.0978804761646243, 637.2899092094328, 0.5382430305704025, 5281.777431277135, 571.9356185161981, 2.072944364585325, 0.06290451687359765, 0.09784279990623924, 638.6418419469373, 0.5382825406435897, 5281.101004853917, 572.3505216065498, 1.8933698018116647, 0.06289561432811391, 0.09782736815339754, 640.2483642260491, 0.5382593970082231, 5282.013439646821, 572.816376925756, 1.7090205642060772, 0.06288662549475091, 0.09782272123564535, 642.1510845338788, 0.5389029169081019, 5286.779948693965, 573.4010313931401, 1.5024446144449723, 0.06287755777535527, 0.09783498184837022, 644.3486857190964, 0.5388866173519058, 5304.543939875263, 574.0968672339499, 1.2796951600139315, 0.06256684904776613, 0.09779919900234187, 647.1801878639322, 0.540019535322778, 5322.205007898391, 574.7336229059882, 1.0451960627055172, 0.06255676114302007, 0.09785714602039045, 663.1122284748632], "obs_std": [10991.408822864154, 557.2067581495097, 23.678059937438647, 1.6088493054539263, 0.11127096366326304, 531.3756192935856, 0.7709835825124904, 10994.020517514144, 557.2205909950708, 23.049422710966834, 1.6088484910359566, 0.11055509413587006, 531.3173841836758, 0.7716258295405973, 10984.202121047078, 557.2076167139577, 22.216046960289436, 1.6088476808387586, 0.1100206908477546, 530.8410933173277, 0.7716724372713311, 10992.910993054524, 557.0859735537266, 21.05686945002662, 1.608847071912804, 0.10883456990425816, 530.7438221661579, 0.7669639370475494, 10990.99852787457, 557.1043550515848, 19.575221248471664, 1.6088461851434976, 0.10858604892090436, 530.1836540130507, 0.7626997524514619, 10982.90897203729, 557.1269157156183, 17.915693448821497, 1.6088454762060573, 0.10768512381128882, 529.795160042453, 0.7634166574639099, 10992.71471602221, 557.223222736325, 15.953950933006004, 1.6088446814579958, 0.10682146474032726, 529.8598112393884, 0.7575135020207128, 11005.585876532414, 557.5789420398305, 13.53515768433813, 1.1380602754969344, 0.10615646280105338, 530.4885899760073, 0.7571666818805307, 11028.62650750914, 557.8511783713265, 10.302384133432613, 1.1380589566307573, 0.10557213601921298, 537.9918209640982]}