{"obs_size": 14276570, "obs_mean": [5199.740859056886, 560.2632251304059, 2.619537956245793, 0.06474523423154832, 0.09879037211438078, 627.6023322443272, 0.5510305857079073, 5204.29213366835, 560.6393651276181, 2.502352035537948, 0.06473812684041723, 0.09877834075656869, 628.8315923165909, 0.5512383118634223, 5204.726914624659, 561.0602365974461, 2.3577902115143905, 0.06473019194926342, 0.09877779857066588, 630.1167703142497, 0.5514093170838666, 5207.561562746552, 561.4869018258588, 2.1829204073527464, 0.0647220278531955, 0.09877225595783883, 631.7083520304935, 0.5513995472301831, 5207.082913468676, 561.9054763153894, 2.0021445627346064, 0.06471351624088251, 0.09875902320592449, 633.293331668601, 0.5518217360332319, 5210.760819041725, 562.5126218692584, 1.803883705960185, 0.06470457704603387, 0.09877643856507597, 635.1497351853619, 0.5523612914026296, 5214.124519354955, 563.0771686056244, 1.5902510196776958, 0.06439480052520304, 0.09876207231400876, 637.2274049696289, 0.5527952850019268, 5216.922768849061, 563.5572898812529, 1.3654254488297959, 0.06378389024892478, 0.09876465775680088, 639.6887122322344, 0.5540137571559597, 5220.398049148495, 564.0462949433933, 1.1169068620824187, 0.06377356108996023, 0.09883295373244444, 648.2396279127212], "obs_std": [10895.521228896057, 557.1684223896627, 24.34666925694693, 3.0077307560253868, 0.1157857831077026, 527.1078128367571, 0.7767609054227463, 10904.896685983023, 557.1519370321128, 23.604175291711652, 3.0077304386871226, 0.11462299563379368, 527.0196867452563, 0.7785127307559447, 10902.034336163832, 557.24328511677, 22.55512487019371, 3.0077301060075823, 0.1143409231664428, 526.7286088006505, 0.7793637729846912, 10905.385195378589, 557.3274563317759, 21.29251763497618, 3.007729795336189, 0.11389134207893507, 526.6310412709084, 0.7723599275956604, 10903.534972613015, 557.3013212182084, 19.811526344346742, 3.0077294803260037, 0.11276965117126034, 526.3327537852545, 0.7736709282589467, 10907.255073349488, 557.4181244018107, 18.071348149328138, 3.007729087566671, 0.11108163474886568, 526.2402611841004, 0.7754570161329736, 10911.874010628233, 557.4532790302738, 16.03619614102161, 2.784667680713692, 0.10883368672748979, 526.0860342347247, 0.7712842194937848, 10916.317991743796, 557.3763150092412, 13.62478250643816, 2.2738190297680894, 0.10806564716955856, 526.3128643521668, 0.7744387690341968, 10916.622987473036, 557.2659565999463, 10.303873447299233, 2.273818316167028, 0.10754520630595923, 526.6732026778581]}