{"obs_size": 14251917, "obs_mean": [5238.085582109895, 565.3452459763834, 2.3252116890661094, 0.06338482352073262, 0.0999935469333704, 625.6699534769019, 0.5368355271083756, 5238.005267230026, 565.6419069097863, 2.2386226358180443, 0.06337768107568462, 0.0999965807364025, 626.6032939667876, 0.5368525425737359, 5242.984360406881, 565.9449240407449, 2.13637190000475, 0.06337033341747132, 0.1000248894021072, 627.6516733612289, 0.536977311332916, 5239.969037802207, 566.3061130653512, 2.0121508566180952, 0.06336225473289851, 0.0999989781879177, 628.8797345037827, 0.5372627417771126, 5244.9603020159675, 566.7321194054107, 1.8561185839069927, 0.06335412019205039, 0.09999398808693585, 630.2684213169813, 0.5375545645543587, 5244.6501524452915, 567.1021485039521, 1.673652533901229, 0.06334535979504555, 0.09998514920217418, 631.8572926218043, 0.5376379704568773, 5246.948888505342, 567.608632579042, 1.4832723906545344, 0.06333606785354733, 0.09997383468581773, 633.5471653980219, 0.5379965674792988, 5252.356028648565, 568.1857971106624, 1.2727637271533367, 0.06302568877899978, 0.10001382250935183, 635.4535248737848, 0.5380855211968895, 5253.089241132014, 568.7001945773329, 1.0440243933500315, 0.06301567683197525, 0.09995928793901815, 646.1794447032854], "obs_std": [10926.492090852536, 554.7338387758401, 22.738154402426897, 1.6095532337093825, 0.11873985732247647, 523.4447533163021, 0.7589091648906664, 10924.565572481908, 554.7958562515417, 22.162466742519634, 1.6095522361411345, 0.11846221591566611, 523.438783639312, 0.7549000356160748, 10935.260579107084, 554.6576585464551, 21.45372506984253, 1.6095514228174117, 0.11740083124912905, 523.1231853455952, 0.7549399595945987, 10921.0263278217, 554.8063032261889, 20.54104955034605, 1.6095505483331347, 0.11635444745799667, 523.0108591285116, 0.7562125808628174, 10935.294321328658, 554.7635289753104, 19.201914584624102, 1.6095498362102312, 0.11603563357547325, 522.9382754879533, 0.7569870187337407, 10931.785900720657, 554.6536404545541, 17.561878330393156, 1.6095489914341838, 0.11470236347730085, 522.8097442513116, 0.7563687189612026, 10934.646467188044, 554.6556317004481, 15.657712118286984, 1.609548068558661, 0.11216944076375213, 522.457282403961, 0.7509341548392646, 10946.54288482673, 554.6537833968786, 13.27456446650373, 1.1385729243744465, 0.1115669885518829, 522.1255648804066, 0.7489895375042069, 10936.03587387534, 554.619428270902, 10.043473150930396, 1.1385714568186187, 0.11106598032806991, 521.7532071650205]}