{"obs_size": 14276570, "obs_mean": [5181.304719694792, 562.067387264588, 2.62394867954978, 0.07070846227042592, 0.1018686592751626, 626.6932615618962, 0.5627306318674894, 5183.618314833992, 562.4192500719711, 2.505505383996296, 0.06979654543788191, 0.10188251395580332, 627.8423516951608, 0.5625121938953378, 5182.0517898072885, 562.8184332090972, 2.3633291469869864, 0.06918475604722316, 0.10190038470907296, 628.9659412976621, 0.5628836986755602, 5187.723328929048, 563.2308294639399, 2.179586203128623, 0.06857337569550018, 0.1018950515613343, 630.4191077698127, 0.5621710763860251, 5184.807117824663, 563.6873085762196, 2.0056818969822583, 0.06735924689278343, 0.10184444602786276, 631.9687290037691, 0.563289125959558, 5190.911631880619, 564.2467863079156, 1.7996269412050654, 0.06644552153578223, 0.10194541947155458, 633.8783047520012, 0.5633673456579904, 5192.325933366953, 564.8385258503968, 1.5885524324119868, 0.06613312519072195, 0.10199030648650208, 636.3805053262746, 0.5652807174973011, 5194.025088622649, 565.3397201148455, 1.3628226527800444, 0.06552041483508278, 0.10218370387684261, 639.8803770292194, 0.5698163350861225, 5221.048963089729, 565.7259095146803, 1.1087434867058403, 0.06490619099896539, 0.1025576924595338, 659.9539746509574], "obs_std": [10899.377476275085, 557.2644973872945, 24.47402166586085, 5.796174465539932, 0.1476933705245917, 531.52653845013, 0.8785042541436352, 10900.8357574508, 557.2303968695825, 23.73011282571783, 5.451556206668857, 0.14726135975846327, 531.269988948005, 0.8759527565191378, 10903.85218030485, 557.2971227614361, 22.671454361104043, 5.2091597937270535, 0.14775149861496029, 530.7079846891153, 0.8781066009166275, 10907.397463761436, 557.3521130132722, 21.402985831228936, 4.954919504368995, 0.14698122944681707, 530.4307995928937, 0.8661021976532804, 10906.924221728676, 557.3455512021325, 19.924777879114313, 4.402611424890013, 0.14564946684667665, 530.0732415036997, 0.8732808007834998, 10913.485343206841, 557.4311658049727, 18.181519794462954, 3.9378680305277753, 0.1454939792155398, 529.9608940995555, 0.8653198477201234, 10909.195167247399, 557.525303999017, 16.135079424631613, 3.770244260732816, 0.14406769893358398, 530.1521350718565, 0.8624103826008789, 10915.919397091968, 557.5315565254162, 13.719437850785853, 3.4103697710549516, 0.1451730322086937, 531.7080683073159, 0.872268139411927, 10919.217562520686, 557.576583952207, 10.366346383236884, 3.0077396827841536, 0.14811613983792377, 548.9632971807156]}