{"obs_size": 14251917, "obs_mean": [5265.172226209829, 569.5112179645727, 2.2885411836176144, 0.06298940305989119, 0.09869776675432516, 638.2365177391927, 0.5455756309835778, 5266.488198792246, 569.789830308442, 2.2048217092479554, 0.06298172587463947, 0.09867829142577844, 639.2552134006919, 0.5459818622996903, 5271.563638709262, 570.1453184859273, 2.10108001611292, 0.06297375462277205, 0.09872150530051574, 640.2893280209724, 0.5460381032952005, 5269.161093522903, 570.557162380331, 1.9767189213914167, 0.06296507312708269, 0.09872233639179986, 641.3135543924784, 0.5456453135392623, 5270.98219664717, 571.096336794552, 1.825459831123069, 0.0629563809205535, 0.09870186360908438, 642.285834251347, 0.5456278980575484, 5272.879432560247, 571.5708013174649, 1.6388916662930326, 0.06294697867999878, 0.09866424947591257, 643.4734290281554, 0.5452863188159582, 5274.718775884518, 572.2169279402906, 1.4555117041447827, 0.06293724877383937, 0.09867110946464212, 645.1701235477702, 0.5459829040542858, 5280.308500367564, 573.0105321270114, 1.2443694416687945, 0.0626264161197488, 0.09871408260208209, 647.5780783162895, 0.5457072551012232, 5331.632554095461, 573.6729669419208, 1.0229852587550152, 0.062615892957426, 0.09867782870935808, 669.3245842102453], "obs_std": [11005.060179262504, 557.2442694914776, 22.613390260285087, 1.6095504598276091, 0.11929736480779171, 535.9849179095462, 0.8076414479006649, 11007.622851739221, 557.3053590397664, 22.03191805259993, 1.6095489287077946, 0.11880681415886594, 536.0208538720757, 0.8054561691687153, 11022.007652775414, 557.2173103975178, 21.31064369699524, 1.6095479785305955, 0.11783944818616543, 535.6358455493059, 0.804586163327065, 11003.741479112612, 557.4033922919268, 20.39781439544018, 1.6095469845293535, 0.11792102951227797, 534.9960405738249, 0.8034668996150149, 11017.078753326636, 557.4977285094258, 19.054188520854275, 1.609546235039968, 0.1169444664759544, 534.057554026747, 0.8029779845069187, 11008.308297873094, 557.5396320114968, 17.41048226024057, 1.609544733282594, 0.11536828550810824, 533.042509365747, 0.7998487722142559, 11006.197423691096, 557.765903344354, 15.499124499383345, 1.609543838132594, 0.11400898538046189, 532.4607779898329, 0.7955281787549059, 11016.409803580325, 558.0653821952172, 13.113112045766705, 1.1385668774041684, 0.11306812291666327, 533.0397951546692, 0.7892416574728486, 11026.258029667946, 558.4641159357293, 9.908042658435285, 1.1385654243445236, 0.11233558861426274, 550.6399128770565]}