{"obs_size": 14240282, "obs_mean": [5277.1414204031225, 569.9494068305669, 2.127244109351205, 0.06319466837701085, 0.09796086032797659, 640.7733224620625, 0.5421506508087832, 5278.050405301533, 570.2216915367266, 2.042045445448342, 0.06318823348428892, 0.09797050744002248, 641.4332206062584, 0.5416402412536878, 5279.092173136353, 570.5711925508218, 1.9528186309793583, 0.06318166501373473, 0.09799297258326797, 642.3028103721158, 0.5422496358569765, 5282.092523270283, 570.9068995262876, 1.852604393648946, 0.0631741258817147, 0.0980081580846511, 643.3104768143342, 0.5420510921062179, 5280.891692567702, 571.3262287221559, 1.730445647073562, 0.06316636940729936, 0.09798798341577876, 644.2497891504236, 0.5417988478739795, 5284.262501176258, 571.7968240376138, 1.5770144158662027, 0.06315842621572484, 0.09797389250662404, 645.3226658363396, 0.541597510147667, 5286.201947064434, 572.3155733151915, 1.3953554431014779, 0.06314916692156201, 0.09794574927350459, 646.7499169373141, 0.5415044205585714, 5282.872613022317, 573.016205929068, 1.2075637266172117, 0.063139975638763, 0.09793988723516796, 648.8284249602649, 0.5418013950847749, 5338.898170482324, 573.6829683569468, 0.9984950438481485, 0.06252790750338437, 0.09792275575174725, 669.6492575858144], "obs_std": [11015.08810647248, 555.9313885829968, 21.37896500071461, 1.971820316018373, 0.11281540173675936, 535.2199460060331, 0.7797481115473681, 11014.557601266315, 555.9023981336693, 20.803731195076224, 1.9718196779663366, 0.11226097012546389, 534.4461018110064, 0.7764088400588888, 11021.304011884074, 555.8914643195275, 20.14856972767076, 1.971819115426764, 0.11135136533863339, 533.9545792946437, 0.7756576170684764, 11019.68582620709, 555.9045590816797, 19.38685775691205, 1.9718184825817318, 0.11125189915681116, 533.4008607105104, 0.773037031079401, 11022.471852432513, 555.9277990089447, 18.380931916067908, 1.971817826246833, 0.11043682813777825, 532.6229847790297, 0.7752530718457525, 11018.259789280402, 556.0259530213899, 16.957813258050074, 1.971817300552475, 0.10960706794350299, 531.7480633505713, 0.7705553680108823, 11014.50472871421, 556.18328796075, 15.108790466326974, 1.9718165237102605, 0.10856079522827548, 531.0664746398977, 0.7674428553664622, 11005.957473877705, 556.410447133412, 12.84064488472512, 1.9718158752612842, 0.10728230275745354, 530.9038402705021, 0.7618134654894263, 11031.526667154008, 556.7788134955837, 9.814244279516334, 1.1390137487244962, 0.10499238315705457, 545.2182799748019]}