{"obs_size": 14240282, "obs_mean": [5293.355397096658, 571.041164493793, 2.1247340466993556, 0.06322988247438616, 0.09802062634946417, 640.5883825852627, 0.542561698497303, 5308.537285495997, 571.2856684298807, 2.0389542847536313, 0.06322350237250335, 0.09804783076220104, 641.2359504046345, 0.5420234416004204, 5299.130074989936, 571.6192865422189, 1.9508136145056676, 0.0632167642064333, 0.09805943977345444, 642.1105237889328, 0.5425898647232272, 5304.938927553801, 571.9333157166411, 1.8510307590818778, 0.0632093165699328, 0.09808385243859694, 643.1273425980798, 0.5424732754590419, 5302.5472857018885, 572.3151942496644, 1.7295412408265511, 0.0632015588852184, 0.09806037054561186, 644.0780591606194, 0.5421652406883866, 5302.2394216913635, 572.7473021952794, 1.575841896951198, 0.06319343361726362, 0.09803777458732975, 645.1554654481749, 0.5418986419651426, 5310.073947021887, 573.2694155214062, 1.3939257663577167, 0.06318416653238432, 0.09800179253627157, 646.5619967921917, 0.5418849887242762, 5300.775919862909, 573.9318128671889, 1.2080207400387155, 0.06317485087746966, 0.09802456087990317, 648.6180734159618, 0.5422647019911944, 5359.937432042641, 574.5834232074899, 0.9988531828232053, 0.06256272415287203, 0.09799761707057503, 669.4780520436309], "obs_std": [11048.036987984955, 556.9660669898583, 21.343014598643386, 1.9718213082467075, 0.11316552585502493, 535.1140024158287, 0.7837229920642133, 11068.290117241884, 556.9318030168411, 20.7694562345732, 1.9718206784709775, 0.11267874785751976, 534.351446779221, 0.7808720216974356, 11064.363128292014, 556.8891110142745, 20.119490648999257, 1.971820099467671, 0.11242648383931478, 533.8812229399688, 0.779276152576008, 11061.725740657886, 556.8883054154445, 19.359410332194138, 1.9718194763317547, 0.1120276602420967, 533.3596367879845, 0.7768335078701234, 11062.956725956465, 556.882256096719, 18.35534169079985, 1.9718188170450395, 0.11120317174792942, 532.6316790323791, 0.7773911732321871, 11055.28400798497, 556.9380298533773, 16.930284421343, 1.9718182390580987, 0.11007119020267081, 531.7661767655223, 0.7727632380992919, 11059.087897980118, 557.0930492063653, 15.082222180852622, 1.971817453275388, 0.10888547019008371, 531.0474282291696, 0.7700705215227535, 11045.03662627275, 557.2640825943035, 12.822542785974239, 1.971816774841719, 0.10798734862402887, 530.8271707962215, 0.7665969504822812, 11067.560774967931, 557.6172610229994, 9.801595906549222, 1.1390153216967787, 0.10556602766703899, 545.1945447575488]}