{"obs_size": 14276570, "obs_mean": [5232.927801745079, 569.2860948393065, 2.622730179587954, 0.06397620962514791, 0.09808217123517787, 633.9770289771315, 0.5385967427050338, 5236.299174927274, 569.5560493872127, 2.5023411785884146, 0.06396882992035884, 0.09810004620780792, 635.1150768827471, 0.5384663333700191, 5231.2462341140035, 569.9446444068849, 2.3517711186930756, 0.0639608005385816, 0.0980930238646262, 636.3617627958214, 0.5384377028236147, 5239.642954275939, 570.3032975707752, 2.1740677907928867, 0.06395238039915034, 0.09807847418357502, 638.033200907215, 0.5383314810910794, 5232.417344775113, 570.7821804537084, 1.986771192240153, 0.06394376784788632, 0.09806430676682196, 639.7842363120358, 0.5387877790674118, 5239.055399454622, 571.3904671780406, 1.7830011690483079, 0.06393425744300614, 0.09804821529611203, 641.9721301679999, 0.5393084922359106, 5243.527884119126, 572.0508282451597, 1.5623650498684207, 0.06362377986358773, 0.09802242993506166, 644.8120089044659, 0.5402670772461732, 5246.268589321156, 572.7087799800652, 1.3282233057380028, 0.06331321031172718, 0.098047768983377, 648.3800504215417, 0.5423496311789574, 5289.403116466439, 573.319729248692, 1.070007571846739, 0.06330188926045235, 0.09814496763809549, 661.4893802621999], "obs_std": [10919.279420433804, 556.008974725989, 24.718815425799246, 2.5421050563120606, 0.1149658137707324, 532.6758158321892, 0.7712240514197831, 10923.137411636686, 555.8749259499255, 23.96370989674852, 2.542104645072163, 0.11363247566720208, 532.1267928515673, 0.7706291360649784, 10917.815268098371, 555.8861982725705, 22.899494519737974, 2.5421042570427796, 0.11360426754554061, 531.6252676429615, 0.7718333402372624, 10926.247730030671, 555.9018148504148, 21.624795699773095, 2.5421038392187927, 0.1128429684285912, 531.4129317624842, 0.7637555612619499, 10916.325702205875, 555.9143589841661, 20.130837739604946, 2.5421034732686856, 0.11191873366580304, 531.1185395661034, 0.7649936535249752, 10924.793228210236, 556.0340871384159, 18.36602955392059, 2.542102842640227, 0.10981726884634714, 531.2075624338669, 0.7647758631325973, 10924.866521617249, 556.1955865275596, 16.2989888261221, 2.2738130282841293, 0.10747326103487716, 531.5557895094591, 0.7612062463515673, 10934.05892325728, 556.3523039491914, 13.845379166878041, 1.9693055035897558, 0.10726636367255014, 532.6672519970601, 0.7668828380815914, 10957.971496578937, 556.5811076287572, 10.434181462650532, 1.9693044836933238, 0.1065897523175879, 538.7162828454921]}