{"obs_size": 14276570, "obs_mean": [5178.363153722197, 558.0810668809104, 2.6478395721101076, 0.06482616665320115, 0.09945542687543325, 625.4638939016434, 0.5572639807740857, 5181.020487585575, 558.4618174393429, 2.5309035013312022, 0.06481855759262142, 0.09942651904070782, 626.7275825966565, 0.5574742712710302, 5182.017413497528, 558.8926086588026, 2.3876596409361635, 0.06450909231328623, 0.09944184540334279, 628.0001990290365, 0.5576666309904922, 5184.951265720591, 559.3136841692368, 2.2107974814678877, 0.06450038344820168, 0.09942524020482511, 629.5817329832464, 0.5575298566812578, 5183.6989937899725, 559.7415786144711, 2.0330301325878697, 0.06449165420196121, 0.0994229049095131, 631.197877111333, 0.558238815275651, 5188.573133238436, 560.3165052950393, 1.8338476959101522, 0.06448236092619537, 0.09944573636482787, 633.0804649224538, 0.5586153817058287, 5190.405261098294, 560.8845710139059, 1.622148947541321, 0.06387133652789827, 0.09943980837589146, 635.1645112199867, 0.5590732965971443, 5194.787715415032, 561.3621940003795, 1.397712055486717, 0.06356113636966661, 0.09944695832150247, 637.6467703072962, 0.5604404188120798, 5197.268155652045, 561.8362631220244, 1.1473746144907353, 0.06355031276826943, 0.09953878896688786, 647.0334686697109], "obs_std": [10879.706064482927, 558.2796592874187, 24.33997290030214, 3.0077414585368496, 0.11801914347940731, 526.4352197673331, 0.7887174157862734, 10884.094973812977, 558.2679324823582, 23.599674269703176, 3.0077409426600825, 0.11656369823289668, 526.335409709546, 0.7894960865008632, 10882.652668702405, 558.366672429533, 22.551265229982032, 2.784679853956936, 0.11659164786913966, 526.0417749193382, 0.7905826550353747, 10886.501257378068, 558.446283060973, 21.29038386332349, 2.7846791449016224, 0.11587382214022032, 525.9433584350763, 0.7832771573716301, 10882.586286865522, 558.4092816690027, 19.81545717878248, 2.7846787759073433, 0.11497608460979572, 525.6815535252638, 0.7862765411557033, 10890.062066096252, 558.5012270951394, 18.0793185763341, 2.7846781655432333, 0.11328937835161049, 525.5825103957071, 0.787665274956648, 10889.867782991229, 558.5515148502591, 16.052250366289705, 2.2738315085788496, 0.11136070055048428, 525.4654225284941, 0.7832097040889592, 10898.499818407226, 558.4635317093382, 13.648846945151952, 1.9693270276549453, 0.11041917787462159, 525.7397383319842, 0.7866500951063095, 10896.19814667861, 558.3616743548954, 10.339328529106, 1.969325706448455, 0.1102777325877176, 526.5289795224895]}