{"obs_size": 14264008, "obs_mean": [5270.6784532566235, 573.3056957763905, 2.4659737291229793, 0.06285039525784951, 0.09743468430247681, 638.739820784357, 0.5348817134006619, 5267.856648022651, 573.5488549922294, 2.3662045758807766, 0.0628434861305552, 0.09748862517905292, 639.9191992895704, 0.5351971924020719, 5264.079906010756, 573.8556407147275, 2.2436883798719127, 0.06283583234201279, 0.09746256374667002, 641.0904701600914, 0.5349148152469266, 5271.623622615397, 574.2102245736261, 2.0905275712128035, 0.06282794146512888, 0.09742240603931238, 642.5455262030049, 0.5350123301249354, 5270.890194507346, 574.6818924947322, 1.9099774761764015, 0.06281912742338125, 0.09740922424300463, 644.1674854198021, 0.5350749406478634, 5271.131991350426, 575.1838594734382, 1.7229587224011653, 0.06281015244033297, 0.09740240402718632, 646.1282996283077, 0.535759000485749, 5278.836347446499, 575.7886424348613, 1.5139250482753515, 0.06280112519196063, 0.09741379003089531, 648.4010662088793, 0.5359337951858087, 5287.047612387634, 576.546322744631, 1.2875948330931952, 0.06249057388534321, 0.09736640977304518, 651.3205259510934, 0.5370333736493047, 5315.607134337977, 577.190897397141, 1.04636705195342, 0.06248050177671841, 0.09741365058124042, 665.1798488021481], "obs_std": [10941.909346949042, 557.3266278501272, 23.84393833229504, 1.608843304008373, 0.1104691679289056, 535.1789750070039, 0.764309662223735, 10948.811991992745, 557.3548515045084, 23.216494813877862, 1.608842558396384, 0.10973814531078356, 535.2216825156715, 0.7645932413173055, 10944.599700268904, 557.3476194906726, 22.3885308364037, 1.608841787828582, 0.10910988929411757, 534.9469127011279, 0.7646326111352834, 10954.832445214888, 557.2347849341573, 21.239949333614472, 1.6088411092971755, 0.10791624469266262, 535.0516902244318, 0.7608149009940375, 10954.569213508492, 557.3347101690862, 19.75991971373251, 1.6088401976537905, 0.10764018201607548, 534.6364050989768, 0.7564863832742788, 10950.309606576157, 557.4141709317361, 18.099883326178535, 1.6088394640064465, 0.1066420865253901, 534.516322215079, 0.7576831815179599, 10961.604390279523, 557.5591925288882, 16.14135916165204, 1.608838675494015, 0.1059407950674438, 534.9318031041985, 0.7524298760471181, 10963.861464247158, 557.9625487871232, 13.73094401072261, 1.1380518339138386, 0.10502964081739956, 535.7264196938214, 0.7529845263991578, 10998.078212656867, 558.2808857342823, 10.477508612815496, 1.1380505132723555, 0.10461333922845799, 541.4852723726099]}