{"obs_size": 14240282, "obs_mean": [5302.914125940172, 565.9934700731347, 2.092251824788301, 0.0625504836960478, 0.09551843665209717, 629.8673559901923, 0.5217087370179844, 5303.818832548364, 566.3039605535901, 2.010563414404294, 0.06254476684001925, 0.09551228462112026, 630.6788864036545, 0.5218141349307455, 5307.480510459022, 566.6152326899146, 1.9181566769534477, 0.06253871066697435, 0.09553401167252201, 631.6349484301019, 0.5221358631100115, 5306.52816652936, 566.9397140449888, 1.8176662512722712, 0.06253199755967769, 0.0955321261631623, 632.8274023440865, 0.5222217098650072, 5310.272534148412, 567.2409148217711, 1.6937914572197377, 0.06252483422492067, 0.09552394696298921, 633.9717187957305, 0.5223851992537696, 5310.600465311367, 567.6108071455325, 1.5361266722105644, 0.06251727911435466, 0.09551270632217913, 635.4221603004711, 0.5223886008015823, 5312.032118898387, 568.0098352687118, 1.354889882096436, 0.06250882289909154, 0.09548539653336917, 636.8659844847605, 0.5225188897242312, 5313.655739263403, 568.5091891438666, 1.1593961411719234, 0.06250016887229633, 0.09549489722668363, 638.5404734914667, 0.5226549247409493, 5316.384192656785, 569.0550567046355, 0.9500959320889854, 0.06188861256435199, 0.09548958947034958, 647.9044162080473], "obs_std": [10944.895530595291, 550.4838026045569, 21.405350353333944, 1.971815558255491, 0.10794066047501978, 522.8099640006285, 0.7393786707237966, 10945.796734231484, 550.4819254441229, 20.832554809956186, 1.9718150583492207, 0.10747957363401381, 522.5946080121043, 0.7395338281766415, 10952.349096662574, 550.42693383116, 20.177946145638504, 1.9718145846857715, 0.10631341395917485, 522.415152997851, 0.7371614712329927, 10946.957444249025, 550.403077567383, 19.41952452382804, 1.9718141154746431, 0.10635802197483601, 522.426718071898, 0.736214230880184, 10953.569333077967, 550.292999361356, 18.408459102088877, 1.9718135726648562, 0.1054064722903152, 522.345795329864, 0.7389633203598249, 10949.48034905803, 550.2248906012959, 16.981121887408534, 1.9718130882978773, 0.10433186329244559, 522.1918903467048, 0.7347495082124886, 10953.496006203168, 550.1956515663311, 15.120437181228112, 1.971812534934335, 0.10307310706121457, 521.9100513976114, 0.7327746845871191, 10951.349518352625, 550.1454127942995, 12.823521446167922, 1.971811974831731, 0.10206738842640972, 521.6258773127494, 0.7278581030768715, 10954.70078997012, 550.1363375843528, 9.77183013479693, 1.1390068236334883, 0.09984162805229517, 520.9767879687191]}