{"obs_size": 14276570, "obs_mean": [5287.758805599922, 577.938061453136, 2.522173603323487, 0.06370431106379866, 0.0962936199147277, 634.1726204056071, 0.5172636584978046, 5289.668544336598, 578.2999311459265, 2.40519879775044, 0.06369752169884611, 0.09628541009332094, 635.3689250907344, 0.517482564999856, 5291.039912318646, 578.7104775166584, 2.2552110205742695, 0.06368991193200439, 0.0962912716815038, 636.6148367090972, 0.5175726031532815, 5293.787616071873, 579.1150161418325, 2.0831719383577427, 0.0636820327195605, 0.0962871009156962, 638.1523637949895, 0.517501028888592, 5292.897357505723, 579.560138114407, 1.8971675269339905, 0.06367381268736794, 0.0962711505168965, 639.6944087957191, 0.5176225086978163, 5298.173476154505, 580.1465791152916, 1.6981527075481015, 0.0636651069213471, 0.0962514386052117, 641.4964568924697, 0.5179918629614845, 5299.860376189705, 580.7132767884723, 1.4828851748003897, 0.063355636381995, 0.09623236254716656, 643.4781117211353, 0.5181009951970267, 5304.5221418344445, 581.2218151838991, 1.2534425285625328, 0.06304584099668845, 0.09622079986229289, 645.7247838858148, 0.5184833237255203, 5307.199094005071, 581.7456230032844, 1.0043059362297806, 0.06303560842345844, 0.09623316910511451, 652.5884718778119], "obs_std": [10847.947114130951, 560.0404431616566, 24.41259050868491, 2.542100115306976, 0.1101360213319409, 527.8110019099405, 0.7347394273832293, 10849.915851608594, 559.9734106379766, 23.66198312134889, 2.5420997679874646, 0.1087736495785202, 527.6706251659413, 0.7361732067662475, 10849.727645946454, 560.0159774390711, 22.601243162060772, 2.5420994147404583, 0.10858775437642337, 527.3123291735592, 0.73812291554643, 10852.886196405025, 560.0335324126288, 21.326299068941758, 2.5420990570925786, 0.10816031577855766, 527.1520306193066, 0.7307149234304406, 10849.819231110418, 559.9597565049272, 19.830891612734696, 2.542098699802891, 0.10696307550715321, 526.851636859136, 0.7328663351318622, 10856.907075385025, 560.0227862161298, 18.07247999956134, 2.5420982446215783, 0.10502012737383082, 526.6057505903543, 0.7330303984930338, 10856.559200637557, 560.008981508219, 16.009581647453793, 2.2738080040153634, 0.10266406893303541, 526.3230871552628, 0.7285346812027196, 10865.90630159905, 559.8972694782752, 13.566280745560503, 1.9692998320670134, 0.10183437598929365, 526.3544103569154, 0.7297736407977126, 10863.350489544817, 559.7434239238328, 10.188709914893707, 1.9692990054664168, 0.1007202864565151, 525.4017531272082]}