{"obs_size": 14289583, "obs_mean": [5209.545140369862, 566.4102193185064, 2.7691523258586344, 0.06713244082637723, 0.10000455868957113, 629.8020247251931, 0.5504756812707888, 5214.68957125037, 566.765764683266, 2.6209136403770494, 0.06712324341795742, 0.10001090355442768, 631.0405458183999, 0.5506115649421403, 5214.721705917105, 567.1508035608877, 2.4429265710552923, 0.06681306532738585, 0.09997336580612655, 632.4178593598341, 0.5505712244367591, 5218.062267053044, 567.6229551275219, 2.264732077905982, 0.06680345646497188, 0.0999757481764161, 633.8254217807419, 0.5512246589001668, 5215.875401832417, 568.1629591990193, 2.0613642119577595, 0.06679304737752703, 0.10005652263890458, 635.8266990843628, 0.5510190899902802, 5220.2769803250785, 568.7393874964721, 1.849390076673336, 0.06588084273530594, 0.10006494561828735, 638.0977787815114, 0.5525604357384492, 5222.375037598128, 569.3718769819944, 1.6179130629634189, 0.06556979140714689, 0.10021419194079993, 641.1985504210559, 0.5562432958331021, 5222.917131251586, 570.0065611431767, 1.3657619680014454, 0.06525703266107263, 0.10052789832054596, 647.2146029972083, 0.5709167679701144, 5265.348465829428, 568.5402646809217, 1.1246815949772642, 0.06374091079390481, 0.10167673301166379, 659.0667976087198], "obs_std": [10910.260551090138, 557.8232421658166, 25.526634952747195, 4.400605516154667, 0.13060357426485983, 534.8353285534547, 0.8541137794083078, 10928.408246298028, 557.7391670917542, 24.532335163459745, 4.4006051432346585, 0.1286685272110587, 534.3202122537184, 0.8538303054727009, 10936.762640069966, 557.6965294743493, 23.37101080401562, 4.251404261648938, 0.128480101478386, 534.0482254226031, 0.8496339672681411, 10927.176461140405, 557.7567142192972, 22.0602495313126, 4.2514037553621735, 0.1278952721796057, 533.3453350622522, 0.8460178506784454, 10934.08897074131, 557.8151730521206, 20.49535100536441, 4.251403480165998, 0.12804695173781838, 533.2043268361529, 0.8403788364234678, 10928.471123782449, 557.9389377302772, 18.72219540369229, 3.7685251470695786, 0.12640997142846902, 533.1981729783765, 0.8359429471149852, 10927.547254953472, 558.0587616642914, 16.61202318577697, 3.5931739608208852, 0.12773960345079322, 534.0718173142183, 0.8494814768974759, 10933.272809178365, 558.3610914418939, 13.998000212725065, 3.4088136146509687, 0.12937752920107806, 537.870936217669, 0.8929454233941784, 10951.30509313656, 557.6278849345626, 10.639077794271458, 2.272792604945723, 0.1370303981043896, 548.8702345705625]}