{"obs_size": 14251917, "obs_mean": [5239.108168274923, 565.6240216666993, 2.307495125041775, 0.06683319184430593, 0.10045332581294157, 632.6771974182838, 0.5560793464486551, 5244.019608351104, 565.9085900514295, 2.228846547450423, 0.06622171334951808, 0.10045932500476988, 633.6412627414221, 0.5563986591418155, 5246.315456301512, 566.2590252244663, 2.1222098753451903, 0.06561108482908795, 0.10047479724734645, 634.646973681132, 0.5562643233889545, 5247.954028010702, 566.6609733974735, 1.9984314390828966, 0.06499934636864053, 0.10048567437327996, 635.763717818028, 0.5560749521626076, 5250.8839182811535, 567.186591951104, 1.849550204368998, 0.06468867149563921, 0.10049235449827507, 636.8378162966649, 0.5562708622286034, 5250.927059116812, 567.6616260816002, 1.660001107219471, 0.06437749422053973, 0.10047079123454072, 638.1589189429056, 0.5557938267532976, 5255.437110276776, 568.2597270949587, 1.4811232762582045, 0.06436716257883836, 0.10045675881307684, 639.8774471994105, 0.5568446303750252, 5256.329702522101, 568.979205323747, 1.2689228403449164, 0.06345327044657344, 0.10053841512380483, 642.1159309688128, 0.5566052448944533, 5297.716814777952, 569.5992491396069, 1.0494810627931668, 0.06283940856855373, 0.10051939136110526, 665.721184281571], "obs_std": [10996.564559919343, 557.4300579613283, 22.59051204797761, 4.25701784760609, 0.13338401763626284, 532.9002273985037, 0.8526745376365346, 10999.63468544813, 557.5208086843361, 22.0187238862685, 3.9412696015961783, 0.13376256735398545, 533.0170916374045, 0.847822254014592, 11014.633141602984, 557.4210027563439, 21.291562147559006, 3.597918244567845, 0.13201765583671804, 532.592651322559, 0.8464067882096221, 11001.013538907488, 557.6167330643009, 20.37487556238616, 3.218139837872476, 0.1325341153735049, 532.1938205763067, 0.8448483607083739, 11019.515316887215, 557.705767859026, 19.030484760000725, 3.010336314840165, 0.1322058490591303, 531.6007713597702, 0.8432517692369533, 11010.331766675143, 557.7480751255438, 17.3894343094938, 2.78708166679408, 0.13144508460665616, 530.9548249213657, 0.8382065985577815, 11012.840564212967, 557.9291044561536, 15.488106083274046, 2.7870808696422293, 0.12891742434794912, 530.5269717729008, 0.8375496779725464, 11018.129029213398, 558.1367722914204, 13.115289627885272, 1.9710234442025956, 0.12960957999265138, 530.9065194300215, 0.8292207749814796, 11022.570019723813, 558.4339371027802, 9.935833495101464, 1.1385684846522077, 0.12831696871876438, 550.4450533147126]}