{"obs_size": 14276570, "obs_mean": [5240.377464790059, 570.6245463721326, 2.6037976208571108, 0.064434101537351, 0.09892010564750532, 635.3541455736247, 0.5443401553034437, 5248.015112654202, 570.9473833000503, 2.48483732437133, 0.06442614589975733, 0.09891147797734336, 636.4965579817805, 0.5439370303931889, 5246.470922479726, 571.452462671356, 2.335344764183554, 0.06441763503860512, 0.09890778829929063, 637.6111001356741, 0.5438772932854662, 5253.952780397668, 571.8680461063127, 2.1562260402883884, 0.06440866330701975, 0.09887243997241657, 639.1099165644096, 0.5435592456031514, 5249.2940583247055, 572.4692770042103, 1.9730121450740619, 0.06439948243864596, 0.09887588516688545, 640.7069463092788, 0.5441799098803514, 5253.672307797687, 573.1713322597794, 1.7678987319783392, 0.06438982653859432, 0.09888713807700379, 642.7086947303133, 0.5443308791257694, 5257.711102131714, 573.909919609542, 1.550787409020514, 0.06407874729231894, 0.0988667734951044, 645.3403718386548, 0.5454652814366918, 5256.582489335568, 574.6536466392137, 1.3207816723484702, 0.06376759508510067, 0.09893119692097, 649.0684913280076, 0.5484705492986486, 5310.5729294182465, 575.190862230914, 1.067497375069782, 0.06375564114329262, 0.09912357364997372, 665.3656631310785], "obs_std": [10969.147086166391, 560.332091108672, 24.59573096101214, 2.784673603040483, 0.1200808396075124, 536.8238924191559, 0.804907795720361, 10976.09716034003, 560.2660986636819, 23.842248620596987, 2.7846731367906563, 0.11893973553234688, 536.2103361186472, 0.8026002574710572, 10981.080558651149, 560.3916677006915, 22.771406128192925, 2.7846727274591103, 0.1188744806512182, 535.4317852168804, 0.8054077657707854, 10980.799821060988, 560.4838824975186, 21.491504735866027, 2.784672253649731, 0.11896808127030292, 534.916672374984, 0.7955017586497888, 10978.230318150074, 560.643945544461, 19.985718631885547, 2.784671817048705, 0.11794908097698852, 534.3783250756995, 0.7980455156694446, 10979.731940542895, 560.9152330148252, 18.223581923254216, 2.78467131726092, 0.11554030049029654, 534.2295154692038, 0.7960300301041011, 10976.300242947349, 561.2021798641388, 16.15117942358376, 2.542111910605217, 0.11321037054379948, 534.395985218126, 0.7931943069434508, 10979.103332834768, 561.4872776944633, 13.717250561897812, 2.273823080376627, 0.11333067889821145, 536.1671222556021, 0.801875082390238, 10995.644684936899, 561.8350446998747, 10.320353529190765, 2.2738218687967757, 0.11360035223927277, 549.0898724301014]}