{"obs_size": 799948, "obs_mean": [1923.5624846906835, 412.99286203603236, 3.893225559661378, 0.07365535408300929, 0.1751827652097449, 450.0694107175291, 0.9839645914484149, 1921.9605152993422, 413.4290403876252, 3.7694925170136058, 0.0736361506772877, 0.17519940345872856, 451.2082098669838, 0.9841645869481954, 1919.0818033313838, 413.6249818738218, 3.6221554401036067, 0.07361528690239232, 0.1751609455789632, 452.5772920314908, 0.9838852350403459, 1915.023453825362, 414.0075429902944, 3.4281490796901797, 0.07359443503077075, 0.17498960223415488, 454.1595825878734, 0.983432659372901, 1913.1309397793746, 414.43674213823897, 3.2226207203468227, 0.07357290718771113, 0.17489687626070832, 456.0270093447689, 0.983529543170375, 1913.5457499162126, 414.63381244780913, 2.9969185497057307, 0.07355209201722514, 0.17465601385339283, 458.0742457276553, 0.9841589753334672, 1912.8710725713754, 415.05857755754124, 2.7668735967837907, 0.07353028671488053, 0.17458956105147702, 460.1405067329556, 0.9845291381440696, 1915.4598670929925, 415.5323121002865, 2.5128008320540833, 0.07350816744087801, 0.17431989703330752, 462.73650932726684, 0.9845876169452074, 1916.6085868465027, 416.0041127673299, 2.2451159325356147, 0.07348452423907008, 0.174207130777252, 469.08506045643685], "obs_std": [3881.118971600926, 464.51187221067744, 23.762187381811316, 0.0652613318540671, 0.22675426294064335, 371.54320106139926, 1.2397198985599887, 3877.7624516328115, 464.63751732963226, 23.068273758553467, 0.06519058751275644, 0.22688203043636054, 371.24619580023017, 1.2306872881046325, 3875.1588905561475, 464.50145722433746, 22.1971089112369, 0.0651069193455085, 0.2261272495326445, 371.5809280627892, 1.2357043368131957, 3861.3898584900444, 464.4541860700843, 21.036699225485545, 0.06503422924931772, 0.22552239723176565, 371.5364626729746, 1.2223573784285333, 3854.5933275634347, 464.522514710738, 19.66958032062853, 0.06494962969765342, 0.2248156275628156, 371.51943701038385, 1.2271013620203979, 3852.977978866327, 464.26351876296087, 18.105415879041697, 0.06487956126426765, 0.22412797327859238, 371.45019690097234, 1.2279802506203763, 3842.8972544416074, 464.40894269596606, 16.290593275993206, 0.06480343087706654, 0.22338052720148646, 370.8851303887039, 1.2309351263507042, 3845.9184344291766, 464.2510640704095, 14.044675996290753, 0.06473355733554853, 0.22161491045872408, 370.81912978934616, 1.234877492899454, 3840.2686515330943, 464.34919920210496, 11.200018446993328, 0.06465119962949206, 0.22041359401998326, 368.86252282061196]}