{"obs_size": 14251917, "obs_mean": [5233.5295707235055, 561.9876132452918, 2.3023291533342496, 0.06326646269383386, 0.09835261037950171, 631.5089455001262, 0.5467433054795362, 5232.074722612955, 562.2920454139608, 2.217509686591635, 0.06325977673734108, 0.0983427869210861, 632.42887540167, 0.5467867569674971, 5239.0937952963395, 562.6259516526795, 2.1161592507169384, 0.06325300171809276, 0.09835531957567602, 633.4828716140204, 0.546951483649534, 5235.312856575357, 562.9975810271699, 1.9945318934989584, 0.06324519939199155, 0.0983462243806927, 634.6856043212971, 0.54715470564416, 5240.3255831488395, 563.4324777501863, 1.8428707520539165, 0.06323746660586879, 0.09835491626410629, 636.0375901375213, 0.5473954110875031, 5241.279946873272, 563.8349085951033, 1.663820102236071, 0.0632291903632412, 0.09833633802196576, 637.585415002722, 0.5476048246000896, 5242.378267687111, 564.3313070796022, 1.479280085619359, 0.06322053879517482, 0.09833583577212753, 639.2122759947231, 0.5479104674830784, 5249.18108141862, 564.9168490807236, 1.2739493220455886, 0.06291069974405011, 0.09834395255171724, 641.0759631522766, 0.5481693062063108, 5247.460072805965, 565.4411647920766, 1.055140371642636, 0.06290137471247703, 0.09833832800794387, 651.8478411344468], "obs_std": [10923.36833232908, 554.491509340187, 22.4356396740152, 1.6095341913149037, 0.112774615334908, 525.5159674128126, 0.7667583660911784, 10921.150846146142, 554.5724799058027, 21.86318966307752, 1.609533317467483, 0.11219490179862668, 525.5447725286882, 0.7636429137949363, 10934.060635405198, 554.4781782867235, 21.1547608145849, 1.6095326208245324, 0.1111312360226921, 525.2656062984106, 0.7638453852687606, 10917.993462078686, 554.6449061629766, 20.24788206468793, 1.6095317943462635, 0.10972479818788866, 525.1893210532346, 0.7647453863708987, 10933.149676752635, 554.6158294715391, 18.913838739608764, 1.6095311490155724, 0.10977754489810647, 525.1252857188059, 0.7645277684156325, 10929.785255432756, 554.5469852567194, 17.28398427725017, 1.609530421058321, 0.10812769199670065, 525.0036782868173, 0.7652953328715256, 10931.58776296957, 554.5904802637654, 15.39573685503491, 1.6095297807811053, 0.10583061151722584, 524.7219947799547, 0.7594559239617231, 10944.089335362716, 554.6217551573917, 13.035135405348054, 1.1385473681867508, 0.10507397646073681, 524.5191615546506, 0.7579324678996016, 10932.154828065695, 554.6149218630317, 9.884576968777294, 1.1385462770144412, 0.10442375929059235, 525.3647888433253]}