{"obs_size": 14264008, "obs_mean": [5243.34244329127, 569.2851587716441, 2.44653641529085, 0.06528248728780359, 0.09928052117946146, 635.1480272858795, 0.5491253236818608, 5247.391346027401, 569.5484953457682, 2.346384620647998, 0.06497343579904952, 0.0993664809691643, 636.1830866927027, 0.549203300082315, 5248.629622897348, 569.9628889720195, 2.2244911107733536, 0.06466378262912718, 0.09931748803786529, 637.1485458470465, 0.5485311645226613, 5251.691321050146, 570.382077393675, 2.0763009947835136, 0.06465472130765293, 0.09930047445178104, 638.2401959776348, 0.5485649811750377, 5254.227875828001, 570.8906900500897, 1.8928599871789191, 0.06434360444765096, 0.09926705356846467, 639.5348205258491, 0.5483141150089493, 5250.755899649369, 571.4194241898911, 1.7136674348472043, 0.06403228847355713, 0.09930079225257149, 641.1193266190407, 0.5492324563334944, 5257.653520209914, 572.0030604301401, 1.5056130086298325, 0.06372149272211043, 0.09935097209143523, 642.9175885498657, 0.5487921077302165, 5257.232592775942, 572.8019436051914, 1.2867407253276921, 0.06280751472062597, 0.09932952426176407, 645.7635473187229, 0.5500663646571547, 5303.629798247721, 573.3722442528074, 1.0550479220146258, 0.06279594332028736, 0.09945653447803912, 665.854803977765], "obs_std": [10974.002828386587, 558.758900196304, 23.58559567496495, 3.411870387641033, 0.11995132805100482, 535.0534738709702, 0.8276736037000485, 10983.322555539322, 558.8140624524683, 22.95290795780495, 3.2167776696195154, 0.11921363625730075, 534.765369986396, 0.8266271045069511, 10991.946582356626, 558.882310794932, 22.1187374165144, 3.0090627877556964, 0.11908967456350449, 534.2145074824092, 0.8252809765752369, 10987.900013093044, 558.8079704315613, 20.96534732208366, 3.0090620560515022, 0.11750817783697036, 533.9072438179584, 0.8221187773430971, 10998.631814954768, 558.9035555059608, 19.481791427797113, 2.7859020917562787, 0.11717345705429807, 533.0362147620799, 0.8149150738020565, 10978.865089672832, 558.9758353674845, 17.822928859005337, 2.5432357542162016, 0.11683519893100569, 532.3211851247881, 0.8196539355095243, 10986.945024863973, 559.0685205561144, 15.866634159206829, 2.274828987121172, 0.11661078682232756, 532.0118821495194, 0.8079568158362825, 10983.413312082039, 559.4463534256658, 13.467472307296411, 1.1380903465668528, 0.11606738831965584, 532.5410410217854, 0.8084444674805986, 10994.496662367346, 559.7433631016307, 10.249159205886878, 1.1380882452137824, 0.11767668729129308, 548.9461505520453]}