{"obs_size": 14276570, "obs_mean": [5228.602244135193, 568.3524943316215, 2.5983008523756057, 0.06399950272468116, 0.09841082567878737, 634.4176996408357, 0.541630552856922, 5237.026813782459, 568.6674470128329, 2.478809405900717, 0.0639920091049251, 0.09839383912235256, 635.5008653559358, 0.5411811503743937, 5236.275672878923, 569.1402591799011, 2.3301871527965052, 0.06398399539904197, 0.09839809082629859, 636.5944272282452, 0.5410190257184064, 5239.67206173966, 569.5580747336371, 2.1519491026205873, 0.06397530043953836, 0.0983717449523239, 638.0421651845836, 0.5407043897098892, 5236.86451363477, 570.1130724676865, 1.9678499807726926, 0.06396662324452587, 0.0983644571944804, 639.67256508405, 0.5413073067971171, 5239.560780390004, 570.7778242252865, 1.7646714862183284, 0.0639570452171005, 0.09835243682915516, 641.7459193861421, 0.5415906810950116, 5243.70715895956, 571.465964163661, 1.5473942270447314, 0.06364649896810666, 0.09832851416937015, 644.4039233772486, 0.5426164963293407, 5244.369234840171, 572.1563411239533, 1.3173711892982698, 0.06333557976811632, 0.09836711481000038, 648.18845551044, 0.5451715351096705, 5297.818837541557, 572.751203685479, 1.0639617919430227, 0.06332423371699908, 0.09850972823927624, 663.7786400171677], "obs_std": [10936.459472908276, 555.9192759972747, 24.571246205372557, 2.542112436370138, 0.11708063383302944, 534.3468937631329, 0.7844809823756788, 10951.222500024543, 555.8281930513225, 23.816765146417158, 2.5421120267039496, 0.11554124627412858, 533.632938452548, 0.783202080085606, 10948.84491905341, 555.9187569050805, 22.754972265783742, 2.542111659327264, 0.11562228658738129, 532.8899086249739, 0.7840799514893846, 10946.659683210557, 555.9772132621944, 21.48005548479221, 2.542111148879777, 0.11513586532585465, 532.2624176961547, 0.7756773168287981, 10944.951201157452, 556.0454351058634, 19.978759149069514, 2.5421107677896386, 0.11458078998534038, 531.7309590849356, 0.7781677932059482, 10945.139800303516, 556.2142940633331, 18.216118514765466, 2.5421102332627665, 0.11229854072109266, 531.6512568232754, 0.7768329214708097, 10943.13098593026, 556.4150509086526, 16.160391981251255, 2.273821303728686, 0.10986996910343585, 531.7562854478231, 0.7731574131857315, 10946.307822424857, 556.5846152914014, 13.71469911346632, 1.9693150652114888, 0.10986352658112461, 533.4726442982457, 0.7795072757953223, 10960.440045164558, 556.8591287501995, 10.327533854463057, 1.969314089451789, 0.10917078614081377, 544.4678185035737]}