{"obs_size": 14289583, "obs_mean": [5238.933998955819, 563.2699535038917, 2.7419560108926904, 0.06393323976305709, 0.09589743785329469, 622.7647332291898, 0.5211330304040254, 5242.872775044017, 563.6808292446322, 2.586466868907231, 0.06392555447308054, 0.0958912514246914, 624.2011757106798, 0.5212999151899587, 5246.23997534768, 564.0654082068036, 2.4110071651496057, 0.06391757322443237, 0.09587106490301395, 625.6590048713579, 0.5215264518215826, 5245.401147129771, 564.5695693849149, 2.2209056765337376, 0.06390934664399262, 0.09586323782541445, 627.0511185890166, 0.5215849935578846, 5247.708879518546, 565.0387019691198, 2.0167685789011474, 0.0639001414150508, 0.09588655114701443, 628.9556286134232, 0.5216282130136267, 5250.656725930248, 565.5664732833702, 1.7960817331058576, 0.0638908268456194, 0.09585519066266648, 630.9039206673873, 0.5219206006221395, 5253.287574916858, 566.1309004608461, 1.557290930043235, 0.06358109031558985, 0.09583634130485069, 633.093154168506, 0.5225131179825137, 5259.5297871253515, 566.7399794661607, 1.3016134900507594, 0.06327073283867797, 0.09585939453299687, 635.6413896019665, 0.5235818465101407, 5262.890503293489, 567.1880394270428, 1.034850352176127, 0.06235915997346516, 0.09589149764188389, 639.7156749489953], "obs_std": [10835.631387299141, 549.7988404871309, 25.66393629358407, 3.0063599259991025, 0.11128167938127678, 523.4883840649551, 0.7484742179705305, 10842.542655838133, 549.7477534321426, 24.663381793298097, 3.006359543726398, 0.10993072491172155, 523.3154250852294, 0.7475420647709395, 10849.305205494375, 549.6925158313625, 23.486478940875692, 3.0063591813952555, 0.10988033489491131, 523.2550399999226, 0.7439592184073553, 10841.793173804277, 549.7264704737925, 22.159098095299818, 3.0063588658709803, 0.10858635453010054, 522.6871949917976, 0.7425083879858467, 10845.651634107286, 549.6550061354536, 20.572336210404057, 3.006358437644889, 0.10837561451044969, 522.5967160086368, 0.7396772900325679, 10849.903698709151, 549.6176219623035, 18.766083690601018, 3.0063580616682084, 0.10648477452955908, 522.3777027034827, 0.7374213191491439, 10846.948223987865, 549.5018606464776, 16.6286029398652, 2.783398020650142, 0.10480152979379147, 522.2168826551573, 0.7398964482163545, 10859.05111420432, 549.5221995018264, 13.978239956716248, 2.540948624784755, 0.10396231321507383, 522.0264348555548, 0.7367827619135574, 10861.047969729156, 549.4131454089791, 10.53367532405377, 1.6074096859108011, 0.10286211362329233, 521.4893310027671]}