{"obs_size": 14264008, "obs_mean": [5280.2058732545765, 570.1775661511127, 2.451891852556449, 0.06288277907234265, 0.09697634459970898, 626.3601273187267, 0.5260657334880797, 5279.72374149212, 570.4779114678006, 2.3515067434062016, 0.06287604769522905, 0.09702171062432156, 627.4672815401804, 0.5264200651037108, 5280.58172856592, 570.7855380479315, 2.2272970542360886, 0.06286846133577106, 0.09698537436574742, 628.637914143157, 0.5264054908690421, 5283.109259117668, 571.195172703212, 2.0704882526706374, 0.06286079029913125, 0.0969574581093193, 630.0919215729934, 0.5265511569398897, 5286.497211412796, 571.6080267201196, 1.888992560856668, 0.06285214766839237, 0.09693928991535955, 631.6998408982453, 0.5265994327821403, 5285.487966557014, 572.0557789928328, 1.6976204724506605, 0.06284330934875594, 0.0969431610318094, 633.483785818307, 0.5270848981576489, 5289.589605387654, 572.571117528818, 1.4886477909995564, 0.06283446348600816, 0.09697025362422727, 635.2976939281505, 0.5270799853028647, 5292.135499012448, 573.1633192437916, 1.2604292566296935, 0.0625242169967324, 0.09692928332282207, 637.5612121950088, 0.5275224661259188, 5297.504424952699, 573.720459494975, 1.0174077300012732, 0.06251454272173189, 0.09692906117957975, 647.2035589377545], "obs_std": [10901.84477741678, 554.1237654782577, 23.908070655111434, 1.608856126468386, 0.10933132023827256, 523.5209060812233, 0.7489422732645978, 10906.270453431636, 554.1914070420337, 23.285468551625826, 1.6088554757730806, 0.1088255040166384, 523.4899447310127, 0.7492490959619628, 10903.375622790567, 554.1723243350873, 22.445585640570506, 1.6088547820718155, 0.10822427182837392, 523.2824489846998, 0.7509436692575757, 10908.341942337243, 554.0388614932747, 21.270530828658632, 1.6088542158023318, 0.10685638075093437, 523.4210086619211, 0.7468075711602998, 10914.19307668906, 553.9776313551447, 19.7753756844161, 1.6088534753397934, 0.10654701266581625, 523.0113189430244, 0.7436478564240606, 10905.154550718411, 553.8733200415829, 18.088662782342322, 1.6088528432679885, 0.10562178679719089, 522.7660162697249, 0.7447023688502057, 10914.75767544808, 553.7698512397536, 16.116909465876176, 1.6088521780474692, 0.10504996158708876, 522.5627272368708, 0.7387604788057958, 10915.31257058562, 553.8059106053843, 13.667628888582263, 1.138071136424132, 0.10428927741757084, 522.371244301904, 0.7377834900991516, 10917.835170580754, 553.7432484713219, 10.340821772656652, 1.1380701593438418, 0.10297587486484701, 522.1907643352426]}