{"obs_size": 14240282, "obs_mean": [5268.959911474672, 568.2221026240912, 2.1390603781582413, 0.06638994042527549, 0.09965234516437224, 637.9469362728953, 0.5530756470974825, 5273.791874747245, 568.4918980537042, 2.0508226592703718, 0.0663823649944659, 0.09970505545304609, 638.3227046378727, 0.5518993923716263, 5271.980439586888, 568.8840985031056, 1.9655336179438017, 0.0660728348747674, 0.09972868668106495, 639.0540548788374, 0.5522711572004431, 5276.0944592024525, 569.1971604214018, 1.8643380095984055, 0.06606436930870628, 0.09972019666928017, 640.0813636087595, 0.5520692232780622, 5276.575173264181, 569.6273526746169, 1.7427904166504569, 0.06575404592009634, 0.09970924594892243, 641.0433476544848, 0.5516496961928502, 5276.165601153677, 570.0878187665103, 1.5917960051633808, 0.06544330839088137, 0.09969615969213301, 642.0952798352289, 0.5514895360218726, 5282.276688628683, 570.6143332695239, 1.407650635008492, 0.06483034707684283, 0.09965264244563432, 643.5256060936566, 0.5513096952013031, 5281.27252204991, 571.3260559025446, 1.2241449993757145, 0.06451819301950022, 0.09966447016702286, 645.6007981141563, 0.5521313438175349, 5330.031248972996, 571.9375666858283, 1.0138145438411965, 0.06330194831563771, 0.09967786375403256, 668.8481433367198], "obs_std": [11045.268145511747, 558.5844697195195, 21.341768172286695, 4.103857901960745, 0.12551130133570432, 536.3142306051268, 0.8337161695349434, 11045.166562220978, 558.589039664376, 20.7700068065967, 4.103857240897046, 0.12562292114855925, 534.9668562038516, 0.8277365614128273, 11053.22419440333, 558.6094448831146, 20.122462686238823, 3.942878172581168, 0.12602977830499063, 534.2791741792141, 0.8240514526100122, 11049.89430962024, 558.6211296596098, 19.36100156706365, 3.9428776441687927, 0.12446065536454837, 533.9293711537879, 0.8218347490642979, 11054.633739446585, 558.6662849528205, 18.35988489357431, 3.775040389088148, 0.12461731310032048, 533.3598214589134, 0.8212857383645145, 11045.62440986706, 558.7602768227555, 16.943480607316985, 3.599385129778228, 0.12358711719492894, 532.4784502501226, 0.8166834140812307, 11050.934321512463, 558.9551232130925, 15.108890401826955, 3.2194510287998104, 0.12277140262305992, 531.9234896223968, 0.8127848724736545, 11051.726648129306, 559.2140729936141, 12.849424493898505, 3.0115621659967733, 0.12139083807292594, 532.0245581066483, 0.8109957823521629, 11069.105681211395, 559.5635327329774, 9.829124241120377, 1.9718254198987897, 0.12025784458397536, 550.5852767915544]}