{"obs_size": 14276570, "obs_mean": [5244.776349204962, 568.5449855252346, 2.6092590166965874, 0.0642767128764889, 0.09815643399507049, 631.5604162056229, 0.5383505858200094, 5247.728959237289, 568.8266405025857, 2.48943366648992, 0.06426930196805641, 0.0981545196462458, 632.6983500025965, 0.5382295157730718, 5245.2782301545185, 569.2265620523698, 2.340196419728268, 0.06426111681805194, 0.09816304521142025, 633.9328220562737, 0.5382024446348432, 5251.9951944270915, 569.5955778593878, 2.1620597944744433, 0.06425263990875228, 0.0981390919506574, 635.5645562297253, 0.5380225589199914, 5245.810581956919, 570.0937626474706, 1.9771826846364358, 0.06424385387758376, 0.09813198738513561, 637.2831561177502, 0.5385469935005661, 5252.34043281492, 570.7052240138912, 1.7729193356667603, 0.06423468988973512, 0.09812340186816645, 639.3997986117068, 0.5388874387195501, 5255.118873454856, 571.3496610180175, 1.5543738446979911, 0.06392448452486121, 0.09809713804247117, 642.0028739242382, 0.5398119644984977, 5257.566126801561, 571.9868600791366, 1.322058379568762, 0.06361371328590074, 0.09812826319417127, 645.400811190457, 0.5418891205661066, 5292.8720353436875, 572.5805927474177, 1.0672981675570532, 0.06360247486462738, 0.09822644687309363, 658.3653350410206], "obs_std": [10951.830735959336, 555.5047660773321, 24.65270686494273, 2.7846666720303, 0.11527841668438367, 530.7791789135362, 0.7731347399347616, 10954.893831849051, 555.3627787665432, 23.89826145453694, 2.7846662890367586, 0.11397580132045984, 530.2834430826514, 0.7725877500116156, 10953.94936189575, 555.377413771019, 22.83692322071415, 2.784665915392571, 0.11408607111311132, 529.7941899484979, 0.7738060509474295, 10959.526240544033, 555.3858917184774, 21.56328896544681, 2.7846655318977627, 0.11322383249092213, 529.5298977681568, 0.7645147953443197, 10949.85300254623, 555.381677625947, 20.0661522205074, 2.7846651625105596, 0.11218987187169191, 529.1617942930894, 0.7668327908210656, 10954.98224418587, 555.5011681994715, 18.296661273185485, 2.7846647367990833, 0.11040604344509715, 529.1673627597792, 0.7660673164071358, 10950.042521435973, 555.6249295413736, 16.226380772642894, 2.5421048440423446, 0.10808480055872538, 529.2389170865299, 0.7623363015564403, 10959.329124823418, 555.7405704414838, 13.772072012892785, 2.273815207463354, 0.10794402409842599, 530.1737347191312, 0.7682928038816382, 10970.32290589228, 555.9104795662575, 10.373468346101522, 2.273814334562385, 0.10727493053063766, 536.2458235097845]}