{"obs_size": 14251917, "obs_mean": [5279.576805570388, 571.6548432747678, 2.297836775221186, 0.06307304405267804, 0.09852147719131381, 639.6675848761029, 0.5437998269285832, 5275.404791652365, 571.9332851854246, 2.2136805876711176, 0.0630656088265256, 0.0985103670282396, 640.6805966196648, 0.5441381223312317, 5279.4258308509925, 572.29920150391, 2.1096341636005875, 0.06305780368269823, 0.09854081637754485, 641.7689959010198, 0.5441497366284609, 5289.451306124058, 572.6935395427857, 1.984803167180948, 0.06304919348366318, 0.0985319854623074, 642.7620263817568, 0.5438331681976879, 5282.958571288751, 573.2569084565959, 1.8318067667668845, 0.06304078355200272, 0.09852417569306618, 643.7223592089382, 0.5437822403821571, 5285.572578404457, 573.7297993666396, 1.644288975300656, 0.0630315331280773, 0.09850208366677968, 645.0054032899121, 0.5435052138600445, 5284.274318114991, 574.4102356896973, 1.4595065351559373, 0.06302200674639816, 0.09848398045027872, 646.7302534893998, 0.5440739567877491, 5290.615728942038, 575.1967639862062, 1.2477517235049853, 0.06271107585506697, 0.09850524481457595, 649.1350310999743, 0.5438512597989809, 5341.038178315412, 575.8169979519246, 1.022669301259613, 0.06270023623685966, 0.09845924521880041, 669.387059329537], "obs_std": [11028.416136557462, 559.4812895753774, 22.688657764226555, 1.609540930394578, 0.11690198900167571, 537.0281827834448, 0.7982435060786371, 11018.058681013987, 559.5402173014689, 22.10856476774318, 1.6095398707326969, 0.11663088148763893, 536.7771574330712, 0.7953556458648189, 11034.18565110514, 559.448611083525, 21.39279327062008, 1.609538931920968, 0.11572784968782839, 536.3148061198995, 0.7949617572037643, 11029.370617600885, 559.672164831026, 20.480205728826725, 1.6095379302557198, 0.11510768620303603, 535.7385525738192, 0.7932068636364028, 11034.924113171686, 559.7709069969974, 19.130106531797683, 1.6095371692193383, 0.11447106343935325, 534.8690078596211, 0.7917276877634923, 11026.20810688936, 559.864289271354, 17.482103657390667, 1.6095361602502125, 0.11380577581825206, 534.0316788397672, 0.7891096799511954, 11020.904456331495, 560.1454716632853, 15.565632981692765, 1.6095353819950435, 0.11121241871430403, 533.4425090372971, 0.7854288528661553, 11031.508789514986, 560.4618190283378, 13.179944257325678, 1.138554929964604, 0.10997139907801858, 533.8935814776295, 0.7792899627928327, 11041.754757136909, 560.867020786453, 9.940266650081032, 1.1385532791119073, 0.10943169922919237, 548.4630420956881]}