{"obs_size": 14251917, "obs_mean": [5256.233114287641, 568.3510863836773, 2.3002368733974525, 0.06461651731245077, 0.09951473074787048, 636.3223219697398, 0.5498732788719352, 5262.821057757247, 568.6275073030527, 2.2182991944171433, 0.06460800695373896, 0.09951618207241911, 637.3182864586311, 0.5501600221921423, 5266.839046126659, 568.9926821072562, 2.1130943998621374, 0.06459988416836206, 0.09953112415950865, 638.3556140442489, 0.5500747479093994, 5267.231742644514, 569.4288564829559, 1.98835925019771, 0.06428874983920478, 0.09951504022280057, 639.4421671384937, 0.5496239689019047, 5273.440627813166, 570.0043158404586, 1.837297326387741, 0.0642793657377537, 0.09950132382836611, 640.5073847389068, 0.5496972939851235, 5271.150441328811, 570.5455741848623, 1.6494651912440972, 0.06396820366159219, 0.09946777998531693, 641.8302736467436, 0.5493636785143063, 5279.749095440781, 571.2323944210455, 1.4680596301536137, 0.06395824953689432, 0.09947851385101346, 643.5415087232503, 0.5503276781643235, 5280.803330326836, 572.0572634544532, 1.2557210373874617, 0.06334560115941741, 0.09952304060815201, 645.8743334723273, 0.550077149270553, 5329.596200481835, 572.7281807773649, 1.0337151837187937, 0.0627317539944359, 0.09951726290652602, 667.4630793582803], "obs_std": [11017.540834035424, 557.873758591286, 22.61707964877632, 3.010340043418181, 0.12539823418568002, 535.1627680288411, 0.8301458649521415, 11021.827476222014, 557.9415353493685, 22.042410691781278, 3.010339046840302, 0.12560729500789644, 535.1690753405534, 0.825482440403157, 11042.4642343799, 557.8504894318495, 21.315504227587287, 3.0103388127765345, 0.12391436529187534, 534.7584070300308, 0.823250926162262, 11025.280586680268, 558.0737057245083, 20.399338793525093, 2.7870842203569093, 0.12348146152879838, 534.1950432344254, 0.8216124854970661, 11048.41133461611, 558.2148089922002, 19.053666295558877, 2.787083399177013, 0.12306260016733596, 533.5500397415938, 0.820819710452618, 11034.90448708247, 558.3132724792554, 17.411744685154932, 2.5443138284146, 0.12152662277771502, 532.7596586978531, 0.8186187357526074, 11036.525258082236, 558.5897647012721, 15.505817969971812, 2.544313552043686, 0.12056433754523216, 532.3146060917442, 0.8151553856143299, 11046.438536684014, 558.8973879405153, 13.117777678660588, 1.9710251631739932, 0.11941049918399022, 532.902430759806, 0.8078353877358009, 11050.4192367709, 559.2438432977689, 9.918310802777121, 1.1385715566757144, 0.11915823060853399, 549.8186344186058]}