{"obs_size": 14264008, "obs_mean": [5196.5557910737425, 558.7600475967205, 2.49581358899967, 0.06403820724098856, 0.09948374369188516, 627.8444352260123, 0.5592743091563049, 5198.836176812035, 559.0639001324172, 2.3988599838138067, 0.06373000522932404, 0.09951984823893889, 628.9436678822232, 0.5594945512509505, 5199.652603538831, 559.3867854673103, 2.279326960556949, 0.06372162195423058, 0.09948806954104437, 630.1211114653516, 0.5596016387539874, 5201.592296045812, 559.8011528036159, 2.1348672126375696, 0.06371301777811128, 0.09948201881616976, 631.5038034027476, 0.5598649845120646, 5205.3181244474235, 560.2084136520394, 1.9547944729139244, 0.06370393654582363, 0.09946457574785494, 633.0273177649622, 0.55960092240554, 5203.486011787698, 560.6501692932309, 1.7790099388615037, 0.0636948846085981, 0.09946818376798565, 634.8217214739789, 0.5605989180600558, 5208.992976300465, 561.1213956133508, 1.5765827528980634, 0.06338491979386997, 0.09951386799278349, 636.5956485037507, 0.5603812824558199, 5211.146129664594, 561.683363820323, 1.3598274762605294, 0.0627735029836719, 0.09948583777336625, 638.8117430092549, 0.5611139573112934, 5214.280199312844, 562.1584711674305, 1.1332940923757193, 0.06276372309817259, 0.09955107575998405, 650.7112562914484], "obs_std": [10904.53087632642, 559.0831498269923, 23.40066924337094, 2.54324028645747, 0.11603519273334965, 525.7428770180392, 0.7933763122825991, 10908.341150609625, 559.1802891710505, 22.786421717337593, 2.274834076235549, 0.11552314777804802, 525.7414714524795, 0.7932099813995247, 10907.116341116114, 559.206914691889, 21.970585173313562, 2.2748330460535704, 0.11466558016379376, 525.6458542733618, 0.795915506213684, 10912.137850389718, 559.1307019207752, 20.832295365506372, 2.2748322567306976, 0.11400411006273406, 525.7708424260635, 0.7917559251213208, 10916.208611581706, 559.099326907698, 19.367668967616275, 2.2748314556341462, 0.113408036581415, 525.3988302394172, 0.7870958259680977, 10909.879636238558, 559.0459457642554, 17.732251517659144, 2.2748307988826557, 0.11249659655522763, 525.237155116833, 0.7895366249940093, 10917.492677209291, 558.989448932677, 15.807123501170205, 1.9701913806136342, 0.11192222181797819, 525.1336304959849, 0.78499278246129, 10920.495152043952, 559.0549790477735, 13.443821478881565, 1.1380929742522035, 0.11134466996913632, 525.1738557885019, 0.7849973513975096, 10920.235836057132, 558.991345658904, 10.291617335327604, 1.1380918484739009, 0.11039550547358158, 526.9769020447534]}