{"obs_size": 14240282, "obs_mean": [5287.0348035200195, 571.9092388760278, 2.132591054025475, 0.06331391822592541, 0.09860614672335803, 641.6817941085274, 0.5465730163209221, 5301.508964143283, 572.1799030384369, 2.0460544250457966, 0.06330697684772799, 0.09864462251492043, 642.3043869248274, 0.5459008215567961, 5292.737425234541, 572.5669283094255, 1.9576940260031366, 0.06329994237214666, 0.09864996895932278, 643.1784985117633, 0.5465019281219698, 5297.473339671904, 572.9074565377288, 1.8573759985932863, 0.06329215636039488, 0.09867470453998102, 644.1980251118572, 0.5462931887163835, 5296.423677249562, 573.3544875726477, 1.7364850639896037, 0.06328436962850291, 0.09865091427494263, 645.0655612850869, 0.5458368747894484, 5297.7018306883565, 573.8105391452218, 1.5830218109444743, 0.06327558780873266, 0.09862658100422503, 645.9013493480852, 0.5455126324043738, 5299.191995685803, 574.3595675282274, 1.3994975661296596, 0.06326579648725468, 0.0985868013151708, 647.1890526921635, 0.5453896910890237, 5293.324351994891, 575.0589219370795, 1.2129276653369645, 0.06325609838324243, 0.09861871752637984, 649.2674642754487, 0.5459557524914563, 5355.265544246831, 575.6851006883151, 1.0030797845155033, 0.06264367060603926, 0.09862537849749048, 671.554026064977], "obs_std": [11042.497853278499, 559.953930716628, 21.375960681412813, 1.9718290208947153, 0.11750519045578078, 537.9742839418312, 0.8026608717347157, 11065.287675238009, 559.9472600828988, 20.801833898866246, 1.9718282010097141, 0.11739428273111865, 537.2235179711706, 0.7994270728048004, 11062.659855398768, 559.9816576831399, 20.152353691823617, 1.971827491571286, 0.11691408532658498, 536.753132159065, 0.7976310294479229, 11057.423767095032, 560.0477498576397, 19.39335348360817, 1.9718268490012063, 0.11632420404080146, 536.2316716389314, 0.7960547196225685, 11060.49161883211, 560.1811125148988, 18.393251602355303, 1.9718266177014963, 0.11599285369895734, 535.4190821436507, 0.7966715188721575, 11047.79016925306, 560.3614835010796, 16.960785552942482, 1.9718255432829526, 0.11448196019474527, 534.1997893781693, 0.7912091067434804, 11047.164739224463, 560.606723878725, 15.098198209072194, 1.9718242103737884, 0.11400198571403845, 533.3975713678541, 0.7873373925047923, 11038.585466367926, 560.914661555163, 12.834884100864196, 1.971823299472888, 0.11328504771127458, 533.4652985374582, 0.7841028644862064, 11068.395317307502, 561.3419434040217, 9.8068462771781, 1.1390265367512773, 0.11154743392760562, 550.9623628761465]}