{"obs_size": 799948, "obs_mean": [1811.1540314219762, 393.8799721981929, 5.062080285218539, 0.07438864831463078, 0.1865847263284648, 471.31237694617266, 1.1658504790311477, 1806.2429694704917, 394.151352337902, 4.854070514583448, 0.0743642242295654, 0.18638470055302772, 473.1098001595166, 1.1648698627910763, 1799.8556753671774, 394.66014165920785, 4.6294396635781325, 0.0743329677941466, 0.18618638094225795, 475.1044615858525, 1.1652336964403018, 1796.489579779413, 395.0572387205168, 4.360807202468161, 0.07430602384278988, 0.18614676537475494, 477.1885434136368, 1.1637732140089474, 1793.9713627635397, 395.5359685879582, 4.08774195322696, 0.07427319879291172, 0.18605609519243602, 479.8804152953504, 1.163505999139988, 1791.9997458009736, 396.02147139564073, 3.8028921879922195, 0.0742408741168079, 0.18588558556556323, 482.4963875718648, 1.163051417092124, 1790.596295163364, 396.62270797601843, 3.4848990184361983, 0.07420680463979154, 0.18587363845524676, 485.70542179659793, 1.163155546360579, 1792.6285227406302, 397.1600891557951, 3.139275302894688, 0.07417016218428216, 0.18577836278983204, 489.0991105888537, 1.1630490356873822, 1793.1606361688816, 397.8716941601204, 2.7798844424887617, 0.07413387973592296, 0.18560099601599234, 493.9996097671552], "obs_std": [3745.884401259426, 485.4590118961298, 29.05007683267469, 0.07167280543472035, 0.2756563771355293, 427.1968826839177, 1.5084464825692803, 3727.394610525299, 485.408314969721, 27.950911746233828, 0.0715041936403116, 0.27348856296398344, 427.5276974881958, 1.5051809369478182, 3709.0208205643994, 485.5285510332089, 26.707509789075676, 0.07119977607083712, 0.27229873851095393, 427.24114044854673, 1.5012330044501514, 3700.901005058242, 485.47912744559267, 25.222109902763297, 0.07100977299519712, 0.2727370228654937, 426.5276685217698, 1.4885017618978895, 3692.9352442510826, 485.5933378280514, 23.490641238022487, 0.07070902183986459, 0.2723733939306656, 426.5183985548173, 1.491429073455895, 3683.095448789686, 485.5354892463637, 21.610626721123275, 0.07040582715396256, 0.27151433916565443, 426.353804436764, 1.4854683045168704, 3668.4584532837152, 485.6231074580236, 19.264055063138343, 0.07009218175008548, 0.27139750007474633, 426.2205678221955, 1.4874548913478498, 3668.175063396174, 485.6573931138277, 16.368756389986725, 0.0697728274765322, 0.2714952417461267, 425.4848774585775, 1.4908492602882093, 3660.996645167529, 485.6350986109603, 12.801471325162115, 0.06945455348859447, 0.2704125475623112, 424.47836280759657]}