{"obs_size": 14289583, "obs_mean": [5161.238130360954, 559.8511501700225, 2.7826261969995905, 0.07219342661259649, 0.10207690921211604, 625.06568179263, 0.5641139160604135, 5165.836262594031, 560.2243926222338, 2.6377583586588917, 0.07158196949295922, 0.10210639782455445, 626.3296820932189, 0.5643856262985689, 5168.347029781855, 560.6167905669465, 2.4585566282794957, 0.07157233129518936, 0.10211675729144823, 627.6433582899275, 0.5639180720669379, 5168.4051136286225, 561.0900244604759, 2.2845896202849305, 0.07066078283474803, 0.1020733499097212, 629.121139721988, 0.5649156179015479, 5169.477729280692, 561.5696528723056, 2.0796352139876997, 0.06974846370024299, 0.10219288039623027, 631.1668966303189, 0.5646144078522436, 5172.122974455584, 562.1032336632917, 1.8714899518061514, 0.06913541102375823, 0.10221910249781233, 633.6311290070113, 0.5667138815737678, 5175.381619871986, 562.6454693604425, 1.6430496257308558, 0.06852333767767185, 0.10244405691796521, 636.967190490025, 0.5714587806376477, 5180.404340065443, 563.1653520610082, 1.3920539178784994, 0.06760940037152317, 0.10279183085237703, 643.5607472936045, 0.5900128151395665, 5198.667062403958, 560.9340074514421, 1.1603400183196386, 0.0651906289063233, 0.10440763090833413, 657.3515414164756], "obs_std": [10873.339313964334, 556.0361164827103, 25.431116828450868, 6.326092975094213, 0.1493362663180169, 531.5428456695231, 0.8960988109894912, 10884.206863902733, 555.9807094158665, 24.439897509181566, 6.118634494265861, 0.14858671281952565, 531.1857482065906, 0.8929324104458941, 10891.202938293613, 555.9530172548168, 23.280702269844173, 6.1186342149998225, 0.14932616666653456, 530.9332899096149, 0.8844343626326061, 10882.299768508112, 556.0141659801594, 21.978179097611118, 5.793534494739743, 0.14795834701851868, 530.4732261497142, 0.8859088789578243, 10887.92001494646, 556.0039685822112, 20.420133357557074, 5.449073148855441, 0.1489471527755088, 530.6182698074313, 0.8756626571360464, 10888.316705796962, 556.0510285236618, 18.655193176406012, 5.206787137220151, 0.14725592178176375, 530.9140251818305, 0.8745882345765332, 10886.595292152979, 556.049442790125, 16.560477467195092, 4.952662832154984, 0.1485484832562351, 532.2306078166122, 0.8870824141994814, 10895.594011916251, 556.2130382934713, 13.968453587516567, 4.544911572118465, 0.15051116949007412, 536.8010822806003, 0.9360841363778389, 10907.585042192157, 554.8352107849097, 10.641817249471913, 3.213900084701804, 0.1642447908914392, 549.6399669172632]}