{"obs_size": 14251917, "obs_mean": [5264.451852844051, 569.8988152962158, 2.298836921376963, 0.06304304198685085, 0.09846773112073279, 638.2579169545639, 0.544165656592062, 5265.234919474521, 570.1525103605361, 2.2148054188078694, 0.06303565416744376, 0.09846644805011173, 639.2503250713528, 0.544524107107878, 5270.481949920632, 570.502686059707, 2.1102085424718653, 0.06302779981641154, 0.09849087632288366, 640.2786032388022, 0.5444540372358777, 5270.683078218897, 570.9014241382405, 1.9861967340954902, 0.06301932983661858, 0.09847947060876176, 641.3979159618503, 0.5441906869792014, 5272.603420432806, 571.4775885938714, 1.8330360750767771, 0.06301086243479465, 0.09847313267036277, 642.4073160108433, 0.5441198060584072, 5272.103048118298, 572.0047265922192, 1.6462280126947133, 0.06300160207038191, 0.098447270349666, 643.7269000887848, 0.5437322970657612, 5275.407958914239, 572.69499415412, 1.4625619837668153, 0.06299203439117067, 0.09842032650000646, 645.5370224688983, 0.544365930913056, 5284.601804684264, 573.5508722089808, 1.2493639978397293, 0.06268111568353378, 0.09844393935538724, 647.8477594176705, 0.5440637249712038, 5332.192663802808, 574.2363180335669, 1.02465457804729, 0.06267034789180428, 0.09840358753078551, 668.3983136734021], "obs_std": [11008.731672479067, 557.1895904040489, 22.660144799905325, 1.6095387310720846, 0.11611682051829827, 535.1891705754236, 0.7963403291368034, 11004.691482816663, 557.2237609255345, 22.080941875707463, 1.6095377104187, 0.11568826657688591, 535.0216120329956, 0.7943033892218433, 11023.271855855159, 557.0998789677682, 21.363203264497283, 1.6095367089446184, 0.1149314051488242, 534.4461055879857, 0.7921026742172983, 11008.022355654926, 557.2963378492993, 20.44886460097397, 1.6095357494923306, 0.11424940893815032, 533.9183918754238, 0.7920078761921655, 11018.67180011428, 557.430229969272, 19.097765510564958, 1.6095349797157597, 0.11376023477881507, 532.9807216621248, 0.7914924312531566, 11007.74850349628, 557.5333878609155, 17.457358205494234, 1.6095339500944676, 0.11274228130212995, 532.1150630658794, 0.7868037346414186, 11006.755270809443, 557.8072522957373, 15.547813729414488, 1.6095331561075268, 0.11013602516043385, 531.5684370418089, 0.7829291773453578, 11018.821470172275, 558.1636138880494, 13.150052720758715, 1.1385518345174046, 0.10962711896906535, 531.6931971185049, 0.7772002261147094, 11030.43204765363, 558.5959903478298, 9.924762487770558, 1.1385502091151387, 0.10853570295564198, 546.8997954080081]}