{"obs_size": 14264008, "obs_mean": [5257.178346743511, 572.3445672492613, 2.4437824207614023, 0.06302713441938085, 0.09816470166267464, 638.880509110809, 0.5413446966659502, 5266.878691816749, 572.6098328744628, 2.3435427826456636, 0.06301962856212114, 0.09821532563778755, 639.9109777958643, 0.5414347810938299, 5263.466755276495, 573.0450066348812, 2.2212504367636363, 0.06301159695648832, 0.09819142734868129, 640.9637370248253, 0.5409273748304524, 5269.9486933083945, 573.5259683673761, 2.0700463011518218, 0.06300342095469422, 0.09816166256742116, 642.203779252688, 0.5408277101359299, 5288.7404187143575, 574.0743828803237, 1.8874994321371665, 0.06299424901073568, 0.09813269235084585, 643.5990246899726, 0.5406480292916649, 5266.657583172267, 574.6867599906001, 1.703966374668326, 0.06298491501590057, 0.09813715930676824, 645.2060650515097, 0.5413235126481043, 5277.688713110297, 575.295409396854, 1.4966721134761, 0.06297543476813283, 0.09816708036927706, 647.1150617031816, 0.5410942057099717, 5271.131124631228, 576.1067199345372, 1.275784968712861, 0.06266414504332327, 0.0981309718737535, 650.1880698772738, 0.5422012345338364, 5321.396154752679, 576.6622940761109, 1.0417654701259282, 0.0626533919824724, 0.09819766867250894, 667.5473924790257], "obs_std": [10985.795500612196, 560.3485464595915, 23.645789307866515, 1.6088566436085392, 0.11354209471657906, 537.0064489590978, 0.7860243399333492, 10991.778229069638, 560.4222635206359, 23.01588935090037, 1.608855711679399, 0.11263895500106486, 536.6106356121388, 0.7854802856427049, 10991.627283716778, 560.5091901616493, 22.182062658224822, 1.608854872334304, 0.11257940067368093, 536.0571328902918, 0.786206626650304, 11000.931395548532, 560.5199798459429, 21.022769112845303, 1.608854171490136, 0.1110741540257103, 535.7171680554181, 0.7826025969228736, 11029.36588890777, 560.728170220258, 19.526477745619708, 1.6088531695008093, 0.11125643367869632, 535.0372739285935, 0.7776003179247943, 10982.934427969009, 560.8876715158125, 17.858285268525485, 1.6088523702319837, 0.11021460728201303, 534.353182183081, 0.778562606410707, 10995.357416119032, 561.0049126236663, 15.889594730777626, 1.608851500667924, 0.1094317042664856, 534.2603858417151, 0.772194497787394, 10987.579257464573, 561.3637063728579, 13.49085818806691, 1.1380697974703569, 0.10868085537103776, 535.000105353119, 0.7744994749570587, 11000.443646048767, 561.6275012848457, 10.246105478954389, 1.138068307372229, 0.10907207141793213, 547.5142851716665]}