{"obs_size": 14240282, "obs_mean": [5270.133899619994, 569.8028518676806, 2.134899154384723, 0.0642815618982908, 0.09888566021670057, 640.1937954082214, 0.5489512676785874, 5278.682973738831, 570.0577367779654, 2.0469633958091564, 0.06427429972103896, 0.09892104871589008, 640.7907778777133, 0.5480571500620975, 5276.870650608736, 570.4642798506379, 1.9600435581261662, 0.06396540794853048, 0.09892081614654838, 641.6432021716129, 0.548607238606697, 5282.293294977984, 570.8062953388143, 1.8594498339288505, 0.06395748049800667, 0.0989542519016134, 642.6740192212429, 0.5482661655155844, 5281.3828895842635, 571.2806324341049, 1.7382755481949024, 0.06364771216216893, 0.09891414145703106, 643.5895039176812, 0.5478286246719334, 5284.547457796966, 571.7822727808339, 1.5859971733705835, 0.06363897680819199, 0.09889504928624387, 644.5656570295387, 0.5475409789638043, 5288.611824609372, 572.3834449345878, 1.402321737729632, 0.06332736457544282, 0.09885654560436359, 645.9248894169797, 0.5473080479726895, 5285.299365782918, 573.127528654278, 1.215734842891454, 0.0633176174365168, 0.09886231499481504, 647.9453213721927, 0.547916881561795, 5344.175943015481, 573.8163317973618, 1.0048504657421813, 0.06270495017157034, 0.09887751756138032, 670.4582748375789], "obs_std": [11049.584052022554, 558.7116975494728, 21.338640758308113, 2.7882206514776247, 0.1180116748844464, 537.4137914647657, 0.8126185148696722, 11061.065092120336, 558.6749454585727, 20.762802774493398, 2.788219758177995, 0.11778303670855657, 536.4851492601375, 0.8085913822789788, 11070.63815806203, 558.7010167028038, 20.115688545534827, 2.545351326745827, 0.11732857418959995, 535.8922914173656, 0.8062998682149339, 11066.1745018258, 558.741175906793, 19.356597957927818, 2.5453508325847274, 0.11688053585535059, 535.4569483654479, 0.8033812345018798, 11072.959851892778, 558.8391278679242, 18.354929286096354, 2.2767202549779424, 0.11669374118596651, 534.6425391221787, 0.8049804936227952, 11064.96936966765, 558.9999812237667, 16.93111627787465, 2.276719456369839, 0.11550054537037707, 533.6286693134317, 0.7995329596432571, 11067.313381265301, 559.2640889996042, 15.090228211688757, 1.9718247368022945, 0.11498016866022528, 532.9587101742974, 0.7935996030229131, 11057.65267762998, 559.5816769661216, 12.821885744471366, 1.9718240329054466, 0.11366068854721385, 532.9414669921075, 0.7934638378462936, 11080.864464726554, 560.0287626937026, 9.796382356815132, 1.1390279430358514, 0.11218615022840112, 551.2535182495247]}