{"obs_size": 14251917, "obs_mean": [5284.813979013797, 565.2940152542285, 2.268479180730564, 0.06229684754571059, 0.09561507070578651, 627.9374842581055, 0.521461107442594, 5285.080677513479, 565.5841852713568, 2.1799661757783175, 0.062290182998688555, 0.09560578125258563, 628.8674502260941, 0.5214489964402611, 5291.1171974274785, 565.8975400291765, 2.0751820965558525, 0.062283384400366626, 0.0956052508990198, 629.9041034957388, 0.5215965176474117, 5287.711629849776, 566.2789887142901, 1.9485300819531854, 0.06227576914980064, 0.09560867314369088, 631.0776718632278, 0.5218296455136444, 5293.194033209132, 566.6936903996846, 1.7903708673015704, 0.062268097091929354, 0.09560852740245397, 632.4549124506299, 0.5220631950073736, 5292.782349327955, 567.0786828185991, 1.605931047732035, 0.06225986659914723, 0.09558942054293462, 634.0336178572109, 0.5221615753866597, 5295.011248784037, 567.5961795174644, 1.4128624942174446, 0.06225115594864304, 0.09557281191624932, 635.6575163380394, 0.5223821266991577, 5301.138561707195, 568.1677185602471, 1.2007407845555094, 0.06194115519541187, 0.09557493151616127, 637.4574761456037, 0.5225150616580092, 5300.634844940402, 568.7018688082452, 0.9715592646238397, 0.06193189648867074, 0.09555412287048763, 646.5245857693375], "obs_std": [10915.464176451997, 550.173928859863, 22.728341346970932, 1.609531587738911, 0.1098591787285791, 522.9128962838836, 0.7394133157080449, 10913.113505094827, 550.2295168763668, 22.14783752098175, 1.6095307211795344, 0.10888249672127849, 522.9187257851925, 0.7368859697018828, 10924.851812221732, 550.0822435293774, 21.429526386984683, 1.6095300400843051, 0.10779239484330994, 522.5599748179541, 0.7361186220416996, 10910.167416732556, 550.2245318907723, 20.50278725628591, 1.6095292721074035, 0.10678429087724534, 522.4288834809623, 0.7373634705302277, 10924.714160243571, 550.1566862502201, 19.15123204122549, 1.6095286702131468, 0.10652606694642207, 522.3408896332935, 0.7381583123728663, 10921.068770257947, 550.0378843869968, 17.491976787236247, 1.6095279681042283, 0.10513713898275996, 522.1873291045858, 0.7377063952781199, 10922.69317105176, 550.0454835726349, 15.565007309361787, 1.609527344456099, 0.10258806408885926, 521.833606155765, 0.7321239337670288, 10935.511398930168, 550.0152526800862, 13.147528467964847, 1.138543662618883, 0.10177716018992879, 521.511895603812, 0.7300780335613369, 10924.341158913165, 549.9724637132133, 9.896318129905964, 1.138542668657756, 0.10126963450039476, 521.0595513629665]}