{"obs_size": 799948, "obs_mean": [1936.7421318618299, 410.2136838894528, 4.33929705430853, 0.07607007857010485, 0.1820722590180771, 475.67068305689384, 1.1199840814653315, 1937.0639490474468, 410.4217011605754, 4.2111299734482746, 0.0760499196960282, 0.18206685211788667, 477.08448384979584, 1.1210616452570101, 1935.6276655581953, 410.6735275292894, 4.091992229494918, 0.07603039479815994, 0.1819979935658309, 478.61400839304883, 1.1222943891353452, 1934.6057650088928, 410.97803232210094, 3.9441151174826365, 0.07600944057113512, 0.1819505117132554, 480.37300060506396, 1.1219891742963641, 1932.7523186431015, 411.3385320045803, 3.7349352707926013, 0.07598834033086947, 0.18183538337992122, 481.85963739061106, 1.121730531234569, 1924.3609969480829, 411.7297161815518, 3.4978586108097027, 0.07596735500557363, 0.18168877398905783, 483.7834056355425, 1.1218397508338487, 1921.3613336517258, 412.1174251326336, 3.22547215569012, 0.07594617738527815, 0.18166879893067667, 485.9792030198954, 1.1211410054154174, 1915.9917196526148, 412.4586498122378, 2.963793896603279, 0.07592380081580061, 0.18150500650667492, 488.67957429236634, 1.121870656592749, 1918.8997230919654, 412.9542282748379, 2.6577615044977922, 0.07589990235990028, 0.18142715326620715, 500.3176372789342], "obs_std": [4162.3954442128825, 499.96042463859766, 24.94773913261141, 0.07012584062664338, 0.24499857465383404, 416.1554133914162, 1.3941768100692025, 4155.910405118303, 499.8830675405362, 24.320427569976005, 0.07000359131040905, 0.24519101524217293, 416.2241293838796, 1.3909064225300816, 4155.115654654767, 499.76787726351955, 23.673201284418237, 0.0698899292392902, 0.24350454952507541, 416.29549044670256, 1.4002732768462456, 4151.04342945351, 499.6781645480664, 22.74348798307261, 0.06977242547670058, 0.24356950880841152, 416.747768515471, 1.3973211077078314, 4158.725465177714, 499.6213053580433, 21.354330140328198, 0.0696597676950221, 0.24212718139652362, 416.1740791096935, 1.3947131101353787, 4126.828031205371, 499.70213094588837, 19.687786854875014, 0.06954735047937682, 0.2424383955239224, 416.16607885871827, 1.397977549437068, 4116.884161465725, 499.5467326144019, 17.688113370934847, 0.06943678377128099, 0.24234614883778988, 415.87681735775595, 1.3935012498499688, 4095.0423848158443, 499.35145136295114, 15.31147916239329, 0.06933267647054311, 0.24110778465984198, 415.99837484651397, 1.3924146925753753, 4108.2094401290715, 499.1574791046612, 12.185508639665029, 0.06922780683879715, 0.23999058421688227, 413.94469939511293]}