{"obs_size": 14240282, "obs_mean": [5281.519475324931, 570.8586833462988, 2.127367632185935, 0.0632646626330938, 0.09862343614662945, 640.5053663776257, 0.546907048118891, 5296.217629313901, 571.1051976358333, 2.0396475294520156, 0.06325749477483088, 0.09865223430989738, 641.0885207777968, 0.5461499606539093, 5286.613874941516, 571.5043232289923, 1.9531873034536813, 0.0632503556547629, 0.09865699282373837, 641.9292538891754, 0.5468037000250839, 5294.838385599836, 571.8150183402267, 1.8526939283927102, 0.06324273850497612, 0.09869627860592997, 642.9182577954036, 0.546608205090361, 5290.219383369337, 572.237752595068, 1.7319121208414272, 0.0632346039843255, 0.09867679814156857, 643.7459405500007, 0.5460702489599937, 5289.743520523853, 572.6683684354002, 1.5796508805092484, 0.06322575120858681, 0.09865237329991153, 644.691160851819, 0.5458413449958825, 5295.342172349341, 573.1869972097464, 1.3965841406792365, 0.06321579393877999, 0.09861067645465144, 646.0328957158725, 0.5455962579954957, 5289.365109007292, 573.8941124901879, 1.211554729042585, 0.06320601564372941, 0.09861878803600893, 648.1080845416293, 0.5462534932244013, 5353.73763316712, 574.5142268250025, 1.0017706110033495, 0.06259350818903109, 0.09863381477234838, 670.8309855629229], "obs_std": [11031.124079160121, 558.1102328721636, 21.33384370530225, 1.9718299659789784, 0.11773712699302492, 536.8951481546198, 0.8064012339110441, 11049.500988379605, 558.0902053941844, 20.75702505705727, 1.971828694096325, 0.11747952320173356, 536.0746150855651, 0.8003287152176677, 11051.33966164696, 558.0968675667382, 20.112095931833107, 1.9718279716111329, 0.11702065909861974, 535.471448775133, 0.7989587173250128, 11047.460113875048, 558.136612633912, 19.355244296721754, 1.9718277790461125, 0.11647558658968775, 535.0204467590595, 0.7981222600283562, 11047.813072397767, 558.1962161802227, 18.349410865356976, 1.9718274622170484, 0.11666856230232941, 534.16689387827, 0.7967485077193636, 11035.730065175016, 558.3048516418315, 16.932219650404907, 1.9718263127645947, 0.11496612035407903, 533.0693446779208, 0.7946668426262011, 11039.522662333473, 558.501709918389, 15.07847272907576, 1.9718248548113715, 0.11455341151974256, 532.294901320538, 0.7896691288025, 11031.126536230853, 558.7681602766032, 12.824168189077582, 1.971824043807298, 0.11343398680485073, 532.227403175397, 0.7894793019585685, 11064.890459190354, 559.1697321188896, 9.796241579106425, 1.1390278630859192, 0.11168818207237342, 550.6207263895705]}