{"obs_size": 14251917, "obs_mean": [5212.566683584461, 560.4011865210833, 2.3229279261168867, 0.06738737476889028, 0.10348224001985115, 626.7540382307408, 0.5698309127817955, 5214.507821689894, 560.7283124789458, 2.247105003488302, 0.06737765769216296, 0.10347438738935967, 627.680158817601, 0.5705984091122909, 5215.779946824679, 561.0548927558308, 2.1423668829954594, 0.06706752081794452, 0.10350823199658041, 628.6754527021169, 0.570297142552854, 5215.266366340025, 561.4687513967419, 2.0162225193986183, 0.06675612756803985, 0.1035115252904584, 629.818081464407, 0.5700026199282796, 5217.433722282168, 561.9158173598682, 1.8737165673923022, 0.06614351703992619, 0.10349390055078225, 630.9832061789747, 0.5710132282555681, 5219.920441053342, 562.3156026659431, 1.680681833889434, 0.065529761969994, 0.10355422519167075, 632.3676889136622, 0.5700533730304801, 5220.854211803212, 562.8569426835704, 1.5086578879178147, 0.06491559812887707, 0.10352020887253233, 634.0356928927213, 0.5717617951325759, 5226.503276190356, 563.4392051258789, 1.294067738396175, 0.06400009893926004, 0.10361375756700032, 636.0256526408301, 0.5711437107724003, 5240.100220292781, 563.9989649813424, 1.0774539312851739, 0.06338503601677718, 0.10367501913574033, 661.153391840457], "obs_std": [11023.640252632846, 556.8365208776572, 22.52826893750987, 4.406423327291665, 0.1691938007605411, 530.1851095480848, 0.9368862911689351, 11031.1082252254, 556.9494795852121, 21.958287260079807, 4.406422583402526, 0.16939248738477408, 530.3227030607102, 0.934332225720004, 11025.738770240256, 556.8499439089443, 21.244706803895895, 4.257025247006499, 0.16857422470653385, 529.9462478973355, 0.928262543952018, 11014.380876119112, 557.0553218950944, 20.331657594990745, 4.10219059478339, 0.16807182428910455, 529.7125713005312, 0.9258825308112519, 11026.19236541866, 557.0733088118772, 18.994640979764405, 3.773509591505851, 0.16799108327859624, 529.4196785283425, 0.9266291370304249, 11023.359705858582, 557.0164384243456, 17.35717546491387, 3.413323564211039, 0.16840250039153487, 529.0569443828088, 0.9163054768345982, 11021.897427463853, 557.0932578816238, 15.47389464750509, 3.0103459438535123, 0.16577032216450127, 528.7445136106367, 0.9176100998395317, 11037.79967864533, 557.1469770161183, 13.107134293548711, 2.2758060275534344, 0.1665120706987909, 528.73582463304, 0.9054553117823373, 11031.134863892212, 557.2361083253627, 9.949002666800103, 1.609563118478891, 0.16682186588407258, 549.8983459538188]}