{"obs_size": 14289583, "obs_mean": [5153.2240906887, 558.3145700612818, 2.784845575969572, 0.07049943260143451, 0.1033218918682928, 623.5097684873936, 0.5679378126009972, 5157.57942958134, 558.7026678805112, 2.6406239426300964, 0.07048943592294508, 0.10332339047549502, 624.742862156487, 0.5685061272257185, 5159.217613947587, 559.0942046384419, 2.4607844049752887, 0.07017846693763591, 0.10337719393708078, 626.0698968309052, 0.5677829688942332, 5159.35691221603, 559.5869420402261, 2.2893762540166493, 0.06986710938647432, 0.10331779197167638, 627.5532864488729, 0.5691274331798551, 5160.731008591034, 560.0415250745946, 2.0823316537648435, 0.06865356808075535, 0.10343004948898843, 629.6833219642608, 0.5688374165992442, 5164.520225080885, 560.579722935232, 1.8756385683193135, 0.06834166559318802, 0.10349335324060892, 632.1319886431985, 0.5712129474317411, 5166.808821419811, 561.0642633168511, 1.6483411027459653, 0.06772904304773035, 0.10371564368176393, 635.4062812710963, 0.5763006700755681, 5170.069868312841, 561.4939000669227, 1.3979722151444167, 0.06711554397711347, 0.10419586119217082, 642.1472624496224, 0.5973598397518333, 5180.35001392013, 558.4829541911755, 1.1700495388843746, 0.06499782006025678, 0.10617364957102055, 657.3334952879081], "obs_std": [10876.211436711992, 555.712727249058, 25.419531143811792, 5.681039714994671, 0.16586621392717504, 531.5595184666083, 0.9195599601899034, 10880.60949144102, 555.7025959452709, 24.42955464220309, 5.68103927763512, 0.16475452330596863, 531.2133597880729, 0.9170677879019837, 10886.752422477037, 555.6816498425742, 23.267243431342536, 5.566266275445731, 0.1663063327484853, 531.0140624357267, 0.9095741260895629, 10876.769908818302, 555.7835853396704, 21.966386580104697, 5.4490764587947345, 0.16424330649305727, 530.5980359011263, 0.9133084795777302, 10883.617735296019, 555.717102921555, 20.406300761634313, 4.952666587835593, 0.16527781677812456, 530.9647665555565, 0.902456155325906, 10890.299351544822, 555.7459395975975, 18.638892742541554, 4.820583182422183, 0.1648260792559936, 531.4583097908327, 0.9034088775213147, 10884.112273813302, 555.6710895733416, 16.549312054306885, 4.544915417983843, 0.16577585554746874, 532.9831851047112, 0.9175587388928365, 10894.701547341443, 555.7527257549059, 13.970497184736915, 4.2514099112172365, 0.16953912867023588, 538.2856472747384, 0.9772791845753805, 10900.87220558105, 553.7828069124257, 10.649941214169589, 3.006376870185424, 0.1848691488034662, 554.204881663936]}