{"obs_size": 14264008, "obs_mean": [5182.7912672376615, 560.4866430248778, 2.476680888008476, 0.06925738329262959, 0.10310547001102374, 626.7126444944499, 0.5687948079530345, 5186.7303297918525, 560.7599793830739, 2.3751709898087556, 0.06894814966032947, 0.1031713140562605, 627.7626789935481, 0.5686524673850836, 5185.818838621101, 561.1348290746892, 2.253838262008827, 0.068938106220926, 0.10315491435899439, 628.8268642566652, 0.5681895823390251, 5189.084004044808, 561.5274002931013, 2.109808126860276, 0.06862732614270417, 0.10312428428727664, 629.9998103980689, 0.5687750745793521, 5192.113744301344, 561.9709118222593, 1.9248567443316071, 0.06801397416519546, 0.10315285769308334, 631.367586512101, 0.5679138127937471, 5189.849741872957, 562.4446624679402, 1.7518207364998672, 0.0674009774774482, 0.10315509172534269, 633.0950307175893, 0.5695945062566208, 5197.224697463178, 562.9170686808365, 1.5429269248867499, 0.06588425442471268, 0.10326208784347339, 634.9933631774006, 0.5692420959102481, 5196.985223518531, 563.564729071941, 1.3283518208907341, 0.06436669491500067, 0.10329847578822172, 637.6793795258651, 0.571438351619015, 5217.211985413314, 564.0029418099035, 1.1005901006224899, 0.06375250878379515, 0.10354912465227267, 661.7210516230281], "obs_std": [10918.769513121419, 556.6381478428563, 23.494894991841402, 5.211456592809974, 0.16343921777226467, 531.402405152595, 0.9113013225255817, 10926.72738481735, 556.7123913320999, 22.873375823390294, 5.08587075903995, 0.16316425342146276, 531.3555192062569, 0.9077030482332932, 10923.954836002144, 556.7692262558976, 22.043117804251043, 5.085870330787364, 0.16314317609255885, 531.1219926290345, 0.905991818999541, 10928.68783243533, 556.7016174037298, 20.896438151960957, 4.95710368487912, 0.16146869510895304, 530.9104752782043, 0.900799685225461, 10934.678506622256, 556.7161229964742, 19.425150993708183, 4.688974090529847, 0.16284587667405373, 530.2679834017566, 0.8930310904363868, 10924.508887800606, 556.687346410696, 17.783109461197007, 4.404552243447192, 0.16190681025877254, 530.0519033832965, 0.9012456587116157, 10936.5038550154, 556.6408021450505, 15.844052890515645, 3.596399548644404, 0.16273037594712983, 530.093069136208, 0.889437287482709, 10935.789781341533, 556.8047802068144, 13.46273888205431, 2.5432445925238256, 0.16233645444329362, 530.6502702840137, 0.8888362543358346, 10943.682582511674, 556.8556456569402, 10.283530704552955, 1.9702005387679016, 0.163633801249134, 553.3597697317452]}