{"obs_size": 14264008, "obs_mean": [5263.844835680933, 570.555881208143, 2.444127134533296, 0.06291733016625663, 0.09787995412264211, 636.9292854367911, 0.5399744260519591, 5264.345620566741, 570.8266145111528, 2.344839613101732, 0.06290999052763616, 0.09794077597152274, 638.0626374091603, 0.5401843883570833, 5267.009797808726, 571.1936629592467, 2.222769575003043, 0.06290200858202878, 0.09790749644644124, 639.0849655260032, 0.5396784672302845, 5267.249996682124, 571.6182352814159, 2.0711648507207787, 0.06289404021970037, 0.09787871830294759, 640.2833654001874, 0.539614446023903, 5272.590921729271, 572.1184130715575, 1.8903433733351804, 0.0628850457601487, 0.09786429619963778, 641.5894915298206, 0.5393546816575299, 5266.834715671899, 572.6717886024741, 1.7070014963536195, 0.06287600393564885, 0.09786839713003644, 643.2512622153104, 0.5399066488886253, 5275.860718626281, 573.2964642195939, 1.4998965928790842, 0.06286677784267407, 0.09788001067967778, 645.3027893313954, 0.5397602646465569, 5282.973157633826, 574.0432582483127, 1.2778847291728945, 0.06255606014137993, 0.09783702738606122, 648.3608409025927, 0.5409924392919899, 5315.911695006112, 574.6732144990384, 1.0432761254760934, 0.06254578050854455, 0.09790416045209865, 666.2044044227906], "obs_std": [10963.825769083549, 556.8513029871905, 23.64982256071802, 1.608854038794513, 0.11246167167852329, 534.4863377717717, 0.7819691114599904, 10968.770144347543, 556.9025479411067, 23.021784794604734, 1.608853168979867, 0.11179258731144963, 534.4096704501, 0.7814389298892024, 10973.020255199654, 556.9312333899964, 22.191109970702634, 1.608852344628249, 0.11100972561146873, 533.8898632912925, 0.7819887261067916, 10973.121093438092, 556.8602639806138, 21.032488202884107, 1.6088517022225404, 0.10992777401517922, 533.5452751810674, 0.7770662155140631, 10978.385392826644, 556.9691110698205, 19.550523616507068, 1.6088508231231118, 0.1096221507507742, 532.4962119485594, 0.7716007712976793, 10962.404946515177, 557.0548224200177, 17.89328169112895, 1.608850116337625, 0.10900255617176648, 531.7489563834376, 0.7718689131495611, 10972.27344234496, 557.1844733316856, 15.93596630792904, 1.6088493551355882, 0.10817328605432315, 531.7419137200251, 0.7649962324940759, 10972.224790419836, 557.535111166001, 13.528974857456559, 1.138066971539561, 0.1073537677760877, 532.5784574884225, 0.7649920740052848, 10986.258042882462, 557.856236170872, 10.283841549360597, 1.1380656880563245, 0.10730014690510943, 545.3129798098622]}