{"obs_size": 14240282, "obs_mean": [5223.7581590671, 558.6803770459039, 2.19461868802879, 0.06459879340761028, 0.09956390453005082, 629.7110565820767, 0.5630718733659901, 5224.488775880386, 559.0067010611166, 2.1091729784564666, 0.06459260456710834, 0.09956512004060149, 630.4819062117356, 0.5627723461515685, 5228.2045690629275, 559.3212348603772, 2.0235651232187672, 0.06428448033930127, 0.09955490455540175, 631.4616859257056, 0.5635972694922757, 5226.814749513366, 559.6488126428958, 1.9269697046729832, 0.06397552199627139, 0.0995932889701911, 632.6454744551594, 0.5634243207402724, 5230.620246843294, 559.9405676797692, 1.8057878348195633, 0.0639674881970812, 0.09957421209172733, 633.8720500276078, 0.5636770964226624, 5231.1367146066705, 560.3141324729382, 1.659021569938011, 0.06395872148389385, 0.09957281209992953, 635.2946911112158, 0.56372743713924, 5232.373784041493, 560.715419118807, 1.4781536629681913, 0.06394933721411608, 0.09953281135619349, 636.7077940473797, 0.5637416554672161, 5234.557650196062, 561.1869748085044, 1.2975396133306911, 0.06394010488830966, 0.09955202212568506, 638.4102992640189, 0.5644971576405617, 5235.914800940999, 561.7105051009523, 1.0936551677838964, 0.06302658894290868, 0.09960279213290879, 652.0626199359416], "obs_std": [10974.996800583367, 558.3108732011553, 21.17226855676634, 3.0115713557973396, 0.11690316598898455, 525.2256863497723, 0.7973895612327627, 10975.89668569231, 558.3590035379891, 20.608532682384382, 3.0115709747522286, 0.11595524626520429, 525.0242097631588, 0.7965164042859113, 10982.242608873357, 558.3522825547548, 19.969723405927606, 2.788226089642633, 0.11481664190159407, 524.8605809303615, 0.7941857023569883, 10977.779130336352, 558.3618770290877, 19.22607659334039, 2.5453583470023675, 0.11511513910899478, 524.9342718666278, 0.7927655940300181, 10984.271269818697, 558.2703365588051, 18.24140861464632, 2.545357450612126, 0.11403313523316395, 524.9310567409208, 0.7950818461614155, 10981.303535143454, 558.2548932920129, 16.842915686064703, 2.545356702705176, 0.1129457083872135, 524.786165340079, 0.7907065168526201, 10983.359098851717, 558.254440222893, 15.01898888756429, 2.5453558098028286, 0.11140506153816228, 524.5389706893272, 0.7883631472174424, 10982.854873528398, 558.23856796183, 12.792071507370489, 2.545355160850004, 0.11081836432668625, 524.3415582396617, 0.7869119436939894, 10984.072796470022, 558.2599349758486, 9.845191051875325, 1.6102095477303457, 0.10905192796218048, 526.7516373015136]}