{"obs_size": 14276570, "obs_mean": [5178.684675248596, 561.3366484386654, 2.6277259874045376, 0.0695917824607109, 0.10225909854355823, 626.0645023309797, 0.5638839051677234, 5182.155743791978, 561.7071626448089, 2.509116265321432, 0.0692812894349348, 0.1022747588191705, 627.2370049250815, 0.563664031276447, 5182.083121417847, 562.1147181711013, 2.367038301216609, 0.06866987370328488, 0.10225234304850599, 628.3817898731008, 0.5639320905511959, 5186.831904107401, 562.5291533610665, 2.183427391873538, 0.0683591110525221, 0.10229458444073077, 629.849511966761, 0.5633374457590564, 5183.875985554895, 563.0036323850896, 2.0081561607585017, 0.06744631936411238, 0.10225767565612838, 631.4370286285397, 0.5644707192974492, 5188.736549779202, 563.5737132938793, 1.802831212258967, 0.06683380845294784, 0.10234715840730693, 633.3429046407247, 0.5645601409162309, 5190.8875686339225, 564.1738872152064, 1.5915212127282674, 0.06592026490138057, 0.1023796606909089, 635.8187903048558, 0.5664568985407815, 5192.993633582961, 564.6804221882426, 1.3660655185384165, 0.06530717730674067, 0.10257929008459382, 639.3020969131036, 0.5710990677032711, 5217.307271166303, 565.0532997071425, 1.111540727219493, 0.06469238616608156, 0.1029669907848316, 659.4768468717112], "obs_std": [10903.886937859581, 556.7624195832817, 24.490117094838396, 5.331739089248974, 0.152449187574624, 531.6408287896983, 0.8883317787276591, 10907.05059553283, 556.7401287569083, 23.74554298195035, 5.2091631662073565, 0.15218351638147057, 531.3711635041436, 0.8863791656642945, 10910.507104147273, 556.8154213737291, 22.689926759189873, 4.954922941792665, 0.15129712654433103, 530.8768299918381, 0.8854458218091524, 10912.416113197902, 556.8725237455467, 21.41978374998032, 4.82277904530706, 0.15221286763139896, 530.6255296281622, 0.8750290440963014, 10908.784121963312, 556.8890369465751, 19.937040411761668, 4.402614903737155, 0.15084983207406497, 530.3170372806682, 0.8814380333123752, 10914.056713254491, 556.9878634074245, 18.191779555785487, 4.098645712916078, 0.1510783928499779, 530.2123827312352, 0.8755092870367563, 10911.32128795772, 557.0971704380597, 16.14534532314048, 3.5948181775357853, 0.1490170685411332, 530.4569915440758, 0.8691439747987014, 10921.006625249069, 557.1150285778178, 13.729207950845039, 3.215368618692426, 0.15052437190252285, 532.1000633850213, 0.8820466724115057, 10923.32213384428, 557.1481424001682, 10.375259421792705, 2.784684678294556, 0.15304346826288595, 549.7761552657523]}