{"obs_size": 14251917, "obs_mean": [5206.818538953767, 559.7246116434721, 2.360907448450619, 0.06377646605443461, 0.10011839031794809, 632.4329453312141, 0.563477943353171, 5206.230783817961, 560.026991877654, 2.2815657009509662, 0.06376909955258077, 0.10009860519619934, 633.3482936885335, 0.5642480521743158, 5211.88777914019, 560.3462236694194, 2.1794727684703745, 0.06376166791710322, 0.1001542757871806, 634.3834970271478, 0.5637312830968708, 5208.787010993746, 560.7172763495605, 2.056313406820991, 0.06375299117684427, 0.10011304240517337, 635.636039734722, 0.563974003006053, 5213.618861220973, 561.13162067952, 1.9104878312159688, 0.06374406121507137, 0.10012920572600817, 637.0676188888813, 0.5645967882075114, 5213.9768110985315, 561.5222394292641, 1.7250400770647205, 0.06373493532751534, 0.10008844318073125, 638.641628659033, 0.5644709109658798, 5216.105643683336, 562.0043925318961, 1.5489702894003663, 0.06372556252559672, 0.10007298648792232, 640.3802646579564, 0.5657828911717723, 5221.598421966324, 562.5187221480451, 1.3410913773915467, 0.06311354019933786, 0.10015500959435954, 642.3005912368569, 0.5652829657231313, 5220.7614243281905, 563.0004393093224, 1.1232549277405979, 0.06280193804707987, 0.10012787767308716, 657.7277682711724], "obs_std": [10956.8400413222, 560.1333749207797, 22.451157633094134, 2.2758043950188895, 0.12044914824047227, 530.288906351952, 0.806405017524395, 10954.19184354898, 560.2532483488444, 21.88371009096207, 2.275803619955668, 0.11945120530662816, 530.2874956056007, 0.8043448258296416, 10966.546263166223, 560.1851725843811, 21.177973269096416, 2.27580304475791, 0.11925107928125739, 529.9889390225972, 0.8023222368084222, 10952.113856655382, 560.3662184510943, 20.273321158563654, 2.2758021003873394, 0.11801314557082512, 529.9103121191724, 0.8017772950340771, 10965.076209339948, 560.3347834527304, 18.94876884668611, 2.275801084490302, 0.11825289463016707, 529.9281016507135, 0.8049683340682796, 10962.244120896263, 560.2718107967673, 17.323469403026273, 2.275800256980566, 0.11600016390220463, 529.895319257037, 0.8023533152149509, 10964.737519468363, 560.3108784986052, 15.44780897194158, 2.2757997302570088, 0.11329913460755271, 529.8022135802948, 0.79808453647428, 10978.205169511166, 560.2781147265429, 13.099838478439027, 1.6095562699295822, 0.113450262459738, 529.908063903454, 0.79624549827218, 10966.37245950683, 560.227384892257, 9.976681844853454, 1.1385824467123407, 0.11312876268775927, 536.0570476141165]}