{"obs_size": 14240282, "obs_mean": [5232.452837605908, 560.2638949846638, 2.1924471720433623, 0.06421747899185605, 0.09971892394652, 630.1064536773479, 0.5634519685775877, 5234.754996115676, 560.5938904861574, 2.10686164782411, 0.06421107562779346, 0.09971226630919353, 630.8840110503894, 0.5631404662491944, 5238.086430719686, 560.9106583703891, 2.0216874918628713, 0.0639025980036145, 0.09971365567416468, 631.8398214345376, 0.56409828351714, 5236.593031640501, 561.250671861695, 1.9245142055473339, 0.06359354111464292, 0.09974614640763516, 633.0062143241682, 0.5636289652831323, 5240.7465344768725, 561.5532895345751, 1.8039589384536066, 0.06358514864327193, 0.09972563828300637, 634.2390666291049, 0.5639333261799151, 5240.546502136997, 561.9197568559385, 1.6565588378095322, 0.06357636530197283, 0.09971732631144596, 635.6674079666817, 0.5639929296344057, 5242.8075932435395, 562.3131562984498, 1.4758169817142666, 0.06356668990706142, 0.09966771290105036, 637.0901898722186, 0.5641234885657541, 5244.204841548359, 562.7965544502559, 1.295027514202317, 0.06355724443997027, 0.09969154193147213, 638.7842305003971, 0.5650946436313593, 5245.97189782976, 563.3104460993118, 1.091202828708027, 0.06264370918196048, 0.0997529335723833, 652.6059864023277], "obs_std": [10988.089836447389, 559.9209662024549, 21.18006716140794, 2.788222762920642, 0.11825301445466227, 525.3626742509557, 0.8038533079801113, 10993.252736826753, 559.9765386335241, 20.614981500599534, 2.7882222709369295, 0.11727781648152795, 525.156913860595, 0.8025496131162346, 10998.508421093125, 559.9845851517374, 19.976342255728234, 2.545354128422629, 0.11624349182698936, 524.9840282780858, 0.8007207014774922, 10994.62429417091, 560.0244874977036, 19.23009630905163, 2.2767238970491257, 0.11641137711721972, 525.035210337491, 0.7980248004251328, 11000.96469835116, 559.9673603627223, 18.245308891356625, 2.276722773949951, 0.11550891127699382, 525.0307816471397, 0.8004750376698044, 10996.509532671806, 559.9460513163228, 16.845830876413544, 2.2767219506224206, 0.11452332961646919, 524.8877959324008, 0.796521782670546, 11002.059079840303, 559.9527672235536, 15.020337912548154, 2.276720891766306, 0.11269615230603712, 524.6450751651612, 0.7957209344270328, 10998.878402859478, 559.9549709308249, 12.79132334910705, 2.2767201218931175, 0.11218640249536736, 524.4373488174659, 0.7930059268337577, 11002.201642742632, 559.9939270753762, 9.842432520682829, 1.1390328397844918, 0.11026826679967403, 527.1997195335982]}