{"obs_size": 14240334, "obs_mean": [5300.663704164878, 577.5282470200488, 2.113967270711487, 0.063195089927323, 0.09671911762947412, 636.6361294188753, 0.5161753814903338, 5301.944953181444, 577.83735346376, 2.0317919509472184, 0.06318941664690694, 0.0967048686942326, 637.4621512588578, 0.5162818473920462, 5305.565446881499, 578.1590304693698, 1.9381893711200873, 0.06318345878903649, 0.09672153333018764, 638.4482978383394, 0.5165322503671492, 5304.591524582578, 578.4979011026006, 1.8367010914210298, 0.06317679748425246, 0.09671455467083927, 639.6258975975252, 0.5166108038617466, 5308.136536863866, 578.800766189894, 1.7112538933426702, 0.06316984585151687, 0.09671323234209314, 640.7891327635913, 0.5168468827346181, 5308.195893643174, 579.1805978708082, 1.5497019241262178, 0.06316228832330151, 0.09669962399969091, 642.2472520028821, 0.5167736952658477, 5309.622770040266, 579.5885192720903, 1.364142863503061, 0.0631538738977691, 0.09667391821111798, 643.6845835092009, 0.5168854375185209, 5311.335236432095, 580.0964563752507, 1.1634564891525718, 0.0631453499670102, 0.09667525229991014, 645.3294698909897, 0.5168224764250524, 5313.755349515429, 580.6326634614047, 0.947763935873976, 0.06253397889762333, 0.0966560546247021, 654.0092840018547], "obs_std": [10918.73098458761, 556.6467376817535, 21.699580054820135, 1.9718098325945488, 0.10846904542576595, 527.3130938357722, 0.7320479829060199, 10919.831619303972, 556.6418168510507, 21.125650001661793, 1.971809322590022, 0.10781508070330677, 527.0754896454837, 0.7328511255103577, 10926.342645319854, 556.5783385980983, 20.468426062856857, 1.9718088492171315, 0.10675560401880493, 526.8848941489554, 0.7298878410547707, 10921.242784820417, 556.5658845562052, 19.700131834663544, 1.971808366655522, 0.10687378626469675, 526.8961714292764, 0.7290591428638726, 10927.530016178602, 556.4514791939456, 18.685246558511807, 1.9718078388012485, 0.10588284893011501, 526.81538735616, 0.7325811561220811, 10923.520621744485, 556.3829790578594, 17.2324724457133, 1.9718073353756815, 0.10470246216650808, 526.6197180272719, 0.7280976757700037, 10927.561718283416, 556.3564540498954, 15.34407272241425, 1.9718067658094396, 0.10345067280406664, 526.2698535544918, 0.726579175465147, 10925.868945131639, 556.3112737151722, 13.016229504182377, 1.9718062102420788, 0.10233424079364153, 525.9412642076744, 0.7213412986395542, 10928.963262293024, 556.2872599980489, 9.891177247399524, 1.1390013403363775, 0.09989894719006938, 524.139606522268]}