{"obs_size": 14240282, "obs_mean": [5227.639631665326, 558.0910938421022, 2.184386025501461, 0.06521083167012505, 0.09906888902649535, 629.959482650651, 0.5588490575537698, 5225.406875577385, 558.3973418503931, 2.1007167554687474, 0.06520461699417972, 0.09905490286568895, 630.7680675439816, 0.5587383650829313, 5230.199462677537, 558.7144451212414, 2.0141416441050812, 0.06489653792531012, 0.0990696633961324, 631.727244111139, 0.5592732140416833, 5228.948594189801, 559.0519195476608, 1.9174002312594651, 0.06458779843208928, 0.09909689393946063, 632.9124936011741, 0.5593011593450083, 5231.914402236473, 559.3515536419854, 1.7967948949325583, 0.06458016747302545, 0.09907799610429123, 634.1115905520626, 0.5594850825285507, 5233.918415598825, 559.7303519691533, 1.6493233069401294, 0.06427028524112856, 0.0990733716426407, 635.5700097862239, 0.5595716372751589, 5233.448874664511, 560.1351858060116, 1.4683771009590962, 0.06395961303969341, 0.0990375080393771, 636.9960160273946, 0.5596667485236583, 5237.327099549384, 560.5978083158745, 1.286489551260291, 0.06395040518137997, 0.09905830440555821, 638.7138629968134, 0.560158738921038, 5237.925970358153, 561.1366502433027, 1.0824121320069364, 0.06303718512471218, 0.0990821655687018, 651.6891200855882], "obs_std": [10976.732208269206, 556.8381454436862, 21.16884973467599, 3.4147092545783964, 0.11419891472577103, 525.818592255093, 0.7878588684033782, 10968.630761289081, 556.8602021308128, 20.607799656846822, 3.414708916753044, 0.11347455904823867, 525.6861178510742, 0.7873394722287113, 10978.140537612622, 556.8503768735179, 19.96567518352088, 3.2194537209638785, 0.11242885521738999, 525.5152178225541, 0.7842468837859915, 10973.28392194445, 556.8621862398713, 19.2213594005996, 3.0115655932671817, 0.11266453868910067, 525.5905083858446, 0.7837019382480279, 10977.155318452335, 556.7898259762577, 18.23685510411681, 3.011565023386291, 0.11153158654285313, 525.572471564335, 0.7860227315757876, 10977.811288767736, 556.7636469506205, 16.836880885030293, 2.788219442127029, 0.11070786331445706, 525.4657125091002, 0.7815554189186765, 10976.41615622208, 556.7774374306604, 15.009895758171407, 2.5453507454704813, 0.10924868535381999, 525.176258153341, 0.7791962573872426, 10980.441427823998, 556.7504840988356, 12.781402406742846, 2.545350087715223, 0.1082515272947264, 524.9826649080004, 0.7758083582892196, 10979.461903536208, 556.7879112513718, 9.82819988225051, 1.610201633465803, 0.10614468420031527, 526.0812888631699]}