{"obs_size": 14276570, "obs_mean": [5233.937770013089, 568.4280902905949, 2.599428083916515, 0.06554945657192902, 0.09920488458957591, 634.2594674540684, 0.5473352852961604, 5238.33852317438, 568.7595352385061, 2.4807941963650935, 0.06524029170529765, 0.09919069235754824, 635.3377260778044, 0.5468994502181317, 5236.963074860721, 569.2258476650904, 2.3341455965963815, 0.06523138869645169, 0.09919218708135139, 636.4437487458558, 0.5468660218106093, 5246.636340495557, 569.6624716581084, 2.153752827184681, 0.06492112875110041, 0.09916542650895824, 637.9267306784889, 0.546565693440421, 5242.15381772401, 570.226058009732, 1.9734425705894343, 0.0646107040488085, 0.09916549569063193, 639.4085469476212, 0.5472748985926372, 5250.488374983898, 570.9002901257094, 1.7683360218876103, 0.06460090036171834, 0.09919954830691202, 641.2272069895835, 0.5473688429364073, 5247.600358753536, 571.6172528835707, 1.5529578182994934, 0.06428967495477553, 0.09919084636617927, 643.6210473755191, 0.5486541943898794, 5247.891875345041, 572.26509490725, 1.3249847827594443, 0.06397814431961556, 0.09930261267531432, 647.1797192275659, 0.5519986046368813, 5297.429284802578, 572.751249354712, 1.0704214667808862, 0.063965748897606, 0.09955707712363725, 664.4065924401954], "obs_std": [10971.046993029073, 558.0405624957859, 24.562616202325927, 3.594814107453788, 0.12315297023536749, 536.2157603004947, 0.8244969919875288, 10970.277593736224, 557.9754077867673, 23.81280000585187, 3.4103703016627027, 0.12248705800509574, 535.7327912637597, 0.823282512985947, 10976.64825628264, 558.0745797352048, 22.747226200890204, 3.4103697109324855, 0.1220688726829134, 535.0615141707516, 0.8251118650737768, 10983.30883785763, 558.167601097832, 21.471880501983396, 3.2153627833934566, 0.12160405803154083, 534.5441073825817, 0.8151422962755439, 10980.297097482042, 558.257798104598, 19.97546819370818, 3.0077389928683393, 0.121672466010856, 533.8183293116068, 0.8186586268898028, 10980.653017121742, 558.4651667142487, 18.220954427773684, 3.0077384991126532, 0.11950129319980535, 533.420532549351, 0.8127382322410281, 10965.25903393677, 558.6821196049551, 16.15735152649324, 2.78467735173918, 0.11713304876446733, 533.4758661524064, 0.8128616055963308, 10975.602349869734, 558.8317490243405, 13.72698651633383, 2.542118592032776, 0.11896651536069569, 535.133705155771, 0.824728807646862, 10972.519627622702, 559.0510987055172, 10.338732738724035, 2.542117522493358, 0.11995270890940277, 550.1011329160357]}