{"obs_size": 14276570, "obs_mean": [5264.053063364324, 569.4179246835898, 2.6115563472178542, 0.06384652813351537, 0.09714941205261503, 624.6606566068765, 0.5259125276589449, 5264.414995435901, 569.801457142717, 2.489747117129675, 0.06383934960751084, 0.09712620770584328, 625.8926225775003, 0.5261783328208322, 5265.206092603128, 570.2014839698892, 2.336286446954696, 0.06383147086625862, 0.0971237765761672, 627.1899110696736, 0.5262846061063616, 5267.256678710877, 570.6065521340211, 2.156688826517854, 0.06382328035222058, 0.09710833170712585, 628.8384330044237, 0.5262529033934537, 5266.06345713506, 571.0312208744817, 1.9658992320984663, 0.06381464048711295, 0.09709634619421954, 630.4928710340093, 0.5266046713601293, 5271.080025340202, 571.5984914443735, 1.7599043047454677, 0.0638055244960871, 0.09710349716766803, 632.4132104114613, 0.5270320395585164, 5272.420623171624, 572.1696855056921, 1.5364386543826702, 0.0634956466402017, 0.09707122860133786, 634.4848690080729, 0.5273508066713429, 5276.620303186375, 572.679863090364, 1.299176973180533, 0.0631853074450024, 0.09705669264263149, 636.9008733329292, 0.5281339218733889, 5279.206645584104, 573.2151745132059, 1.0384733868149, 0.06317461233006942, 0.09709120790056758, 645.0516896237616], "obs_std": [10879.021639403603, 554.0160886380561, 24.872645833366377, 2.5421109447909593, 0.1135566185914681, 524.0227718742049, 0.749098884401328, 10882.421260387231, 553.9610891401876, 24.11278916528519, 2.542110590268901, 0.11223204106156391, 523.8800845673304, 0.7504452700786818, 10880.477278157696, 553.9967565534656, 23.041210632270786, 2.5421102481264213, 0.11205504462655652, 523.5653828416105, 0.7524958211604924, 10883.998349566553, 554.0193656672809, 21.748076586428862, 2.542109893844954, 0.11148902332021027, 523.4481060984675, 0.7447845287354558, 10878.911941378066, 553.9502099559065, 20.238782235091886, 2.5421095341250717, 0.11007831232508263, 523.1122119102571, 0.7469008733161114, 10886.925560927953, 553.9643411335917, 18.45334196585939, 2.542109072810447, 0.10829616720204793, 522.9550452099576, 0.7467218271016717, 10886.220359179177, 553.9398950430658, 16.368742591671396, 2.2738201279115846, 0.10612946583375488, 522.6550058205934, 0.7424585161498998, 10894.111169337826, 553.8196260957777, 13.879259631113271, 1.969313844014364, 0.1051715147899626, 522.7147823754477, 0.7439049027222936, 10891.222994608337, 553.6651870562034, 10.41666000943728, 1.9693130135724286, 0.10401819812671412, 522.5210271003355]}