{"obs_size": 14264008, "obs_mean": [5209.674902799336, 563.4679172922506, 2.462990135731837, 0.06687776958447665, 0.10090805718301615, 629.9332456443294, 0.5593815994775505, 5216.109043541456, 563.7439542939123, 2.3629380325642, 0.0662672706378269, 0.1009874375960818, 630.9780915157031, 0.5596062488187387, 5213.518677499904, 564.1118110702124, 2.2419171385770396, 0.06565571041562296, 0.10101201643752704, 632.0234421985263, 0.5591078840533759, 5219.6702378409, 564.511745436486, 2.096355246015005, 0.06564628894768774, 0.10096720969050187, 633.1690371067185, 0.5593205357849295, 5220.219926632571, 564.990782604721, 1.9112060228794039, 0.06533501362941813, 0.10096991768393632, 634.5187198699427, 0.5587915171528546, 5218.365897163535, 565.4814806609754, 1.7364015079071744, 0.06472262091020478, 0.10097277427802977, 636.1686930640132, 0.5598539349529559, 5226.240491011715, 566.0167534959319, 1.5277384869666366, 0.064110371134335, 0.10105869538106045, 638.0277831806244, 0.5595430134363742, 5223.405955177691, 566.7345556031655, 1.311220100269153, 0.06319601441313831, 0.10105934697695058, 640.8406200168026, 0.5612855693154779, 5262.811603471345, 567.2565015386979, 1.0814725426401892, 0.06318480706195055, 0.10123146588217119, 663.32582936675], "obs_std": [10949.251529787482, 557.026358489609, 23.532147555991376, 4.255214427390543, 0.13727780650569033, 532.7503351961627, 0.8657111733187955, 10959.516038440286, 557.1035587645531, 22.908243850396754, 3.9396007011909533, 0.13594324752763293, 532.6374902499842, 0.8644908869316328, 10958.903196958614, 557.1499369169513, 22.080792206631035, 3.5963948739939893, 0.1372051159158104, 532.2817429235512, 0.8643213417793403, 10966.428774970847, 557.0850850748877, 20.928093665681562, 3.5963942771895034, 0.13566958721148434, 532.0143551251883, 0.8585824241695852, 10970.411460607476, 557.1307649388197, 19.45046237108537, 3.4118688019992627, 0.13621644995728285, 531.2426546974731, 0.8505515977975912, 10959.081940987413, 557.1486822850228, 17.80701529504977, 3.0090610018510824, 0.13606862454832558, 530.8061569801125, 0.8507463168894874, 10967.228485944985, 557.1897022813414, 15.867247915737753, 2.543235856629754, 0.13545143734289944, 530.6268297894195, 0.842228784978602, 10963.036343961621, 557.4509802813938, 13.48085634926721, 1.6088664769296237, 0.13496602499453472, 531.1208954457148, 0.8418577768253118, 10976.460624858375, 557.6455999697396, 10.284871408352771, 1.6088657763154095, 0.1352876578107929, 551.0930960138595]}