{"obs_size": 15063956, "obs_mean": [4981.955085171889, 543.394779299674, 2.576208069115444, 0.06564673639826875, 0.10367611312539733, 622.4235001744592, 0.6078514378958927, 4980.889402445519, 543.6928607598163, 2.48468436843549, 0.06506854728486398, 0.10377449561821583, 623.5460757148629, 0.6073234939746489, 4982.793610010235, 543.9958271917416, 2.366566259221681, 0.06505896860911636, 0.10371967525642065, 624.7656113015271, 0.6073840848313926, 4983.880601299144, 544.3691921962597, 2.2352001028149577, 0.06504919102306933, 0.10371414716751656, 626.1116532222491, 0.607786908963381, 4987.558503484766, 544.7349890028887, 2.055448714799751, 0.06503919796878789, 0.10364561234333194, 627.7113029604751, 0.6075657568968266, 4986.784879096823, 545.106089462821, 1.8956622018810996, 0.06502909495766646, 0.10367549211150205, 629.5840357245645, 0.6099021616234359, 4989.651697079421, 545.5246671591448, 1.7000212958667698, 0.06444911350883593, 0.10379407207801193, 631.5028688457409, 0.6091391903959723, 4993.189134326257, 545.9812212675075, 1.4954472118744904, 0.06358363749669131, 0.10376980000426116, 633.863777004301, 0.6103945563171023, 4994.2534805845235, 546.3634939586918, 1.2829615938867585, 0.0630025524186416, 0.10393011408988605, 652.0338524272503], "obs_std": [10684.862577121465, 557.0132882280802, 22.956309802104638, 3.4996392856178145, 0.12706113355491105, 521.5821469902245, 0.8641499107152012, 10686.200713243055, 557.1561640527675, 22.35540288561192, 3.130243268615483, 0.12683110722674773, 521.650462592721, 0.8612362128142198, 10684.91545765926, 557.1790417144664, 21.557552082082736, 3.1302421151624285, 0.12613016198949678, 521.6104827826533, 0.863685892053436, 10689.582682691049, 557.1071368933077, 20.456943432266083, 3.1302412707502425, 0.12538821504527706, 521.6997750841579, 0.8591650924260951, 10694.001005050957, 557.0849382829925, 19.036175599262062, 3.1302402376734277, 0.12407706353179852, 521.4863804813485, 0.8571475833023762, 10688.353434679726, 557.013426590942, 17.454936315146327, 3.1302395411959036, 0.12402785098220508, 521.4505880986469, 0.8609816058672487, 10695.00661077624, 556.9653040624921, 15.597978496723304, 2.710967949541166, 0.1238767781549547, 521.6534395237661, 0.8542592913493918, 10698.648430980906, 557.0123706107499, 13.326008669590053, 1.9172294637808305, 0.12347548121469287, 522.0332322486012, 0.8537792537257425, 10698.354256237923, 556.9420356193161, 10.322794403708324, 1.107570460807811, 0.12334459331036361, 528.6274662655584]}