{"obs_size": 14264008, "obs_mean": [5198.074408075919, 559.397327104696, 2.4930236999306232, 0.06439646301040466, 0.09922390744060182, 627.9686971007969, 0.5576791035170404, 5199.24709405745, 559.698652160038, 2.3960188468766987, 0.06408848203654378, 0.09927752264377629, 629.0915830752521, 0.5580038231891007, 5200.746288264562, 560.0330960274279, 2.2762506162363345, 0.06408058828466145, 0.09923777425797944, 630.2428068162885, 0.5579366978762199, 5202.661032274462, 560.4450648092737, 2.1317325396901063, 0.06377134817381758, 0.09920918333661909, 631.6196995267538, 0.5582550412899319, 5206.260083996419, 560.8414545196554, 1.9516570658120775, 0.06346116677010546, 0.0992059375797469, 633.1327957429611, 0.5580801804794255, 5204.924307425176, 561.290240232619, 1.7748897785250821, 0.06345209165180771, 0.09920693704027744, 634.929490857638, 0.5589353347950976, 5209.334704780943, 561.7658083899, 1.5722648220612327, 0.0634432467110308, 0.09925706744892496, 636.7233037157129, 0.5588596719098847, 5212.369142478433, 562.3424176430634, 1.3563039224319, 0.06283189228371967, 0.09924419666667288, 638.9880023158032, 0.5595773028169836, 5215.013270190162, 562.8347498823612, 1.1289616494886991, 0.06282203103406243, 0.09928917730178063, 650.3644024119045], "obs_std": [10898.747672975753, 559.2738430911282, 23.398254569074208, 2.785902767103603, 0.11384191956259011, 526.4660263934254, 0.7888246795629181, 10901.528678732679, 559.3732228050195, 22.783981295420283, 2.543236808932889, 0.11352459443686351, 526.4909487133203, 0.7894664270408642, 10900.839302574117, 559.4191863199791, 21.967551494107035, 2.5432361320082117, 0.11256881707895379, 526.3599270518889, 0.7906955203647947, 10905.803450223057, 559.3391163078488, 20.830300939837013, 2.27482929647924, 0.111383569403638, 526.4880639889533, 0.7877898689884617, 10909.499670551515, 559.3107378616103, 19.364991805557167, 1.9701891129741527, 0.11113079806926102, 526.0889332134076, 0.783703714161723, 10903.361207151329, 559.2608399133346, 17.72736489522391, 1.970188336316936, 0.11049505281325767, 525.946704025962, 0.7856299776504674, 10909.943837846213, 559.2033975409884, 15.801624518234995, 1.9701877599564401, 0.10983391816119142, 525.7985708112325, 0.7805004458700644, 10912.848914131744, 559.2968541798148, 13.437818616217559, 1.138086460094692, 0.10937716984637798, 525.8448115070466, 0.7804781542765267, 10912.523600453564, 559.2402718545962, 10.284162239328676, 1.1380850142384267, 0.10870749158522579, 527.1172651805961]}