{"obs_size": 14289583, "obs_mean": [5202.495407016457, 565.8671344013328, 2.7545284561487904, 0.06488880794156802, 0.09855410782148044, 632.6361630556589, 0.5426861802755547, 5215.860293149997, 566.2645963846529, 2.6032782762100197, 0.06488053420397895, 0.09855007031947631, 633.9090434754224, 0.5425790462185321, 5213.268875598309, 566.7201738497198, 2.427670212629718, 0.06487175656148217, 0.09850900342403272, 635.2976357608644, 0.5425703313386181, 5220.645548791216, 567.2337053502541, 2.244869426910498, 0.0648628576289521, 0.09851146828343385, 636.6845111169404, 0.542847959944006, 5217.013587902642, 567.8647104677582, 2.042741555159447, 0.06485331664654566, 0.09854405217535081, 638.735212266729, 0.5426008066855821, 5219.788539809544, 568.499383641916, 1.8284108080690669, 0.06484334461517151, 0.09849796557961113, 641.2574464256965, 0.5437340278579559, 5227.232953261956, 569.197606606155, 1.5960504935658375, 0.06453267767282692, 0.09854174620623933, 644.604891449995, 0.5464996285756318, 5224.177199840897, 569.97463166, 1.3463734386090902, 0.06422158564893769, 0.09871304669842357, 650.443606284754, 0.5552746687570046, 5273.834737747408, 569.7765399452175, 1.0978943192394066, 0.06300833496345563, 0.09925299483973772, 660.1758917987554], "obs_std": [10899.213552837155, 554.5077463774875, 25.49400688599194, 3.213892690753713, 0.11716714725267759, 534.4320847699605, 0.7940698792692744, 10914.897161595985, 554.4307890638842, 24.496954026296354, 3.213892281594674, 0.11561122375896635, 533.8016554974407, 0.7914867333797847, 10917.106759563132, 554.4146915514236, 23.324918705387056, 3.213891810328248, 0.11547151629448676, 533.3451518339173, 0.7873659105567541, 10916.065750085148, 554.4765498917659, 21.998615816897196, 3.213891449166605, 0.11428253047057871, 532.4268582851857, 0.7846247534547175, 10916.876232294608, 554.553371303356, 20.425119560628506, 3.213891021618316, 0.11395949836018116, 532.2305533000714, 0.7804746503537798, 10911.77409905271, 554.6729875823414, 18.648326666655937, 3.2138906054939778, 0.11205988349339711, 532.2966456730566, 0.778390285078514, 10909.825386313747, 554.7844080212628, 16.53231791385537, 3.0063613037604218, 0.11110184967225341, 533.3523557502122, 0.7872512351684273, 10912.570166053336, 555.1024933290829, 13.909550914431367, 2.7834014399184204, 0.11116743039840678, 536.7409096127545, 0.8064974477157959, 10934.711959463655, 555.1330641656673, 10.529334095669654, 1.607415915403682, 0.11312846142680259, 543.5956265937252]}