{"obs_size": 14240282, "obs_mean": [5312.614451087914, 570.9099463058385, 2.1228469351941204, 0.06309783240887493, 0.0968237986932424, 630.0371769013693, 0.5265822998448975, 5311.189280371983, 571.2249468093398, 2.0394532917255437, 0.0630919331690986, 0.09682413056335638, 630.8699493150491, 0.5265904679415687, 5315.641963693643, 571.527836597618, 1.9475498448696449, 0.06308575350797951, 0.09683610584010942, 631.8717172480713, 0.5270306272024577, 5314.297923671809, 571.861693328826, 1.8454757426854327, 0.0630787669566598, 0.0968617043681447, 633.061355083972, 0.527096873362467, 5317.0175741131225, 572.1463949239206, 1.720574634687712, 0.0630714453409081, 0.09683346323485806, 634.2765295017734, 0.5272779572763995, 5318.228327871212, 572.5108604590835, 1.561314726772967, 0.06306363063737896, 0.09682246424818061, 635.7939607828864, 0.5273074561304285, 5319.2036393952485, 572.9270607141068, 1.378002135070078, 0.06305490511073561, 0.09679398642969304, 637.3114722532376, 0.5275091052972067, 5321.3976580344815, 573.4189653688037, 1.1820414792347511, 0.06304604455656963, 0.09680422626511156, 639.0853468568477, 0.5277093413599443, 5323.420230893767, 573.9758187372975, 0.971051205306187, 0.06243434198136739, 0.09681304319338682, 650.1974908311947], "obs_std": [10965.582639817389, 554.0870024633409, 21.575445499488247, 1.9718205646243123, 0.10962376969088904, 523.5270288396252, 0.7469519282445222, 10967.516056384833, 554.0777012803364, 20.998177107409855, 1.971820061053944, 0.10910971943306011, 523.3296898973211, 0.7467740512922038, 10973.517416107932, 554.0222650919653, 20.342858057713418, 1.9718195844099233, 0.10796786429614533, 523.1657256778318, 0.7445220981498512, 10969.514765528022, 554.0097602057524, 19.57581362347347, 1.9718191020665465, 0.10825760409903235, 523.2072473305993, 0.7435603644360722, 10973.475250238691, 553.8880136077819, 18.55513345681546, 1.9718185542363673, 0.10717916172076754, 523.1585741176037, 0.7459049377583137, 10971.479635777547, 553.8159103171866, 17.108263159117968, 1.9718180627136643, 0.10599035527028855, 523.0021752679846, 0.7417238631228101, 10974.747939314171, 553.7931615025026, 15.230732298833976, 1.9718174893539913, 0.10469504133413639, 522.7244031504638, 0.7398552305464899, 10971.625147533468, 553.7304739844138, 12.923590121707363, 1.9718169268159915, 0.1038654893300775, 522.4075044082334, 0.7347328931011768, 10974.758243118431, 553.7240721529404, 9.862280780967296, 1.1390156807614915, 0.10143863423814209, 522.405525293484]}