{"obs_size": 14251917, "obs_mean": [5269.244797639152, 570.0809739489781, 2.294470210568866, 0.06300486817619798, 0.09836456898914019, 638.7464103176663, 0.5433928463799319, 5269.698404678458, 570.3444074225242, 2.2098905712122794, 0.0629975547011054, 0.09836259129301732, 639.7164166084652, 0.5437068748716823, 5273.94790374621, 570.7050933569147, 2.105417397533258, 0.06298967638550754, 0.09838703918511534, 640.735940821575, 0.5437147975953405, 5277.381228526775, 571.1044020253556, 1.9805578435518532, 0.06298117394573041, 0.09837596654485228, 641.7813874192476, 0.5434155676040298, 5276.061414027871, 571.6561035262837, 1.8278032351718014, 0.0629728090422581, 0.09837107550542157, 642.7626026481432, 0.5433743083825517, 5279.392248973542, 572.1510328049202, 1.641787417089224, 0.06296390930757681, 0.09834481231065238, 643.9671184910308, 0.5430444327595065, 5275.903658237911, 572.7878928147002, 1.4571763924810957, 0.0629544993143105, 0.09832943698486267, 645.6634858414623, 0.5436432265919439, 5278.72785521075, 573.5830626153661, 1.2457470809014675, 0.06264373665290934, 0.09834884046384855, 648.1131119690034, 0.5434339807760922, 5337.717241193291, 574.208574046565, 1.02191557809381, 0.06263320418292642, 0.09830904190755468, 668.7438799404048], "obs_std": [11012.852238709385, 556.9047469420188, 22.6466509810698, 1.6095394171927555, 0.11627982432520957, 535.353875049672, 0.7905251407745106, 11007.151641994245, 556.9446327069286, 22.063904046519557, 1.6095384093545635, 0.11595669319716215, 535.1532040559882, 0.788526520636759, 11024.352777288828, 556.8397505301631, 21.341009451737786, 1.6095373905147838, 0.11496751359410641, 534.6108411473858, 0.7878460501431296, 11011.864623789674, 557.05082444105, 20.422968855832476, 1.6095364065861657, 0.11432257177943375, 533.9778293285012, 0.7859654690738852, 11020.108173487783, 557.1513047535154, 19.072966741340824, 1.6095356503817582, 0.1138269685128615, 533.0551255231564, 0.7862999095792521, 11011.3298385578, 557.2301272204389, 17.42836285415919, 1.6095347026084086, 0.112195013509387, 532.1894467284461, 0.7823455724432082, 11002.934545836002, 557.453941882569, 15.515387583472167, 1.6095339423774067, 0.10954339672264927, 531.5798994051869, 0.7781964261385534, 11011.821535119865, 557.7361092261905, 13.124095538686955, 1.1385529163025783, 0.10897450806049268, 531.7416259593308, 0.7757461891892813, 11033.15537367385, 558.1067151480318, 9.910740064286271, 1.1385513707369488, 0.10840150916811636, 546.9038827946342]}