{"obs_size": 14251917, "obs_mean": [5204.295769797312, 560.3712243061757, 2.3241683908206876, 0.06741382293779333, 0.10334829217248491, 626.9195428565844, 0.5696166932490835, 5205.067825855365, 560.6889216376997, 2.2478618139580795, 0.06740473679576758, 0.1033521738498065, 627.8423240259737, 0.5702974506517549, 5209.871770482409, 561.0195191987156, 2.1426402497292116, 0.06739566834090635, 0.1034164329495471, 628.851827062284, 0.569991424381747, 5207.938278731602, 561.4260990995106, 2.0169173031249055, 0.0670838864688957, 0.10341620401978274, 630.0002481537945, 0.5696778739309476, 5212.0062276628805, 561.8765104371574, 1.873871634251027, 0.06647106766894029, 0.10337763764376363, 631.1359972809248, 0.570544860386175, 5211.7903339752565, 562.3011929553056, 1.68143394323725, 0.06585669172498831, 0.10343402545496136, 632.5535768928492, 0.5695954236191809, 5214.843055811586, 562.855764385942, 1.5085909495543652, 0.06494145677575264, 0.1034044978613046, 634.2021986544847, 0.5712270096717784, 5220.478773910975, 563.4493669167454, 1.2933841812297953, 0.06372460729676736, 0.10346762965564658, 636.1985074008838, 0.5707880871745411, 5233.830189430974, 564.0121838346378, 1.0773208263842682, 0.06310946098557266, 0.10356041850657635, 661.4306709809383], "obs_std": [10967.926048894618, 556.4273174430109, 22.536470201525255, 4.406423422655346, 0.16765957114325297, 530.2393289008444, 0.9267292273196867, 10965.237075796205, 556.5209475920896, 21.965658027129997, 4.406423086294565, 0.16753469002697177, 530.3855721260879, 0.9230135201239946, 10978.009777704565, 556.4301965056198, 21.25019953759606, 4.406422724512744, 0.16756451793861266, 530.039558681469, 0.9190377053217123, 10964.406596467667, 556.6297048691899, 20.33731982098177, 4.2570251967392325, 0.16666914006645367, 529.7716642321808, 0.9177836321217505, 10978.560661532334, 556.6612888608461, 19.000345884377058, 3.9412777873868277, 0.16623339808198814, 529.430540393121, 0.9139570726674618, 10972.681535992571, 556.6272866670041, 17.3621767701415, 3.5979261330936962, 0.16639227969856088, 529.0804518201105, 0.9070422321183154, 10974.982775332288, 556.7371030484991, 15.474887508158725, 3.010346050498787, 0.16475417167434145, 528.7347136821176, 0.9058839836229238, 10987.400638015111, 556.8025903235184, 13.100392744737622, 1.9710396379655482, 0.16446368287183288, 528.7203020756654, 0.8972269822917864, 10981.409916127352, 556.9082439248922, 9.943331367644753, 1.1385943769228701, 0.16535542167429795, 550.4496007526508]}