{"obs_size": 14251917, "obs_mean": [5211.201378564281, 561.749940025612, 2.320393319719726, 0.06862439865929094, 0.10273643546576895, 629.0851424991221, 0.5663563573939254, 5215.521392548844, 562.0652103853819, 2.2445806413270573, 0.0683131424412677, 0.10270996035915743, 630.0533788491712, 0.5669280617478007, 5218.175636375821, 562.3906594460241, 2.1384897905313367, 0.06800321004733073, 0.10275752953697402, 631.0193345915512, 0.566622524183976, 5216.407713684945, 562.8042374229376, 2.013474397865213, 0.06769184486712362, 0.10278233670558216, 632.1339152877897, 0.5663284250813723, 5218.334608397393, 563.2601379168852, 1.8680399275409754, 0.06738056726966074, 0.10276209945981243, 633.2587792540436, 0.5670932273181536, 5219.34988123415, 563.6939690990342, 1.6780052816754405, 0.0667670970723532, 0.10278316183864981, 634.6194364836208, 0.5663062478542694, 5222.199221762784, 564.244621056943, 1.502357331999618, 0.06585173420839592, 0.10274666069876735, 636.2874138738821, 0.5677125256202729, 5226.13095458225, 564.8316396313562, 1.2889458309362873, 0.06433427348104308, 0.10286365180684208, 638.3752468204299, 0.5675542376510064, 5244.999714911279, 565.3793783671347, 1.07144491509458, 0.06341835033428285, 0.10290177704241427, 664.3558323410573], "obs_std": [10975.585785730673, 557.281832668463, 22.542199438009824, 4.959207469833105, 0.1615448215446863, 531.7988848829333, 0.8884641519680458, 10980.802596536842, 557.3314463241683, 21.970973292048907, 4.826949052946882, 0.16058974821659935, 531.981267626454, 0.8854555725996891, 10991.192215314928, 557.2338355042266, 21.254517003734946, 4.690963690477516, 0.1600555671441085, 531.561917758297, 0.8816113428194855, 10974.011201835721, 557.4423548539868, 20.34265225648992, 4.550916757373187, 0.16021737858848337, 531.3015524934946, 0.8805798199542012, 10983.750498441677, 557.5168132055148, 19.007031827955135, 4.406420877930045, 0.1600513838035723, 530.9235610170223, 0.8811675501901707, 10980.839876374133, 557.5173872355489, 17.36947364287317, 4.102188524193079, 0.15972122035521966, 530.4864715304558, 0.8748596208251742, 10982.543788746847, 557.6463331668198, 15.481337399069952, 3.5979246048463596, 0.1577069992659456, 530.1431479016734, 0.8758960474101591, 10994.265778040104, 557.726027248551, 13.110584799986208, 2.5443240363971245, 0.15786144272241331, 530.2435111006063, 0.8707940652164837, 10993.008689675444, 557.8570517632518, 9.946999492966976, 1.6095627292626347, 0.15804224530831157, 554.903758535073]}