{"obs_size": 14240282, "obs_mean": [5290.984159905985, 571.7906835693282, 2.1405386494452845, 0.06313934481157872, 0.0975914369108699, 640.0309498570797, 0.5379427244488904, 5288.657386740566, 572.0466661404598, 2.056726826055833, 0.06313300718357387, 0.09761440756812381, 640.8179993317553, 0.5377861570438316, 5293.106981260377, 572.3483909939425, 1.9662849373348081, 0.06312646541459767, 0.09764060290891745, 641.8806801192168, 0.5382854193477719, 5291.296528470219, 572.6705605970444, 1.8655275225588932, 0.06311921941406198, 0.09764643115199605, 643.126569856873, 0.5384394669993521, 5293.820047883418, 573.0137357532666, 1.7428687156616702, 0.06311156132470673, 0.09763696674328588, 644.2999088212737, 0.5384567481177991, 5296.042182502739, 573.4412701939468, 1.586457768181838, 0.06310361988197395, 0.09761372067063086, 645.6503399781834, 0.5383702025704626, 5295.645700765002, 573.9653449980838, 1.4040621527017512, 0.06309462853447119, 0.09757790507498385, 647.241358603004, 0.5384915387209711, 5313.039020489287, 574.5871133029527, 1.2118701722339487, 0.06308539475988724, 0.09758643697645815, 649.1915379044206, 0.5387977922769008, 5326.288241564293, 575.2599282795102, 1.0014751112372635, 0.062473620566931905, 0.09756663769179608, 666.9568704115978], "obs_std": [11010.625911480505, 556.5811450289573, 21.511919026848066, 1.9718112867249642, 0.11116577308937577, 532.997128915191, 0.7669173960215118, 11014.29101221782, 556.5390370005616, 20.938778463054913, 1.9718106223569534, 0.1105048067976961, 532.6265130894242, 0.76634323870632, 11025.251766202398, 556.4808391362294, 20.287684993612963, 1.9718100334747695, 0.109691644734363, 532.4782242209125, 0.76273814738036, 11016.918670031611, 556.4926664500836, 19.524264134749483, 1.9718094450417456, 0.10954800075743326, 532.4728853442517, 0.7617059339810263, 11025.960114004409, 556.5001559752257, 18.525643293098355, 1.9718087265483881, 0.10849925391165789, 532.1174084953541, 0.7641671629050477, 11015.032396717435, 556.5808489365049, 17.09119934683457, 1.9718081567622332, 0.10741868658467861, 531.6414031032434, 0.7588176226338738, 11019.2024553742, 556.7818309066186, 15.226511334326839, 1.9718074376767862, 0.1061634461466501, 531.1907546860211, 0.7566633486216247, 11025.130494464416, 557.0402654761441, 12.947565199654749, 1.971806765432552, 0.10510398236694923, 531.0750200805458, 0.7512961339947805, 11029.812762123689, 557.4003209523318, 9.91871692693273, 1.1389980603942553, 0.10268223411886677, 539.3435157127203]}