{"obs_size": 14251969, "obs_mean": [5211.399360846749, 564.2422339678117, 2.354628613070938, 0.06340680944332092, 0.10013636788797406, 627.6273709350617, 0.5422847923679723, 5211.562076306916, 564.5278751307977, 2.2659367979259564, 0.06339983098750186, 0.10012702832717396, 628.5628516494763, 0.5421906284668254, 5217.5593364644765, 564.8293576838402, 2.160947796055408, 0.06339265450311572, 0.10010082062941639, 629.6146887746305, 0.5424216888206667, 5214.090188318931, 565.1812694091602, 2.034147702678837, 0.06338454595972773, 0.10010463868220668, 630.7994192550718, 0.5426153563763506, 5219.217734455155, 565.5949730174127, 1.8743410822743156, 0.06337638009527767, 0.10010339441216906, 632.176143785136, 0.5428325590660324, 5218.961270992869, 565.9853865104534, 1.6869571495699998, 0.06336764118762218, 0.10008422048076254, 633.7295090852821, 0.5428945061555908, 5221.085845350661, 566.492452306064, 1.4901994945400177, 0.06335838886248721, 0.1000510487118654, 635.3264323512459, 0.5429389687137096, 5227.07405080002, 567.0541350461821, 1.2731472402164221, 0.06304802916110222, 0.10002914913483232, 637.1077146828353, 0.5430518511512126, 5226.313159337846, 567.5784617550038, 1.039899118500749, 0.0630382449096769, 0.10000009672544148, 645.506238021707], "obs_std": [10897.840417050582, 554.0729229080459, 22.91535254219776, 1.609558493782181, 0.11965330767850592, 526.0238244377406, 0.7746056637784227, 10895.542357173563, 554.122760647636, 22.335313146437592, 1.6095575766764716, 0.11885705465059922, 526.0425210791517, 0.7720645347898093, 10907.227514169494, 553.9689301598933, 21.619235430795097, 1.609556825830225, 0.11775351131594713, 525.6866422982758, 0.7718257640427022, 10892.296984094624, 554.089071925656, 20.69961372632728, 1.609555970500132, 0.11683995894506623, 525.5428454509357, 0.7723799311154139, 10906.80830437497, 554.0187276666094, 19.34558560190577, 1.6095552878016177, 0.11640800550216468, 525.4554479660795, 0.773122386655986, 10903.583183307528, 553.9033233062326, 17.681380680906564, 1.6095544974292941, 0.11500504326673162, 525.2656102774132, 0.7730713273227938, 10905.838157764989, 553.9054755471774, 15.747540240897548, 1.6095537768226469, 0.11243842676466413, 524.8817194387843, 0.7680025981281706, 10918.378114217217, 553.8773959020322, 13.316823715969184, 1.138583320028505, 0.11146293566154349, 524.500219396279, 0.7655485794281279, 10906.838942758619, 553.8163897127517, 10.060857732099016, 1.138582190157266, 0.11094023418598621, 523.0079471050666]}