{"obs_size": 14289583, "obs_mean": [5218.699161941747, 567.1223366000254, 2.7632844849286364, 0.06497515592750976, 0.09862005138540401, 631.86027674995, 0.5424427518284052, 5226.063064995561, 567.4746533891156, 2.6116233762734713, 0.0649668960786395, 0.0986273463873643, 633.1164470194823, 0.5424945753840734, 5224.95069155421, 567.8521445307397, 2.43579032362246, 0.0649581104457766, 0.09860795554817797, 634.4702755718386, 0.5423712582795899, 5228.931239403504, 568.3410803520298, 2.2536456802133413, 0.06494932388426532, 0.09860839882241487, 635.9029165132823, 0.5427164291638543, 5227.004884758818, 568.8928825984635, 2.0503648007083197, 0.06493955701283191, 0.09864058717346813, 637.9448168956397, 0.5424884685578667, 5229.238502152647, 569.4729097413131, 1.8361619789744739, 0.0649293868841445, 0.0985959298682821, 640.4901416061425, 0.5436922470026229, 5233.702127835861, 570.1424844237931, 1.6035095635750882, 0.06461893140276416, 0.09866013352894853, 643.8628828499288, 0.5464171773242473, 5235.272678133579, 570.8768947281385, 1.3527861519821818, 0.06430792158456278, 0.09883876203343406, 649.7060464914414, 0.5553993675673096, 5279.942543020943, 570.6482405399794, 1.1048049477720938, 0.06309445063988903, 0.09938282016256206, 659.5400179019915], "obs_std": [10920.87679011178, 555.4039702359381, 25.55907328724179, 3.213893309174846, 0.11746802120117164, 534.2674248412789, 0.7959427706632708, 10933.978566918082, 555.2918629889984, 24.557135329192082, 3.213892894581208, 0.11565886724273097, 533.6931222635488, 0.7939495800091956, 10938.695441090196, 555.2377118778796, 23.386867442564352, 3.2138924541729827, 0.11595475517640637, 533.1887891031081, 0.789248800672801, 10933.335835189322, 555.2760322840045, 22.065525991237298, 3.213892103151236, 0.1148318769551984, 532.330779686844, 0.7869045831771075, 10937.040589136754, 555.3017128877676, 20.493618720421548, 3.213891653794537, 0.11430350154211169, 532.1331140220635, 0.782774340990653, 10932.194820429098, 555.373480362094, 18.716346584177995, 3.2138911966374297, 0.11262148055868515, 532.2499754734506, 0.7815826029961794, 10927.311287107297, 555.4472701062587, 16.60352924630809, 3.006361990279596, 0.11192052008746292, 533.2754170043372, 0.7888990196217863, 10930.880769041272, 555.7369433404881, 13.989446166740617, 2.7834021914682565, 0.11209729308840204, 536.7050522797076, 0.8084376449206873, 10950.648952690546, 555.7218804346448, 10.602453407570714, 1.6074171940249269, 0.11420027521978976, 543.5706103331268]}