{"obs_size": 14240282, "obs_mean": [5229.160316282436, 562.4959035923586, 2.1651180081967474, 0.068219005919274, 0.10211086289688688, 630.5190777721074, 0.5644318754362007, 5231.566640152548, 562.7816488465606, 2.0748426189874616, 0.06821150650992244, 0.10213641036778687, 631.3147011261448, 0.5636805980387484, 5231.748269320594, 563.1458403000728, 1.9937447867956546, 0.06760045945790479, 0.10212753841166936, 632.3162150396178, 0.5645815082875763, 5233.614991914933, 563.4566252269443, 1.8918347263066841, 0.06698874891804314, 0.1021937806107359, 633.4074113736382, 0.5643202698514197, 5234.433974027067, 563.8217290219393, 1.7703902914282175, 0.06667799787891329, 0.10219339037288834, 634.5387090165699, 0.5641095428447497, 5235.619002476436, 564.2100405034113, 1.6234326679766595, 0.0660648911717566, 0.10218456421101862, 635.7613879961024, 0.5643943402244742, 5238.550785401486, 564.6675579879669, 1.4352028983695688, 0.06545135192878347, 0.10217485335241276, 637.1404016327706, 0.5639944589580707, 5238.180108044485, 565.247046582364, 1.2557472527580564, 0.06513915129399253, 0.10213875193904093, 638.9933079549959, 0.5650057451811994, 5264.144296115322, 565.7918337572247, 1.045274594983442, 0.06392269620679637, 0.10220880301555858, 664.1041395822999], "obs_std": [10998.13967501679, 556.7000845944531, 21.296838363796596, 4.828917708324255, 0.15448932875564192, 530.7269150670695, 0.8733684982558226, 11000.06858079199, 556.7139157054448, 20.728858125661635, 4.828917363357421, 0.15309622922712013, 530.5503083815082, 0.8705541625333877, 11004.811252257336, 556.7084760977044, 20.08933218450851, 4.5527725604643265, 0.15246960652838185, 530.5058831413709, 0.864969450941195, 11001.76404575731, 556.7198674231091, 19.330809570511992, 4.258759533305008, 0.15268626729102272, 530.3533004664517, 0.8622835530228032, 11006.578393317053, 556.7018512144006, 18.339336837511258, 4.103861507482109, 0.15297435457369044, 530.1407051422791, 0.8620765326511187, 11003.65208637169, 556.7239307421461, 16.92176482973584, 3.775045623764563, 0.1522921138524503, 529.6087138757871, 0.8582467560628934, 11006.557723334708, 556.8073665638965, 15.075039260366468, 3.4147124994420834, 0.15164372307607482, 529.1567040367644, 0.8539590207578704, 11003.780635353256, 556.9243626076918, 12.828162228559826, 3.2194571285389526, 0.14967087514533955, 528.986488157764, 0.8534361355434957, 11016.636538371498, 557.0984932944345, 9.83548168507137, 2.2767286612073363, 0.14937672017363046, 549.7863329603745]}