{"obs_size": 14289583, "obs_mean": [5235.292619563289, 569.4395802872624, 2.790613763886602, 0.06495131210134696, 0.09838482420291723, 633.2018344313267, 0.5405422400360081, 5240.374698406096, 569.8420350684829, 2.638363134879443, 0.06494316333052562, 0.09836573172632072, 634.6091270087209, 0.5406189435339313, 5242.162693621543, 570.2750952214631, 2.461920757239732, 0.06493459724430728, 0.09835669678177462, 636.1419784683696, 0.5404705277264268, 5242.903668510309, 570.8313105427919, 2.2762959562920764, 0.06492586055192096, 0.09835103161596803, 637.7771670433815, 0.5408649237700318, 5244.827570113835, 571.4534686561532, 2.0724163189366687, 0.06491640924700898, 0.09837858656099407, 640.0111824155173, 0.5407682908591812, 5247.333913663856, 572.1533791433942, 1.8543632798801757, 0.06490627060972338, 0.09833438595632903, 642.6804248232222, 0.541869780104879, 5252.378221297978, 572.9392430835804, 1.6182499517305717, 0.06459579323988066, 0.09838001673680677, 646.0946564756991, 0.5443426015301182, 5263.7333098953795, 573.805156245637, 1.3637368564219123, 0.06428458866680083, 0.09852240222783266, 651.4997219095403, 0.5516880496793033, 5292.7627612294045, 573.8857925385227, 1.1067983579366871, 0.0630710126807834, 0.09896138826969292, 660.1693492428733], "obs_std": [10949.96450684655, 558.1763166450738, 25.703327179130305, 3.21389072631392, 0.1160974204124147, 533.9583958296718, 0.785584324146385, 10955.873617279753, 558.080451058365, 24.703874230072138, 3.213890332643058, 0.11440199027166954, 533.6743542778468, 0.7827914430210577, 10961.279818201816, 558.0707066018286, 23.532041777386937, 3.2138899219094803, 0.11445115098001145, 533.4300397266504, 0.776496267999023, 10948.596657810489, 558.1775577118509, 22.201460354481995, 3.213889585682918, 0.11325361233263463, 532.9722446510112, 0.7755367277183687, 10953.899831166682, 558.3203478439893, 20.62677801760233, 3.213889175198746, 0.11285448882644265, 532.9684421547636, 0.7720172467441503, 10953.697343180194, 558.5866735705192, 18.834183494032683, 3.213888717842315, 0.1108841830248519, 533.2690267532931, 0.7712424999854111, 10949.855858572406, 558.8845415222283, 16.693680271739325, 3.0063593047899966, 0.11024924288656474, 534.3338165160663, 0.7794775656406379, 10962.517676853993, 559.451407230498, 14.05669908007563, 2.783399259088895, 0.11001625856959905, 537.0420267227881, 0.7940699247619405, 10970.531087309284, 559.7465903609207, 10.609872767508039, 1.6074120124974325, 0.11172911215103364, 541.7177262157646]}