{"obs_size": 14276570, "obs_mean": [5241.506372676943, 569.6461899461844, 2.6012016191564222, 0.06422104651510133, 0.09809129119102167, 634.7237513422843, 0.5394275122105964, 5247.1288023482475, 569.9547170643929, 2.4811395874499267, 0.06421337596776394, 0.09809188224748677, 635.7927855788845, 0.5389935537037586, 5243.022063548487, 570.4167632701693, 2.332215301014179, 0.06420517207137989, 0.09809123700272572, 636.8853657389672, 0.5388229298774531, 5252.0892447118995, 570.8451049516797, 2.153166691999549, 0.06419634437782326, 0.09807306194541109, 638.3631247145003, 0.5385279207821259, 5244.720429580079, 571.4051923536255, 1.9687736620210596, 0.06418757805124765, 0.09806457548949142, 640.0181871633979, 0.5390194582452557, 5252.170862608445, 572.0822923853558, 1.7645987096340368, 0.06417792055284292, 0.09804923081608598, 642.083662373476, 0.5392965158298184, 5254.492540749821, 572.8307836546172, 1.5458756550067698, 0.06386749535218211, 0.09801269518890053, 644.7443445538547, 0.5401890498208239, 5255.514658583218, 573.531763862048, 1.314440233193267, 0.06355665812356165, 0.09804527037523783, 648.5282635543402, 0.5427445953755393, 5311.337957382618, 574.1522316634878, 1.0598245236776058, 0.06354534262453083, 0.09819559627354532, 663.5276065212166], "obs_std": [10935.78566236933, 556.4264819143061, 24.605699861681256, 2.7846694110942822, 0.11648299628811244, 534.7303515878208, 0.7823559183325652, 10947.864497475439, 556.3131523638498, 23.84786864644017, 2.784669012882332, 0.11505983456738776, 534.048497487011, 0.7810031025038601, 10942.49023165053, 556.3878569115211, 22.78571565661892, 2.7846686430586978, 0.11502797770514436, 533.2276729650093, 0.782325395526976, 10944.791428662555, 556.45269917893, 21.508189466532603, 2.784668180239995, 0.11458951262047848, 532.6502391730592, 0.7727977858955692, 10941.662415467978, 556.4937097105933, 20.012508939900993, 2.784667823985963, 0.11383825721148873, 532.0944985648282, 0.7750879146121465, 10943.614566384336, 556.6702960787475, 18.246727635678646, 2.7846673047240347, 0.1117992101058705, 531.9667255975712, 0.7735919554182286, 10938.50277058333, 556.8816363625916, 16.1804577964929, 2.5421076319955382, 0.10913518786253572, 532.0442183368718, 0.7689557184572835, 10943.097537255522, 557.0426710649534, 13.722636703058678, 2.2738183138525674, 0.10905930896988143, 533.7553416736986, 0.7767606512634858, 10956.0667791003, 557.3265179609793, 10.31753121732839, 2.2738174615365816, 0.1086079423359738, 544.7034430838688]}