{"obs_size": 14251917, "obs_mean": [5285.765767572901, 571.9691294862298, 2.325747757301702, 0.06306703641377628, 0.09806820653467156, 637.5337006780201, 0.54032340231847, 5287.474452556183, 572.2172389861659, 2.2400642664421913, 0.06306004549522122, 0.09807886038369514, 638.5505999747223, 0.5405913709713877, 5288.697728481796, 572.5252153797977, 2.1349590374403666, 0.06305260725101867, 0.09809181339815624, 639.6770156631786, 0.540665000996039, 5286.96206671891, 572.8535250380703, 2.0085001898341113, 0.06304442002553869, 0.0980888672834686, 640.9203333227784, 0.5404852964692706, 5289.06943442087, 573.371348920991, 1.8534455399929706, 0.0630364140170838, 0.09807990879486558, 642.2557057717877, 0.5406499381101082, 5290.784883579542, 573.8086060282276, 1.665754438508167, 0.06302761428656338, 0.0980431701934554, 643.9151777975319, 0.5406634288566556, 5290.739948367628, 574.424607861525, 1.4770971512113071, 0.06301844420130388, 0.09803237834566311, 645.9228145028627, 0.5412890771817238, 5294.621375228817, 575.2054508877648, 1.2636751954140626, 0.06270795730989215, 0.09803355064746802, 648.4357225205988, 0.5412868176260307, 5330.62519038113, 575.8410985694064, 1.0332887849402996, 0.06269766466034876, 0.09799032851320916, 666.100888935007], "obs_std": [11029.51555880801, 558.6079168460102, 22.887383411318826, 1.6095341907706289, 0.1140022862810943, 532.7155908903725, 0.7747613679216202, 11027.257677904096, 558.6495802741442, 22.307374628775094, 1.6095332604488446, 0.11324865005664199, 532.8145896563127, 0.7716876669742676, 11039.93566732188, 558.4956763863252, 21.58788302940518, 1.6095324257161998, 0.1120026486579866, 532.4923288821564, 0.7702843787930004, 11018.900730914604, 558.6511520477093, 20.666071547911603, 1.6095315584328138, 0.11116777623133235, 532.181109886045, 0.7694845022738592, 11035.22407863517, 558.7559031109269, 19.308467911021012, 1.6095309147038144, 0.11093499093914894, 531.859677701247, 0.7697730174289223, 11030.159715378186, 558.8248690171089, 17.646637768035003, 1.6095300175431024, 0.10908776283213269, 531.6294112071527, 0.767499674240633, 11021.71091924806, 559.0651814728335, 15.72807163646797, 1.609529301819914, 0.10683105482657981, 531.4614169133691, 0.7621091948684795, 11031.706845291581, 559.4044911341445, 13.333740169025097, 1.1385464688862303, 0.10585307527102895, 531.7443929011797, 0.7595689199696618, 11024.147400557302, 559.8115765292733, 10.088339268145237, 1.1385451448611996, 0.10536897985861432, 540.9601601525759]}