{"obs_size": 14251917, "obs_mean": [5268.840461163484, 571.0873046061101, 2.2408806478454792, 0.06291373529225049, 0.09766014312264096, 628.4209747214588, 0.5212894590250485, 5268.766537773212, 571.381902939794, 2.154326396933128, 0.0629070631532673, 0.09765206702417668, 629.3613402265773, 0.5212567708610636, 5274.653469090864, 571.6836314721733, 2.0519608695447773, 0.0629002651219568, 0.09767297409822187, 630.4096167906398, 0.5214393126201854, 5271.499647223574, 572.0505789501861, 1.9288753225267867, 0.06289265031701508, 0.09764825556169127, 631.6109545450811, 0.5216852684449305, 5276.630958133876, 572.4674310831309, 1.7745571350155909, 0.06288502210335084, 0.09765334167417632, 632.9668272728477, 0.5219324318966976, 5276.814740031087, 572.8484822778578, 1.595387623994723, 0.06287676914313504, 0.09764209700723062, 634.4978737004981, 0.5220397895946135, 5278.92612293011, 573.3597265546805, 1.407776441583262, 0.06286798917535935, 0.09762467562805677, 636.0866719268154, 0.5222754905883823, 5284.946860372608, 573.9372085172822, 1.201698480281635, 0.06255800090346662, 0.09765229835305766, 637.8832040954632, 0.5223910216428991, 5284.296091323794, 574.4453530707483, 0.9799511181548419, 0.06254873863032807, 0.09761157140074482, 647.5494583621714], "obs_std": [10900.892289715344, 553.2867378815661, 22.477374896033187, 1.6095306554284101, 0.1128513506893558, 523.0381741068247, 0.7376537794351419, 10898.548882086905, 553.3347879353404, 21.898638307754545, 1.6095297759935927, 0.112012125490159, 523.055432673453, 0.7345032484300251, 10910.265446365038, 553.1884430954578, 21.185098727112784, 1.6095290661431056, 0.11110225270069526, 522.7277015113954, 0.7343422405402878, 10895.766791295599, 553.3310056258628, 20.266352393694334, 1.6095282848576957, 0.10994338038006919, 522.6142063724918, 0.7352643558305222, 10910.00834432762, 553.2704460166248, 18.920802710650513, 1.6095276680524222, 0.10972978041452806, 522.512859787412, 0.7363305859833353, 10906.949090341697, 553.1589414598258, 17.280542626421553, 1.6095269317737972, 0.10827787317223765, 522.3526905282432, 0.7363565949488079, 10908.950329719682, 553.175041915436, 15.37613848846482, 1.6095261509921013, 0.10566796210368007, 521.9968313216189, 0.7310150390333731, 10921.460177901427, 553.1619010950174, 12.994552634735896, 1.1385419265526413, 0.10490667018094514, 521.7005797144849, 0.7292752327861239, 10909.941284199707, 553.1095519022786, 9.803712408681008, 1.1385407003791925, 0.104304630459904, 521.1430764899713]}