{"obs_size": 14251917, "obs_mean": [5211.0338015890975, 562.1625610084593, 2.322895158595156, 0.06891355186639976, 0.10190169215643081, 629.0800246134373, 0.5630989537758633, 5211.678132100998, 562.4638479160383, 2.245661829212168, 0.06830155099521873, 0.1019186197078613, 630.0447113575384, 0.5636246786309808, 5215.292637967016, 562.7724315963951, 2.1394361895315552, 0.06769027925907256, 0.10195597643236382, 631.0294870128713, 0.5633488574204041, 5214.657329616657, 563.1760862065082, 2.014499242452787, 0.06768032201226838, 0.10194280750512483, 632.1759645087241, 0.5632834258717866, 5218.272730279283, 563.6313759755969, 1.867951307883704, 0.06706762615542322, 0.10197901670645461, 633.3191735723194, 0.5636993490770638, 5217.990288434013, 564.0564427227579, 1.6775630955470762, 0.06615331417886565, 0.10197835302422797, 634.720844370761, 0.5631317094395323, 5221.785248578776, 564.6242616344175, 1.5002706653427746, 0.06554029219852399, 0.10192278077615707, 636.4165629879267, 0.5643672649090248, 5226.45700981342, 565.2657640372169, 1.2876803169706925, 0.0643241349309094, 0.10203213521563563, 638.4716680078851, 0.5641226037171259, 5249.513339069766, 565.8321938024196, 1.068335929826142, 0.06340863571617202, 0.10204305479676741, 662.9118421536763], "obs_std": [10959.71058052764, 556.4303110370296, 22.59103273696448, 5.088026746244141, 0.14819731463584288, 531.1319617216211, 0.8721627651368252, 10957.351263351273, 556.5141259285307, 22.02061413009449, 4.826947682095517, 0.14849642716129827, 531.2619699852844, 0.8681937797322049, 10970.09858114177, 556.3987348516433, 21.297824533910273, 4.550915906387443, 0.14740844995681954, 530.843110729739, 0.8632139523085881, 10955.694945366862, 556.6050496529917, 20.385278499937012, 4.550915533213901, 0.1467818060965561, 530.5779757022407, 0.8631092415000016, 10972.082836096431, 556.6325756041427, 19.043922859999764, 4.257022278544526, 0.14790419004404337, 530.1643287396975, 0.8619946521141079, 10964.48017045081, 556.6241221894436, 17.404699266743442, 3.7735063279685996, 0.14678841565288897, 529.7220159731146, 0.8567222426767775, 10967.383910919147, 556.7521522157729, 15.513083227977939, 3.413320617099567, 0.14435701249537028, 529.333355511612, 0.8578070999306001, 10980.992586463104, 556.8796810703438, 13.140375818998045, 2.5443219962412273, 0.14474005202899634, 529.3033354069693, 0.8485301931320578, 10978.126792385832, 557.0441869575084, 9.95967678360074, 1.6095600441616489, 0.1438036554581055, 549.9764358897653]}