{"obs_size": 14276570, "obs_mean": [5246.749769532394, 568.4765188697284, 2.604956722798263, 0.06397163750299287, 0.09824543849040752, 632.3639830677844, 0.5399130667940787, 5256.427379821687, 568.7966262204437, 2.48550085909991, 0.06396414153197179, 0.09824079331961386, 633.51855611555, 0.5398107336006017, 5251.536222318036, 569.2291216307559, 2.3351816297612102, 0.0639560473251, 0.0982411218703096, 634.7075567965288, 0.5397458777563855, 5261.0840966917085, 569.6192273774444, 2.1574144209708637, 0.06394756981873818, 0.0982149244086642, 636.2372796004865, 0.5395076898723136, 5253.0671985091285, 570.1218752123233, 1.9724625732931649, 0.06393879415833799, 0.09821065490247334, 637.9077841073392, 0.540064617621767, 5256.831816358456, 570.7187094659291, 1.7686854055280785, 0.06392945096175784, 0.09820744369684135, 639.9812790709477, 0.540438003315953, 5260.393444235558, 571.339427397477, 1.5516189813099366, 0.06361904343018703, 0.09818008057320521, 642.651020609518, 0.5414008399776954, 5260.784377107764, 571.936543791681, 1.3207787304653709, 0.06330825434548348, 0.09821140984003918, 646.1193825283428, 0.5436000028018266, 5298.627790402504, 572.4797956371874, 1.0680835802997497, 0.0632968373294216, 0.09831810122207266, 659.5737257335076], "obs_std": [10972.33001701257, 555.6051023647284, 24.605570806373738, 2.542107429457656, 0.11562037512719564, 530.7993598092451, 0.7740741482774856, 10980.20446281886, 555.494217366859, 23.851666545423125, 2.5421070039825726, 0.11431834376388018, 530.3239543599384, 0.7744636478019509, 10978.119193846267, 555.5326243034671, 22.784211833577295, 2.5421065986042253, 0.11447582791895748, 529.7807528211598, 0.7755129839464637, 10984.82839056971, 555.5711233737031, 21.504868701967393, 2.54210616404367, 0.11345559189917037, 529.5064067993072, 0.7661961838988566, 10974.212347065011, 555.597813385973, 20.001705956675185, 2.542105747736921, 0.11257991449899615, 529.1847237324041, 0.7687979348729022, 10979.16278385168, 555.7043728230765, 18.233900588959933, 2.5421052202891423, 0.11060676917149265, 529.1290006508069, 0.7677317980702802, 10975.682341107975, 555.8103514852381, 16.172560537321825, 2.2738156941380376, 0.10819320451670039, 529.2382905556278, 0.7647620878040753, 10982.725430261007, 555.8982741159666, 13.719382256548473, 1.969308529720502, 0.10810547268296396, 530.2275818774095, 0.7705092473679824, 10994.123554339945, 556.0232257662924, 10.341389040982989, 1.9693074482673978, 0.10732639346797798, 536.3809623373236]}