{"obs_size": 14264008, "obs_mean": [5214.962328336295, 559.709671503269, 2.466032618602009, 0.06319529991178671, 0.09860089703006346, 629.032047397664, 0.5513869363365468, 5217.348175985202, 560.016043527177, 2.3691735170086843, 0.06318843612203004, 0.09864971488034847, 630.1462224465047, 0.5518010339029514, 5218.350116820508, 560.3490273561259, 2.250108454790547, 0.0631808167824307, 0.09863024613397663, 631.2525137773338, 0.5517667302906746, 5220.14437786204, 560.7370467683417, 2.1023914877221044, 0.06317308033156786, 0.09860350885746827, 632.6240889949886, 0.5519431924042665, 5224.267606279877, 561.1538692350705, 1.9255364270687454, 0.06316452576135166, 0.09860073791538858, 634.168905785431, 0.5519923056689274, 5222.268234505792, 561.5914680502142, 1.7454777787561533, 0.06315584268391647, 0.09860353641417031, 635.9313977230396, 0.5526458832608623, 5227.475808314208, 562.0919125255679, 1.5434191427823092, 0.06314717914888471, 0.09862956588337608, 637.7019603139134, 0.5526741439713214, 5230.061010028238, 562.6697733904803, 1.3265522565607086, 0.06283708303038833, 0.09860617675165295, 639.9037574689136, 0.5532966847046044, 5233.2384612636715, 563.1798042317419, 1.0975333861282186, 0.06282760963202785, 0.0986430550108367, 650.1220142966325], "obs_std": [10929.817130348989, 555.7741480463944, 23.409100028486357, 1.6088564528891567, 0.11110629015425366, 526.0193080868017, 0.7763682774481543, 10935.227530819415, 555.8764432665722, 22.794172054337892, 1.6088557393589213, 0.11104385418021558, 526.0429678576492, 0.7767465020646934, 10932.807624394838, 555.906625315023, 21.97452144980042, 1.60885497845232, 0.11016702624611469, 525.8953541967481, 0.7790407815385116, 10938.10454042554, 555.7908240207881, 20.833380714812115, 1.6088543608777195, 0.10893349358106875, 526.0222392249646, 0.7742903007045648, 10942.986423544837, 555.778735998234, 19.366978296981223, 1.608853597881657, 0.10901289309160006, 525.6410532968625, 0.7714492500705976, 10935.49199579846, 555.7223510542027, 17.72479143510912, 1.6088529517337098, 0.1081677361663509, 525.4663019787517, 0.7732312719848717, 10943.58815296179, 555.6730036152089, 15.793939109346192, 1.6088522804025818, 0.10742407954944949, 525.2906612553014, 0.7683005436670796, 10945.787917379648, 555.7481227000526, 13.421106575650755, 1.138071319875443, 0.10668252280546606, 525.2790575255818, 0.7676214046163192, 10946.843634832236, 555.6990475992088, 10.25159357316694, 1.1380703258594382, 0.10603337200657813, 525.7744460321578]}