{"obs_size": 14276570, "obs_mean": [5217.648251634936, 567.900291526606, 2.6019922152169603, 0.06564779333454034, 0.09958081724440837, 634.017594902653, 0.5502386122857643, 5223.123585167136, 568.2403546510121, 2.483283169556833, 0.06533860470120582, 0.0995646597863493, 635.0282103601879, 0.549740639663489, 5223.667177428078, 568.690724102498, 2.3373593237031023, 0.06532950630201048, 0.09956260083080186, 636.0779404587581, 0.5496543511502153, 5227.411329808857, 569.1417932318478, 2.155847167772091, 0.06532008745616726, 0.09953866750045676, 637.5103556405086, 0.5492925377034285, 5225.715982844207, 569.703871798338, 1.9768235647638053, 0.06500990401427605, 0.09954276856934187, 639.0421490107707, 0.550127653210864, 5230.614604913916, 570.3728976217676, 1.7724005135687353, 0.06469886292898738, 0.09958154107268141, 640.9470203863576, 0.5501657150842689, 5234.213844747438, 571.077598961095, 1.5572935235844465, 0.06408660669033939, 0.09956878495780157, 643.5714366524028, 0.5515468047297548, 5237.2129417047745, 571.7440166650672, 1.3296164975200626, 0.06377500748892014, 0.09967841205282554, 647.2385503134636, 0.555073965525384, 5280.395642285692, 572.2608230128105, 1.0754736606902078, 0.06376224899062546, 0.09996024326648512, 665.0816732772585], "obs_std": [10945.780256381235, 558.1227151177703, 24.535359424099568, 3.5948144226888954, 0.12467306469795233, 536.517323515215, 0.8484559818424393, 10949.623786501877, 558.0540219213301, 23.785262621550693, 3.410370636603479, 0.12383940565947321, 535.8791857426525, 0.8443872972597558, 10958.790993705588, 558.1374704303811, 22.72156145494491, 3.4103699751399823, 0.1236950069993011, 535.2505798501261, 0.8449734563849399, 10956.36755916704, 558.2321882774035, 21.445021148566084, 3.410369436585985, 0.12350443076144832, 534.6304907573162, 0.833250778920253, 10957.720283324088, 558.3216692925894, 19.95146741863256, 3.215362672811121, 0.12280064257434252, 533.9770969222093, 0.8363210044632068, 10955.530325288173, 558.5003055533286, 18.20234480586629, 3.0077391052111864, 0.12140912161856456, 533.6902724305696, 0.8305644474955451, 10951.601587805146, 558.7108165056571, 16.135912258994935, 2.542119624758044, 0.11861209171434359, 533.9929758174571, 0.8247618335184103, 10956.75081302004, 558.8875804464411, 13.702733037138366, 2.273831526808311, 0.12038986396504006, 535.7436446743296, 0.833468829783929, 10965.096956538478, 559.1200911362429, 10.332774722630598, 2.273830037665007, 0.12154334764212367, 550.5715494898186]}