{"obs_size": 14240282, "obs_mean": [5296.617540681309, 570.2844299712604, 2.129645606737282, 0.06314683829541576, 0.09776244780047168, 638.6485125028215, 0.5394886380761629, 5297.279607450198, 570.5925396702115, 2.0447524845364726, 0.06314043678208897, 0.09776818645297988, 639.4958487297281, 0.5391659822467284, 5301.107617153402, 570.9436808203659, 1.9552440042971055, 0.06313388940985293, 0.09778486875042237, 640.5944774866668, 0.5396847693044624, 5303.045463359628, 571.3397953776478, 1.8543651733863136, 0.06312661184659961, 0.09779678640437123, 641.820258480784, 0.5398618481712906, 5304.973481247544, 571.7319248312638, 1.7310931763851305, 0.06311894928436947, 0.09777903772811598, 642.893251552267, 0.5398350561456867, 5306.750378012359, 572.2045399803177, 1.576139433193809, 0.06311098662176198, 0.09776908470169429, 644.1622955293442, 0.5396824676646531, 5306.707940177769, 572.75787480894, 1.3951228634376762, 0.06310196052979282, 0.0977350974679434, 645.6661616711366, 0.5397777822799108, 5319.121565344887, 573.3748349225106, 1.2057080751631182, 0.06309299428979842, 0.09774721068648708, 647.6045243458874, 0.5401310455088223, 5332.740507918802, 574.0462444493726, 0.9974735050892953, 0.06248107788701888, 0.09772870799426651, 665.4475394124898], "obs_std": [11047.612277128308, 556.2239359047684, 21.405826487647857, 1.9718140516482918, 0.11147698088210463, 531.3668550980524, 0.7697825343272867, 11047.972543987864, 556.2003493214794, 20.82913671915393, 1.9718134193617867, 0.11081010127165024, 531.0133663732646, 0.7687005042826679, 11054.970946840389, 556.1774055836694, 20.173271921623428, 1.9718128359112568, 0.1099825176992496, 530.8566355744138, 0.764477730246219, 11052.949629948362, 556.229199941389, 19.41529376025935, 1.9718122661911686, 0.10991783534043069, 530.8298756744034, 0.7642859737428503, 11055.308460797143, 556.2586490045115, 18.398787401161744, 1.9718116218548427, 0.1088074899594411, 530.4611928171121, 0.7665597500364824, 11049.346423615962, 556.366505637058, 16.962478627075427, 1.9718110838163267, 0.10793690451700878, 529.9053208090859, 0.7614316850755333, 11051.241977375095, 556.5830103068038, 15.10771121672425, 1.9718103665558107, 0.10672443243564476, 529.4008149465142, 0.7582063126034044, 11051.68955674941, 556.7972111188232, 12.831625055922627, 1.9718097613831167, 0.10567355632515438, 529.2801351578512, 0.7534561854949355, 11053.033095905355, 557.1333461524032, 9.805994020374772, 1.1390032203028957, 0.103381517304237, 537.7401355854446]}