{"obs_size": 329382285, "obs_mean": [5226.50236066346, 549.7984476760797, 2.3106369882642586, 0.06056974927608101, 0.09158321470065371, 617.951488223148, 0.49795749492259983, 5227.469862031258, 550.0683273388555, 2.2070834198020117, 0.0603690282523408, 0.09157741970572593, 618.8256799748827, 0.49801194725205855, 5228.8710480211375, 550.3462920296395, 2.0705292484081226, 0.060141665192943033, 0.09157119703514692, 619.8503482819407, 0.49811642049956767, 5230.172639008861, 550.6746159071672, 1.9163694307360823, 0.059913786203624884, 0.09156880983926309, 621.0067973358065, 0.4981659593050062, 5231.741596814633, 551.0301067861006, 1.7494870891432432, 0.059620540961064304, 0.09155316332760845, 622.2315500542878, 0.4981673744069484, 5234.628693860125, 551.4261141670079, 1.569225655229151, 0.059379008962241055, 0.09154712209272572, 623.6039695822221, 0.49827947466612077, 5236.564244475465, 551.8435335312589, 1.3738406393045697, 0.05911101527387053, 0.09153613924726067, 625.0629493727056, 0.4983793811312035, 5239.869272641943, 552.2799883393855, 1.1622876804075848, 0.05881668507880228, 0.0915270603934207, 626.6559436593999, 0.4984885460344558, 5242.592595301756, 552.7384428643448, 0.9371463799275058, 0.0586653735967686, 0.09151428324654427, 631.257844553161], "obs_std": [10771.38606635324, 519.9875104219416, 23.34336621208877, 3.0676293505205856, 0.10119623187258935, 489.50254004943895, 0.7353374726961824, 10773.070793065777, 519.9898348549366, 22.637314674288618, 2.9275093724235735, 0.10082346113400434, 489.4124532263765, 0.7337880197201385, 10775.470204762974, 519.9915050409829, 21.61731581641516, 2.7601208872843714, 0.10055031269638619, 489.23437997590344, 0.7328936582500776, 10776.410887306904, 519.9739919245394, 20.41430940103536, 2.581902914484629, 0.10052644514470621, 489.0531402446793, 0.7303091240420493, 10776.347383734363, 519.9410207763061, 19.014381281313582, 2.3311297724387803, 0.10017017831421583, 488.8579264150627, 0.7281658531753791, 10782.371856922393, 519.9124528879007, 17.37426822370408, 2.1038343081419812, 0.10010903623250023, 488.61567407643514, 0.7259835360945583, 10780.239628483392, 519.9026001540718, 15.407597932715356, 1.8182591730365016, 0.0996901912844731, 488.363762866997, 0.7244186549355207, 10784.674643044567, 519.8774399935116, 12.973886156001704, 1.4401419473886266, 0.09937405344462948, 488.02039844776107, 0.7207466433357094, 10784.0168760927, 519.8579169203254, 9.775005382010818, 1.2074676710263315, 0.09900782988500811, 486.55406902760086]}