{"obs_size": 14264008, "obs_mean": [5186.262468843459, 560.4337194707126, 2.4787064757675408, 0.06952894683809334, 0.10348963886763075, 625.4556895042399, 0.5705430761817, 5190.365289933584, 560.7095905302352, 2.37739568009216, 0.06921937495808589, 0.10359983721083245, 626.4812781562327, 0.5702881181783092, 5189.478995233084, 561.0962298254459, 2.256391541563914, 0.06920881547171996, 0.10354587115486845, 627.5443040866672, 0.5697702546156995, 5192.87407450453, 561.4883788623786, 2.1138285957214826, 0.0682947466602752, 0.10348222034802575, 628.7695183267724, 0.5706115087008048, 5195.8311339044185, 561.9356689227881, 1.92663801085922, 0.06768112124208976, 0.10352360889477982, 630.1590632125258, 0.5695125686974157, 5193.783432639724, 562.416106609026, 1.7563393823110587, 0.06706819203355313, 0.10353532461500425, 631.8815541084908, 0.5713665497103153, 5200.9724965020805, 562.9130944822803, 1.545405681208255, 0.06555107352632807, 0.1036430326479769, 633.7406511457389, 0.5707042102051864, 5200.842003876671, 563.5798785306345, 1.3313797216041943, 0.06433404635247895, 0.10369487647265703, 636.3537453983461, 0.5730368752597664, 5220.303885859106, 564.0323307446265, 1.1045778297376165, 0.06402092482927148, 0.10403065157682309, 659.8520906320742], "obs_std": [10925.471720175572, 557.3781348352646, 23.502180418290887, 5.334086837789884, 0.16811755882432822, 530.5177374345997, 0.9391919752171668, 10933.965457657598, 557.45926685179, 22.878231149085735, 5.211456960712009, 0.16847742768940357, 530.4599744294475, 0.9348234639413872, 10931.578312005877, 557.5309196683528, 22.051653290952263, 5.211456496401393, 0.1674979280219835, 530.1766313431162, 0.9357399191541226, 10937.469964127602, 557.460085462901, 20.905813724881245, 4.824902499140465, 0.16635602029609098, 530.0903961555757, 0.9314163478977356, 10943.006130996215, 557.4792702241024, 19.43845905176051, 4.54898720205052, 0.1669874964967203, 529.4574900524474, 0.9181647697681936, 10933.186192456997, 557.4700105041117, 17.79646730283737, 4.255218893377575, 0.16644295586793645, 529.2648358161697, 0.9224446435471773, 10944.459199295536, 557.4633871483771, 15.857803722455172, 3.411875513236926, 0.1672493765960245, 529.2296266774962, 0.9106132847481975, 10943.212834450072, 557.6533810660388, 13.468243889422801, 2.543244975911513, 0.16707945341944144, 529.6122047821758, 0.9084041062056192, 10952.157105027138, 557.7186275328658, 10.284249191082315, 2.27483858423405, 0.17005630998340016, 549.8463346758062]}