{"obs_size": 14276570, "obs_mean": [5175.214376721421, 559.2621669630729, 2.6597852285247785, 0.06564719058801274, 0.10092678403257993, 628.7883060498451, 0.5634197112471695, 5178.429299343298, 559.6467339143786, 2.543503166376798, 0.06563874194054344, 0.1008814080717571, 630.1238136310473, 0.5637972866732, 5179.5075463604335, 560.0556326904853, 2.400918147706347, 0.06562940625914382, 0.1009061780668609, 631.4519091244819, 0.5642221052395654, 5182.114936224123, 560.4539776010625, 2.223203332453103, 0.06531914251505128, 0.10088085682737453, 633.0440767974354, 0.5639490329259824, 5181.344805927991, 560.8534068757411, 2.047786197945305, 0.06530952441875787, 0.10088951443848297, 634.701340975879, 0.565297512988066, 5185.720411053854, 561.3967767467956, 1.8472332640122944, 0.06469763523136886, 0.10094060275794631, 636.6027849324664, 0.565004049572137, 5187.536562728814, 561.9143796444104, 1.6376098740803988, 0.06438639972991453, 0.10094482466600863, 638.7578485801489, 0.5658027308380131, 5191.308727302247, 562.3169553331087, 1.415489294697536, 0.06407462391310376, 0.10103372042472478, 641.4569640104038, 0.5681831126804383, 5192.742228845952, 562.6059299957903, 1.165598949887823, 0.06376195437076981, 0.10128166598314613, 655.7389424432665], "obs_std": [10898.090436627495, 560.5748505976173, 24.36357079097812, 3.5948222545479465, 0.12645662669002466, 530.5990855651557, 0.8177608975293941, 10904.576253755433, 560.5559213675604, 23.62113524150117, 3.5948216925457457, 0.12551598232127242, 530.6039628787554, 0.8176556848745908, 10902.235784052427, 560.6329087950262, 22.57277753225571, 3.5948210734471466, 0.12551307153923477, 530.3895551460868, 0.8222380597586924, 10906.241868131232, 560.6714887735169, 21.31050814176381, 3.4103774525355632, 0.1251470014110262, 530.3129799072547, 0.814387058699355, 10903.306623380775, 560.630955959672, 19.836656468325355, 3.4103769619893964, 0.1242006390306487, 530.0655970923966, 0.8182213054971227, 10911.60442915201, 560.6912286722436, 18.101552826095443, 3.007747606187016, 0.12291480754311895, 530.1391367726355, 0.8175226244434778, 10912.097425362072, 560.6743804663308, 16.079224834370116, 2.7846871676038933, 0.12110174767735671, 530.365797339804, 0.8158073396538951, 10919.537324138917, 560.5357773998043, 13.68382276907058, 2.542128811226236, 0.12103846189568505, 531.4483762674828, 0.821895000014129, 10918.2987546913, 560.2868507838501, 10.383145790687355, 2.2738407003333645, 0.12202820871387864, 538.8411610809239]}