{"obs_size": 14276570, "obs_mean": [5237.6805876772705, 569.8797377101081, 2.606361752157556, 0.06421493980690705, 0.09795683897770996, 636.9231060075848, 0.5396639660647216, 5245.533110858439, 570.1802830091542, 2.4871195952529215, 0.06420743490145707, 0.0979643923317719, 637.9482568987215, 0.5391532716892518, 5242.026489438919, 570.6503742145347, 2.3375116011759127, 0.06419931571820792, 0.09796244106462601, 639.0540043798081, 0.5389262310205263, 5255.028834485963, 571.0732309651409, 2.1590096921039157, 0.06419073276375875, 0.09794425286458859, 640.4050528080588, 0.5386199463877246, 5249.748941185273, 571.6612146334868, 1.9745195099383115, 0.0641820356928237, 0.09793963853845891, 641.9661343515984, 0.5391301793078197, 5249.721667654474, 572.3478496585664, 1.7703296380012847, 0.06417253750040071, 0.09792097087122546, 644.0085436178251, 0.5394515426324868, 5253.192930437262, 573.0591700947776, 1.5516911975355425, 0.06386198161842079, 0.09789504727795287, 646.5879457383146, 0.5404180698865816, 5251.07743950982, 573.7723264761773, 1.3194101944654772, 0.06355130390738756, 0.09792110226132808, 650.3179087121545, 0.5428824150339118, 5312.7177135994525, 574.3680583641589, 1.0641090962324984, 0.0635398889986946, 0.09805008778572213, 665.3834467748584], "obs_std": [10955.11276963492, 556.4548290026297, 24.637996588921567, 2.7846698604302387, 0.11624600829814712, 536.8254156500865, 0.7828258182612869, 10964.664436324318, 556.3370140915622, 23.881804226618325, 2.7846694695288794, 0.11503444810117806, 536.0066346830343, 0.781216820772027, 10959.830876669645, 556.418779064821, 22.818792622190085, 2.7846691050355323, 0.11488410458348335, 535.1254495190267, 0.7823040286755731, 10961.605641897213, 556.4971562134702, 21.538927571284912, 2.784668699200184, 0.11444871479019805, 534.4562899876062, 0.7726010787351989, 10960.546388717408, 556.5955607507137, 20.047274343002904, 2.7846683405044046, 0.11353776473696908, 534.0096088143822, 0.774030496272492, 10962.75055088527, 556.7877237939124, 18.285289189012715, 2.7846678286477875, 0.11130791227713295, 533.9538351177595, 0.7725204739802267, 10954.08209682061, 557.0185025135346, 16.217879703129594, 2.5421081586915, 0.10882741234911195, 534.0045226218302, 0.7686757558178579, 10956.858715039356, 557.2291037850855, 13.770857357616498, 2.273818913476214, 0.10890388803769857, 535.6871538610209, 0.7750993423636975, 10977.064008724845, 557.5696743281297, 10.369578801115521, 2.2738180138941226, 0.10838352171196952, 547.0906058901236]}