{"obs_size": 14240282, "obs_mean": [5275.332178370177, 569.9526764989625, 2.1273096277166417, 0.06325132286152158, 0.09828121774814529, 640.4196293363232, 0.5441874623691106, 5286.088841659234, 570.2205793396506, 2.0415653987751092, 0.06324463422508869, 0.09828597431300955, 641.122471612383, 0.5435371944179562, 5285.564939712892, 570.621726521989, 1.9536080816377088, 0.06323778820111248, 0.09828013802676121, 642.088871714579, 0.5442191395507899, 5289.908406481303, 571.0200647711893, 1.8525357152337292, 0.06322991580195628, 0.0983159316218604, 643.1618397093022, 0.543972661215595, 5292.205415334668, 571.4951153354968, 1.7314341808680473, 0.06322199897804791, 0.0982958143125966, 644.0906877633881, 0.5437025256943993, 5289.349398287846, 572.0209059062172, 1.5783781529045562, 0.06321357510252344, 0.09828063817409037, 645.1043913781516, 0.5433817458109761, 5293.406816588133, 572.6139355245916, 1.3951265150507552, 0.06320434633331794, 0.09824375482086666, 646.5113904999394, 0.5432161716320355, 5289.0612332322635, 573.3552656471269, 1.20834201176634, 0.06319490007375651, 0.09824126942914378, 648.529641179249, 0.5436238745132003, 5352.136870890784, 574.0225173911584, 0.9984218711399114, 0.06258241996640988, 0.09823220425199485, 669.3682606223176], "obs_std": [11035.212024111175, 556.8489384620024, 21.340348896865702, 1.9718203250524384, 0.11450752752945298, 535.5994946633208, 0.7917410182773946, 11045.574060047407, 556.8340399753675, 20.770659421971608, 1.97181959627867, 0.11389011799989164, 534.817259299764, 0.7888321738038836, 11051.80283156175, 556.8540929297577, 20.12192926251095, 1.9718189780727888, 0.11343992418486726, 534.359358763059, 0.7871904932731725, 11047.543371020616, 556.931284018723, 19.361953737836096, 1.9718182783279379, 0.11301120277849827, 533.9525098299604, 0.7846994523470026, 11055.0738345569, 557.0133880430169, 18.365277615398114, 1.9718175960864677, 0.11272011846111837, 533.2663052075342, 0.7870040008082914, 11042.81998539893, 557.1737476603035, 16.941620690166165, 1.9718169541108685, 0.11136904892627433, 532.2750789165194, 0.7809452340295848, 11041.904585592874, 557.3889689199434, 15.073319417611229, 1.9718162381902993, 0.11046685457592892, 531.5350509221288, 0.7768111850014893, 11033.739360140078, 557.6516543262628, 12.806579630592525, 1.9718155291461992, 0.10902668512923848, 531.295583884858, 0.77454696764579, 11069.96320572012, 558.0589877550436, 9.784904927482776, 1.1390130307614186, 0.1066967339910801, 546.6620953161021]}