{"obs_size": 14240282, "obs_mean": [5239.670932192153, 561.2496758140041, 2.16794758699301, 0.06670544826599163, 0.1031102898850598, 629.1066784189188, 0.5696934740477997, 5242.760255798927, 561.559929290726, 2.0743303398064734, 0.06669725122888241, 0.10311369434130685, 629.9207326486465, 0.568600513880302, 5243.7231890786425, 561.9426307007124, 1.9946465245561849, 0.06668828434206096, 0.10316773748701079, 630.8825302321119, 0.5696469029897332, 5245.191247898488, 562.2605580423198, 1.8931496581317702, 0.06637767855735809, 0.1032088463163166, 632.0093617552384, 0.5692772874161022, 5247.051888236304, 562.6323661287045, 1.7705897256809942, 0.06636793446752898, 0.10314211408531154, 633.1129442576054, 0.5690069861678518, 5247.622758331135, 563.0279482527101, 1.6259655532102524, 0.06605620229017453, 0.10318833462827526, 634.3315420149167, 0.5696629908733833, 5250.787413554452, 563.4698727174084, 1.4370039862974624, 0.06544153687729823, 0.10318807349180321, 635.686435139787, 0.5688837933827766, 5250.0655024745065, 564.0312754340117, 1.2618521880395346, 0.06512851418512089, 0.10316861630183952, 637.491220649328, 0.570405831780613, 5270.149417468119, 564.5747252758057, 1.0490145490096334, 0.06360903140465271, 0.10329714369181801, 663.0666963236615], "obs_std": [11038.13332451829, 557.0390401108152, 21.264697879914493, 4.103866531173498, 0.16610951997853948, 530.4172269902608, 0.9127718951970308, 11042.023170929411, 557.067116039724, 20.687756801384634, 4.103865856909624, 0.1641366157863946, 530.2912967350777, 0.9112015541906926, 11045.93165674693, 557.0912750859344, 20.046484511937905, 4.103864925797427, 0.16459366463128436, 530.1921621208654, 0.9069228246871907, 11044.245573536044, 557.103622801852, 19.28929319675519, 3.942886278919096, 0.16529283479422122, 530.1534146616282, 0.904604202171654, 11050.69505800909, 557.09843047649, 18.29512043820577, 3.942885784522972, 0.16338409292081393, 529.9237790015383, 0.9027431803671607, 11045.143241058538, 557.1230912406982, 16.886394340844546, 3.775048610860149, 0.16409505241565242, 529.4805407450572, 0.8990969070111839, 11050.84710497533, 557.1739621354021, 15.049338169686608, 3.4147153014745344, 0.1641247868926471, 529.041676989124, 0.8897464622183362, 11044.533448376633, 557.2517709476922, 12.816122210360346, 3.2194599409587297, 0.16228050306484554, 528.9132285871223, 0.8881903514238928, 11056.794699620796, 557.3874517819448, 9.822156955967914, 1.9718402127378984, 0.16292530112137257, 550.2759877618424]}