{"obs_size": 14276570, "obs_mean": [5209.095614253548, 561.5720007676913, 2.593524565074104, 0.0644781209641455, 0.09846282549008675, 629.0790976226135, 0.5451974632562369, 5210.8358765508, 561.9240835859033, 2.4776787421628583, 0.06447103935035449, 0.09844764121676293, 630.2977838088511, 0.5453847850008882, 5212.37743164773, 562.353787219199, 2.33036996981768, 0.06446322928168959, 0.09844671866540816, 631.5840049587055, 0.5456095219650169, 5215.0538551128575, 562.7803106768644, 2.1572054772259723, 0.06445523038454552, 0.0984529605600645, 633.1597498550851, 0.5455921758517723, 5213.804137652535, 563.2057978912301, 1.9739167040822831, 0.06444690741011963, 0.0984423737712214, 634.7293379510176, 0.5459125998751893, 5219.135857300449, 563.7843877065709, 1.7757064196792367, 0.0644380648137537, 0.09843682199001644, 636.5987322128921, 0.5463912319275702, 5220.293246263589, 564.33865235137, 1.5629567886404088, 0.06412838484531608, 0.09843299125413207, 638.6428244242553, 0.5467646705756457, 5225.425820606402, 564.8208314041817, 1.3355782236209397, 0.06381839915463507, 0.09842728442917395, 641.041426424415, 0.5477202156400456, 5227.076168325817, 565.289537192757, 1.0883235959337572, 0.06380799674936553, 0.09847021016896951, 648.775944502304], "obs_std": [10894.735978691057, 554.4574188110383, 24.33126072581678, 2.784665617971687, 0.11524065098128347, 526.4908809925361, 0.7685104351860302, 10895.56269248657, 554.4062997837715, 23.59068727793922, 2.7846652741038, 0.1137421497913975, 526.3563000390013, 0.769854622813725, 10895.57850404136, 554.4817146893675, 22.537928874984257, 2.78466493218694, 0.11374592772840983, 526.0341898725258, 0.7714832687812374, 10898.221768910087, 554.5429534336332, 21.274421589690682, 2.7846646087859805, 0.11334166927897833, 525.9438388467595, 0.7641335706703108, 10894.616232193819, 554.4985301316999, 19.791883465863933, 2.7846642869593823, 0.11193785894116796, 525.7122973883774, 0.7656803093158934, 10902.417094984741, 554.5756128090928, 18.050070893468046, 2.7846638660394727, 0.1104731484184353, 525.5914398816249, 0.7667649263435965, 10901.352206578156, 554.5903674844363, 16.013822347669272, 2.5421039608599956, 0.10853399419571873, 525.3982526237959, 0.7623234417355876, 10912.140230798479, 554.5028463826542, 13.597105282420946, 2.273814407472008, 0.1076352316851943, 525.6218817988454, 0.764759754414764, 10907.665250982594, 554.3662411748271, 10.2694312628139, 2.2738136841283336, 0.1065394368764094, 525.929259371748]}