{"obs_size": 14276570, "obs_mean": [5188.763406525591, 562.53222769895, 2.6232845844625143, 0.0679094763506996, 0.10148889475903541, 627.7038989750381, 0.561121529961363, 5192.02237016241, 562.8794677573114, 2.5047970205728687, 0.0672993419813096, 0.10148844321976527, 628.9015342669783, 0.5610524448099508, 5191.564047441163, 563.2960988528758, 2.36262435585018, 0.0669887289941564, 0.10149848620593138, 630.0365336110808, 0.5613269479994546, 5196.100953572363, 563.7022737954566, 2.1787943462610415, 0.06667803776341957, 0.10152007825247926, 631.4812896114371, 0.5606843452594295, 5195.7328740779785, 564.1814553495692, 2.004295079280247, 0.06576563874754947, 0.1014916836661756, 633.0896607392389, 0.5617360563497004, 5200.344588538876, 564.7895695534711, 1.7983351743450984, 0.06515337723613572, 0.1015647105329927, 635.0077186766357, 0.5618536410356609, 5203.677805234219, 565.4208819065083, 1.5868763295385375, 0.06454112486844521, 0.1016133473241824, 637.4998954030222, 0.5636342411377849, 5205.0614094686725, 565.9766897090827, 1.3610942264143278, 0.0642291179588019, 0.10177355152974453, 641.068535872134, 0.5681549465313115, 5233.465456814719, 566.3732588429854, 1.106288835483593, 0.06421645789878756, 0.10213803911205666, 661.3048155362657], "obs_std": [10917.188813482124, 557.0194839139809, 24.493251890542467, 4.686907772912805, 0.14380212935015907, 532.1166033744419, 0.87362980134251, 10920.062810629865, 556.9734921542396, 23.748493165934047, 4.402611262710545, 0.14326102403414095, 531.8615781056815, 0.873181808970521, 10924.570103730788, 557.0474513001797, 22.691693005905126, 4.25334250964176, 0.1429101641696099, 531.3075339928893, 0.8745911678033215, 10923.182761848382, 557.095930507387, 21.420978295325657, 4.098641071660725, 0.1435142787173163, 530.9354890410178, 0.8613035777273217, 10928.883588651872, 557.1277912445536, 19.940086389590792, 3.5948125598403484, 0.14298707389288212, 530.6159336487841, 0.8668964078236777, 10931.82460935347, 557.2576577222388, 18.1957162803725, 3.21536238805309, 0.14183778265735006, 530.4501127447187, 0.860927410869343, 10931.596268076568, 557.3973046495108, 16.151579382435873, 2.7846786967075587, 0.14049560193207308, 530.6085647092042, 0.8555443207540642, 10938.927676805853, 557.4719777608735, 13.728457758686186, 2.542119719224061, 0.1412160627880808, 532.3223777802908, 0.8663534429701832, 10938.15804987578, 557.5596413579387, 10.370876471188694, 2.5421185922218066, 0.14396534114656048, 550.3839884800294]}