{"obs_size": 14289583, "obs_mean": [5231.4740586302905, 570.127637524482, 2.7490273858936263, 0.06475744498507038, 0.09786870453000598, 637.6116378601598, 0.5375891964097655, 5230.265146967728, 570.4881288698207, 2.596159104153004, 0.06474938634431092, 0.09784978409208979, 638.7582631794058, 0.5374615733713644, 5227.356397600775, 570.8578302110005, 2.4222562687798517, 0.06474097631848988, 0.09785210445672236, 640.2439005933642, 0.5374876763724238, 5231.743689592244, 571.3235816608504, 2.236393462286478, 0.0647323146183549, 0.09783059403734874, 641.9009045182014, 0.537840907673845, 5228.293827679175, 571.8605073360084, 2.0345621002376344, 0.06472294333460238, 0.09785528323555742, 644.1076154316497, 0.5380349309703929, 5236.0265053614685, 572.4449006664506, 1.8179581587510287, 0.06471310437002244, 0.09781799037914535, 646.682597685369, 0.539101029820164, 5238.178101815458, 573.1078703276365, 1.5840958410052974, 0.06440293184959342, 0.09785280530481448, 649.9401351495917, 0.5413408261109375, 5239.231776330124, 573.8505381857537, 1.3332741760203919, 0.06409198196932027, 0.09795785805834925, 654.7308048082265, 0.546951016345323, 5287.2940789677, 574.0735783542459, 1.0794440957444313, 0.06287888064410997, 0.09822246984709108, 662.0811717405146], "obs_std": [10927.751518850191, 556.2411140365346, 25.56585809248533, 3.2138853265534957, 0.1145086555346675, 536.8172172931287, 0.7742158160338581, 10908.098679751629, 556.0860692995185, 24.565857208005344, 3.2138849266344764, 0.11304825985343649, 535.9597053302177, 0.7715172514181382, 10916.141970983928, 555.9898539883793, 23.392292200387843, 3.213884513048164, 0.11314330598600293, 535.7344795843796, 0.7668320648278226, 10907.309792383847, 555.9791483342607, 22.069649788859337, 3.2138841583422897, 0.1116708434751577, 535.4309146815094, 0.7653988971402601, 10905.877839090228, 555.9604320545402, 20.489270324168313, 3.213883716279719, 0.11133376299326445, 535.5198721631712, 0.7628670786740706, 10914.27517561372, 556.0269978448213, 18.697966125839947, 3.2138832683454415, 0.10927702006551088, 535.93414252119, 0.7618024919866057, 10906.268338716787, 556.100546792629, 16.57545933036154, 3.006353509190658, 0.10835427413790455, 537.0201529277559, 0.7680099272553367, 10912.563263943677, 556.3906470525395, 13.939323813042357, 2.7833930130837894, 0.10809575526943545, 539.2153928738561, 0.7779744872630956, 10943.107348071886, 556.6060017974613, 10.527075823561296, 1.6074011264706982, 0.10814988163743533, 542.7872687316807]}