{"obs_size": 799948, "obs_mean": [1928.8059764500651, 413.87379804687305, 3.7732077585043027, 0.07367875558286002, 0.17477809234975702, 451.9560997556467, 0.9839220399326296, 1930.528277393001, 414.0833941706211, 3.672302449659228, 0.07366080908258729, 0.17484553818748352, 453.14055832712705, 0.9843226109697443, 1929.492766383952, 414.3845299944496, 3.5500332521613904, 0.07364211166975569, 0.1748344182459335, 454.4683391670533, 0.983690001100107, 1925.9813550031556, 414.66270807602496, 3.3959232350102755, 0.07362121072494425, 0.17468523296014693, 455.9784815529738, 0.9847640759150055, 1923.0100430111784, 415.02690799901995, 3.199817988169231, 0.07359910867706106, 0.17438480956512498, 457.5161886006086, 0.983317888162785, 1922.2816091779712, 415.5036839894593, 2.9851465345247443, 0.0735776340887127, 0.1743596032504674, 459.45478281505376, 0.9840865193738149, 1919.9864617458422, 415.8887352677924, 2.756464170171061, 0.07355691647206791, 0.17425758777320363, 461.41123849716246, 0.9837384955022944, 1923.3678439457422, 416.1809405111332, 2.5089555821128373, 0.07353558961457216, 0.1739094137819011, 463.99039553070736, 0.9854939096042403, 1922.3429773427183, 416.75388400246015, 2.2371941676208955, 0.07351780052328132, 0.17403130311720266, 472.12172664642026], "obs_std": [3888.0202805232225, 464.4660591820978, 23.098372364368494, 0.06519815971421805, 0.22594088625031258, 372.8059296561578, 1.2368833411911193, 3895.8486426622603, 464.2385367935814, 22.554144183576373, 0.06512201081723328, 0.22585992929072451, 372.81789006629253, 1.2342638520351805, 3890.0638893005153, 464.3919265554237, 21.845653874599314, 0.06504939726714042, 0.22524621780143603, 372.81532952217424, 1.2287360762998831, 3882.2175445556877, 464.30268753050274, 20.868299920544263, 0.06497217793806337, 0.22506679978929053, 372.85707115313284, 1.2404587435030343, 3870.7685031951573, 464.42677110269983, 19.59410225656031, 0.06490079826867182, 0.22311335911296445, 372.7065323277214, 1.2340253851565577, 3864.4671669496456, 464.41618468861844, 18.019831112301567, 0.0648217683230776, 0.2233733940450436, 372.54709588596563, 1.2343059288236644, 3849.271461428386, 464.2066157050563, 16.292783562629502, 0.06475140006387237, 0.22264899386901782, 372.2647572985208, 1.2281114725814553, 3870.332789298133, 464.16851896245447, 14.035860550912082, 0.06468869683714336, 0.22106856458599486, 372.0883038497171, 1.2326796237172595, 3859.4866909954503, 464.17788630334104, 11.142355169306448, 0.06464975705885175, 0.2201968789479517, 369.77987988459535]}