{"obs_size": 14289583, "obs_mean": [5209.03588040149, 566.4211003218219, 2.7690623302303505, 0.06723163137525438, 0.10011982412215911, 630.9637952183791, 0.552014730800782, 5222.737683761371, 566.8031787211704, 2.6207148242184535, 0.0672224036778471, 0.10011728446610348, 632.2202680755629, 0.5521001340627324, 5222.089585413322, 567.2387496542061, 2.44290480694923, 0.06661187885931318, 0.10009563670192484, 633.6236672388071, 0.5520182769504646, 5221.22130539531, 567.7379546345054, 2.262945811644748, 0.06660223828582683, 0.10010365532954978, 635.0425921787413, 0.5528045035324362, 5224.561358174738, 568.3042549947049, 2.059887191949548, 0.0662915616567048, 0.10018798548516132, 637.0206635340842, 0.5524432790656317, 5220.748807464702, 568.902204494001, 1.8467690064853537, 0.06628008948344406, 0.10016900882726974, 639.3497545539323, 0.5539442744410791, 5230.1360415944855, 569.5453994703694, 1.6168790229917835, 0.06596873628993312, 0.10031991667825366, 642.5098313572454, 0.5575378492850764, 5228.090169701154, 570.1915673116562, 1.3650928092163361, 0.06565616050546108, 0.10062953639619893, 648.6841491842471, 0.5719596480877448, 5269.444111083595, 568.8394837694004, 1.1241559673224892, 0.06413950370798775, 0.10172168401772179, 660.7230818927806], "obs_std": [10943.942003767872, 558.8993713635717, 25.539239499067765, 4.400609202263329, 0.12884380911133142, 535.5261533548052, 0.8551392053135815, 10968.539536367014, 558.8580687057887, 24.542440034598155, 4.400608673459699, 0.12715127158837242, 534.9752362059353, 0.8529439088771641, 10971.689140712919, 558.8636023394146, 23.37232159078957, 4.096777811205946, 0.12804528075363497, 534.7061914841175, 0.8466019822771144, 10957.622866046357, 558.9430477267596, 22.052854262161308, 4.096777380587604, 0.12733791805783995, 533.967669080747, 0.8476031645655216, 10964.688770777686, 559.0418019515106, 20.489177844617807, 3.936076787680758, 0.1273881149941313, 533.8353907306789, 0.8392939265459143, 10951.516025091334, 559.1589084239098, 18.70279542180827, 3.9360761837762235, 0.12516610913267925, 533.8532000206236, 0.8369331243408323, 10956.924565524912, 559.2996856231908, 16.59814178633613, 3.7685290851713793, 0.12666299992691007, 534.6542200220878, 0.8463996057103806, 10957.481008606439, 559.6028614768668, 13.988764588178274, 3.5931774885147973, 0.1273679610798403, 538.4470840222504, 0.8929244967727124, 10971.252780041621, 558.9805874491059, 10.625305796136878, 2.540964666125373, 0.13489505360767237, 548.9341847379466]}