{"obs_size": 14276570, "obs_mean": [5170.67918536883, 559.9352739488545, 2.625648737757038, 0.07258752669493451, 0.10336966745282669, 624.6944597132282, 0.5675931044361764, 5172.300857043274, 560.3258136933451, 2.5072078237279682, 0.07227743217748403, 0.10338660450724531, 625.901721945906, 0.5672950811714874, 5171.5938582850795, 560.7507694074978, 2.367368352482424, 0.07196638511029674, 0.10334834100893975, 627.0121517369574, 0.5680167718857211, 5177.696279490048, 561.1540346876036, 2.182702217689543, 0.07105340927478451, 0.10345900576560021, 628.4307379879033, 0.5670768643308896, 5173.4206913645285, 561.623770345398, 2.0110364744472937, 0.06983912271659899, 0.10339630479330823, 629.9794253476857, 0.5685739541080548, 5180.735001917163, 562.1786483027786, 1.8025648317488023, 0.06862463182712039, 0.10344265761587067, 631.8936437568657, 0.5684959577125657, 5181.544829810801, 562.785527195958, 1.59431242938605, 0.06680827965422469, 0.10355825048439475, 634.3448963104759, 0.5706185286101967, 5184.165371982821, 563.2201496577959, 1.3702102115564172, 0.06589438291607204, 0.10375366121491425, 637.6793249897339, 0.5753672587323537, 5202.529193952839, 563.5612908422681, 1.1166030075851552, 0.0652799549541735, 0.104258514971944, 659.0075271201197], "obs_std": [10899.49243390522, 556.4652782712396, 24.434977093251568, 6.430241407641331, 0.1693709203028333, 531.370569042742, 0.9167472946431764, 10899.945465214529, 556.4546884784219, 23.688743837245326, 6.328976716274288, 0.16899397345567904, 531.1905046859216, 0.9148348624102349, 10898.765817259231, 556.5475698953487, 22.63502779420209, 6.226064884383585, 0.16818727232117048, 530.6628721914907, 0.9175965107193844, 10904.642896994159, 556.6085189587578, 21.363425684755978, 5.906581918738813, 0.17011362551360715, 530.3483654119678, 0.9053820366789684, 10898.89647588661, 556.6197577675424, 19.88411672227886, 5.451557298344869, 0.16828605314171233, 530.0532717458158, 0.9106567590988468, 10909.917986838089, 556.7070645019443, 18.1303570540659, 4.954920954575737, 0.1673328827960471, 530.0885571439568, 0.9045524798772533, 10907.877634767996, 556.7967782141161, 16.093465159225595, 4.098644669005813, 0.16699142054720692, 530.4330445580929, 0.8990015807080943, 10914.895163081688, 556.7552436575407, 13.678094162699377, 3.5948168075796447, 0.16780615371892635, 532.0621073075301, 0.9101147402559122, 10919.15419968275, 556.7308130187598, 10.346448629160818, 3.2153669047592968, 0.17221644650046222, 552.2816684920165]}