{"obs_size": 14240282, "obs_mean": [5282.541389874656, 570.1278937453626, 2.131718107829606, 0.06512915063733417, 0.09924854849257891, 639.3999693933538, 0.5502060121422223, 5287.992404177452, 570.4013310270119, 2.043874060920985, 0.0648200794184496, 0.09928762536072042, 639.8208485650805, 0.5491522272522809, 5288.44126984975, 570.7987452776568, 1.9576537178126105, 0.06451086642350999, 0.09930417479169365, 640.5612731713335, 0.5495494691748867, 5290.955300445244, 571.1300160347948, 1.8570203876580533, 0.0645023472049299, 0.09931488873563099, 641.5380607191586, 0.5492780840295594, 5294.0913074494965, 571.5820917029591, 1.7359442039139394, 0.06419224474621457, 0.09930459958131534, 642.3910479981079, 0.5488564823365581, 5290.652732366759, 572.0375467283582, 1.5852016835059868, 0.06418337518618746, 0.09928016906357683, 643.3670127384602, 0.5486232273350138, 5295.711395142361, 572.5549107103358, 1.4007434684228866, 0.06387177622887762, 0.09925853679955232, 644.6705055169515, 0.548433665288415, 5291.216401148792, 573.2296816874833, 1.2177898583749958, 0.06386163735044813, 0.09926347879915517, 646.6399172766398, 0.54916471099383, 5344.231179840238, 573.845754669746, 1.0078926807769677, 0.06294694085974618, 0.09928601613696984, 668.9172564835874], "obs_std": [11063.458179845393, 558.834311312203, 21.329798773978858, 3.4147082158522704, 0.12302064065219045, 536.7181994529074, 0.8270930585542016, 11065.186063981548, 558.8328923737283, 20.757512757432075, 3.219452478474776, 0.12294015102840092, 535.3762320222119, 0.8226153068122563, 11070.11707474034, 558.8469889502909, 20.10203939232977, 3.011563814186518, 0.12300554944939986, 534.6871903459063, 0.8199207754081866, 11062.74079647269, 558.8819816590496, 19.34120283933302, 3.0115631196779935, 0.12206321648835668, 534.2989723204939, 0.8168932867221439, 11075.06351091714, 558.9671869805937, 18.34559567465733, 2.78821766241813, 0.12202924604639565, 533.6696172250854, 0.8171893862776188, 11060.228439583925, 559.0712293898563, 16.926627292252356, 2.7882171906037096, 0.12068898744616362, 532.7642907728008, 0.81303075145904, 11061.71415189366, 559.252507562691, 15.075417731383796, 2.545348317123346, 0.12051310306541259, 532.1110197701934, 0.8083945317072944, 11056.41515439325, 559.496951463227, 12.82414371879604, 2.5453475801893712, 0.11889011508752463, 531.9731087248091, 0.8049769476874153, 11081.984423001697, 559.8547574675245, 9.800812835819814, 1.6101971873206902, 0.11767057359237414, 549.543176759833]}