{"obs_size": 14240282, "obs_mean": [5274.526775271376, 570.5929564456658, 2.142125205104786, 0.06459029692299058, 0.09894646113152794, 639.5985685721714, 0.5491384088461545, 5281.667568529344, 570.8684431249325, 2.0535806804949512, 0.06458301865932976, 0.09896854484876182, 640.2212520100849, 0.5481403651978596, 5279.7516869110095, 571.2646284673297, 1.9666309978973728, 0.0642739546974643, 0.09896949683650964, 641.0822180486864, 0.5486984032339115, 5284.2101257393, 571.6240554084534, 1.866456155854217, 0.06426598010510717, 0.0989949481383872, 642.1319403728985, 0.5483845324130873, 5284.708693738468, 572.0923354607725, 1.7443295013399314, 0.06395618017712822, 0.09896997072824906, 643.0354117048091, 0.5479595364755063, 5283.992157777901, 572.5850342008675, 1.5920059026920956, 0.06394725461189, 0.09896195149836286, 644.0606654138775, 0.5476860647844348, 5287.965809584714, 573.1909970603111, 1.4068199632563456, 0.06333406487175737, 0.09890426341760644, 645.4466344222626, 0.5474642745839261, 5286.871658564812, 573.9166710322169, 1.2196030247153813, 0.06332416145537839, 0.0989218885208866, 647.4664161518239, 0.548178836205667, 5344.060323496112, 574.5837295918718, 1.0069214219212794, 0.06271162412795704, 0.0989348932876475, 669.9192635028302], "obs_std": [11029.491320123072, 559.8836947372849, 21.38937542888775, 3.0115648119247007, 0.11860406808988133, 536.7227071959703, 0.8164816506116329, 11045.021187807675, 559.8740270802476, 20.817774864922644, 3.011563970374482, 0.118151681273019, 535.86642634507, 0.8113541233215863, 11047.204205169062, 559.8864887601909, 20.168915794812857, 2.788218309990766, 0.11795435320049871, 535.2646984836811, 0.8095670051666375, 11044.242254519253, 559.9540157727478, 19.4154471051613, 2.7882181273889035, 0.1172159501492636, 534.8761236536283, 0.8062058630537855, 11050.476441974826, 560.0576165549544, 18.411350984734586, 2.545349836650075, 0.11691544036917058, 534.1041589438425, 0.8068040903479979, 11034.547330872936, 560.2186963758352, 16.991739339816846, 2.545349067511888, 0.11592459416599382, 533.1817081853424, 0.8030674373187411, 11038.85225747835, 560.4643918713773, 15.13697030478613, 1.9718239421644934, 0.11463423749407244, 532.5367965520767, 0.7962505911017987, 11031.876268298998, 560.7651752660032, 12.849968855525521, 1.9718232071085682, 0.11431358019861586, 532.4831297500516, 0.7967262054833514, 11064.614491906557, 561.1432073160453, 9.812605427066472, 1.1390267683998634, 0.11275959434716988, 550.3623050315384]}