{"obs_size": 14264008, "obs_mean": [5188.430912408689, 559.0167335856795, 2.5099234380687396, 0.06432326702572802, 0.0999823904708974, 633.5470002782314, 0.5633858032749388, 5191.1313115047515, 559.2954737546418, 2.4140058670746685, 0.06401477722103924, 0.1000528383835741, 634.6806827071366, 0.563148406254406, 5191.7204980140705, 559.6458187628609, 2.2930390252164754, 0.06400644960870197, 0.09996944146385879, 635.8657899387964, 0.563176356883713, 5194.050909185449, 560.0429464145, 2.149052426218493, 0.06399787250933414, 0.09996119443076565, 637.3078624400576, 0.5636215187204099, 5197.797929231556, 560.4372426740086, 1.9679608284011059, 0.06398850833910928, 0.09994521490285269, 638.9224373501444, 0.5635810665557793, 5195.751717206725, 560.8444063547917, 1.7935001859224982, 0.06397908587769449, 0.0999657537882069, 640.7568446928304, 0.5649918786501047, 5201.199208237801, 561.2988957241191, 1.5904352409224671, 0.06366866380424913, 0.10005131994233392, 642.6459860789495, 0.5643954840042276, 5202.624158872985, 561.8318234958924, 1.3751820666393344, 0.06305656757288129, 0.10001844136577838, 644.9721731573127, 0.5651410557257158, 5205.883033369394, 562.2559293993666, 1.1487804830171156, 0.06274518408655688, 0.10011840293843231, 660.8490455344615], "obs_std": [10914.02262123441, 558.8856390872448, 23.43676512267924, 2.7859117542343776, 0.11875079488315486, 532.745095151622, 0.8087314965962105, 10920.898466123528, 558.9805237159795, 22.82186525526491, 2.5432465390037, 0.11860933528515007, 532.8537570062318, 0.8084718196908204, 10916.944054857606, 559.0331896152261, 22.00084673660538, 2.54324578618899, 0.1176046236318931, 532.8038399350336, 0.8089988803413652, 10924.100792382837, 558.9460045745938, 20.861966300073554, 2.543245101164435, 0.11690763047267272, 533.0466210636296, 0.8070862373526214, 10929.076651909014, 558.8974898235005, 19.39629315012192, 2.543244184534728, 0.11654555142604502, 532.7955170806366, 0.8037753146456119, 10922.029094474443, 558.8151841623368, 17.760596307858464, 2.543243556753249, 0.11579043604121075, 532.6500150734777, 0.8060708474434, 10932.984976387002, 558.7324139072225, 15.837060603560632, 2.2748376635062333, 0.11614818427695765, 532.7891727691078, 0.7993626004252081, 10930.064276849467, 558.7741735337288, 13.478408696988366, 1.6088774014995701, 0.11538137527015119, 533.2896367289871, 0.7990613570126672, 10932.941600402584, 558.6639940935734, 10.329892966199546, 1.1381054649298, 0.11500439992142054, 541.8616313129751]}