{"obs_size": 14276570, "obs_mean": [5190.86319810284, 558.3856676358536, 2.6464360837372003, 0.06493631889341003, 0.09940009651779123, 626.3462102040886, 0.5575951867290216, 5191.790463169203, 558.7470009953371, 2.5296277046937745, 0.0649289731600861, 0.09937864160523179, 627.6298592464872, 0.557835277521137, 5193.356795787622, 559.1757499175222, 2.3864124926365364, 0.06461968775749995, 0.09938907982421628, 628.9314306913569, 0.5580822165267978, 5196.088622413358, 559.5841884290135, 2.2094973092276367, 0.06461134818216775, 0.0993742719109697, 630.4967938093408, 0.5579194305775131, 5194.670550180803, 560.0080602693783, 2.032881987760365, 0.0646024380045831, 0.09937520897708658, 632.1342320696085, 0.5586350072881571, 5200.0228331078915, 560.5813294089546, 1.8325115906691873, 0.06429227684423439, 0.09939033331353478, 634.036023390349, 0.5589663242641623, 5201.264028240951, 561.136282874668, 1.6212798312199639, 0.06368145709768507, 0.0993879378431935, 636.1590594398559, 0.5594925837228356, 5206.314512747535, 561.5948692157849, 1.3965951905814913, 0.0633711003738357, 0.09942373732598314, 638.7018709336136, 0.5610331418541049, 5208.214047919771, 562.0479633413348, 1.1470065288791353, 0.06336014774859038, 0.09954211786843829, 648.6612926117358], "obs_std": [10904.416231544734, 558.4311317768589, 24.351541413151764, 3.2153584195452143, 0.11846600101949842, 526.96322556722, 0.7905638720578233, 10902.79944618294, 558.3965604417183, 23.610497542473496, 3.215358111582233, 0.11717096329417358, 526.9102719041737, 0.792020964279888, 10902.548417156848, 558.4835420946625, 22.561271006748658, 3.0077340968166104, 0.11726442798347164, 526.6603172940211, 0.7937772735633448, 10905.942009507537, 558.541871482912, 21.299736997391406, 3.007733772203346, 0.11640189038929649, 526.5405571340075, 0.7857945510594095, 10901.720764516756, 558.5033527529753, 19.826994472506865, 3.007733290839254, 0.11554616205225646, 526.3157624687781, 0.7885758294219759, 10910.456241668255, 558.610472965656, 18.088644373291125, 2.784671580752377, 0.11403188617698022, 526.2585738442679, 0.7898624949183835, 10908.787417719703, 558.634857315117, 16.058884798793272, 2.2738236312998343, 0.1118354967553379, 526.1589852838832, 0.7855088519274788, 10919.45342525275, 558.5262387230177, 13.652372301384698, 1.9693178940234204, 0.11118329560734058, 526.4661769344902, 0.7889235256605865, 10916.066767132943, 558.3971161267467, 10.342993765542653, 1.9693165436494406, 0.11139418014264056, 527.6580422848781]}