{"obs_size": 799948, "obs_mean": [1935.5084926477632, 410.0351910374174, 4.49549345707471, 0.0763401000152513, 0.18247441009540036, 473.49383709194126, 1.1237938228485036, 1933.299800382879, 410.2498562406556, 4.383338667013356, 0.07632181396915864, 0.1822709223774513, 475.0123446107604, 1.1248835111782427, 1932.0327265196197, 410.61996779790684, 4.241178176581478, 0.07630194724657156, 0.18242725019250852, 476.39967881746105, 1.1246876209453838, 1927.981420951529, 410.8354430537985, 4.056301159575372, 0.07628116410066706, 0.18222920885982988, 478.0059717756818, 1.1240652079885627, 1923.1311816067823, 411.1475220889358, 3.827128763369619, 0.07626004068389455, 0.18217226345962426, 479.99262382139796, 1.1248567406882155, 1918.405488590943, 411.6873409271603, 3.577990069354508, 0.07623765537384951, 0.18206008907954163, 482.24655670869384, 1.125377174516428, 1915.9986492288383, 412.0210951211829, 3.30409226599729, 0.07621728073824813, 0.18200282474486046, 484.48426348964824, 1.1238749343708225, 1916.8200678335331, 412.5089818338192, 2.9962472560716447, 0.07619601057318691, 0.1818100471130596, 487.2524567447061, 1.1246476483472254, 1916.9601360296851, 412.9876166950852, 2.694251376339462, 0.07617128976133423, 0.18173404195022777, 497.0598496694232], "obs_std": [4225.413441384604, 503.11610761434594, 25.61753306279303, 0.07073255482600306, 0.24438715910480938, 415.4544686947573, 1.408044023670075, 4213.267769531253, 503.0073700160744, 25.056156129221677, 0.07065530736297472, 0.243849915943554, 416.04276528095954, 1.4007680004837972, 4201.6385997255475, 502.9625134205032, 24.32791656648299, 0.07054585718903578, 0.24461721514898174, 416.0109857514867, 1.4085552988066408, 4197.272949130049, 502.84774432681667, 23.27381192342938, 0.07044890981756186, 0.24349580090790596, 415.82367621554863, 1.3996776839399012, 4182.025975641822, 502.801740596595, 21.84425172918182, 0.07034964381415884, 0.242941546924009, 415.8597765376216, 1.4045907500629713, 4167.048747835762, 502.84197814350296, 20.174833351247216, 0.07025182514676218, 0.24231692329275162, 415.6653760408512, 1.4019893615800667, 4161.861434649965, 502.5677915629202, 18.116548443771354, 0.07016260378320216, 0.24174748084350584, 415.4303432900197, 1.396192993233264, 4158.245645797536, 502.3974222705444, 15.614832833285453, 0.07007392351561699, 0.2416899798732483, 415.3322408421931, 1.396369557948135, 4148.535787614887, 502.2414486926039, 12.49928878781955, 0.06997308699152677, 0.2401884841437742, 413.6268399154678]}