{"obs_size": 14289583, "obs_mean": [5205.677146769155, 566.1521280222103, 2.7519064762071785, 0.06620083252318158, 0.09939413101571917, 631.3998032317686, 0.548184775441, 5209.808788422713, 566.5357828146558, 2.603071902098193, 0.06619188194078887, 0.09938960295496332, 632.6623480073087, 0.5482992928485493, 5212.511391434627, 566.9555171763934, 2.4260015845108986, 0.06588176370311859, 0.09937197004937129, 634.0636719370087, 0.5481939232237023, 5209.99992036557, 567.4443099564207, 2.246890619551319, 0.06587256606474104, 0.09937175774758392, 635.4794698762926, 0.5488173388964978, 5209.719330703495, 568.0048899957402, 2.044044252376014, 0.06586286781343459, 0.09942788588211464, 637.4522404941216, 0.5485564533968988, 5213.972081843764, 568.5999487178877, 1.8321095164218577, 0.06585200062199875, 0.09941326542405031, 639.7932123139447, 0.5499022519411989, 5216.110719634988, 569.2741484478588, 1.6019018889494536, 0.06554092311742853, 0.09952912851550587, 643.0149402536575, 0.5533013796134367, 5226.920521121954, 569.9740812590541, 1.3516108202737616, 0.06522867103057592, 0.0997924508142052, 648.9784957606735, 0.5660726723096621, 5263.435526650023, 568.9708259506243, 1.1100096482871473, 0.06401374905797484, 0.10073304960613648, 660.3900623305813], "obs_std": [10910.879172842311, 556.4451427967331, 25.44731078242092, 3.9360760570863365, 0.12432756851314503, 534.9939077513401, 0.8356822548642197, 10924.813502945364, 556.35585135304, 24.45081810983255, 3.936075485951185, 0.12210253502264497, 534.4666325690847, 0.8350741556398353, 10926.904783573247, 556.3381897734777, 23.28602707713774, 3.7685277845144434, 0.1228615833056598, 534.1389758713278, 0.8276785987319969, 10911.892728279676, 556.387237246208, 21.972247559935283, 3.7685274501256476, 0.12211654828314338, 533.302017527548, 0.8285843893398576, 10913.974403672357, 556.4476998376025, 20.40710045550092, 3.768527288175371, 0.12191275944963977, 533.072686505422, 0.8202564686747874, 10914.160474661885, 556.5513435742099, 18.631914631789797, 3.7685269136019004, 0.11974707764751327, 533.0724351264776, 0.8214733750892041, 10909.953185300212, 556.6531648745935, 16.52594763284226, 3.5931755428278973, 0.12081865455432751, 533.9967614081228, 0.8337668809716843, 10923.063331155869, 556.9940384983989, 13.920145438714153, 3.4088157384410476, 0.12196348083188067, 537.8613825945606, 0.8697177244101365, 10934.410758842061, 556.5365388466294, 10.570540806582775, 2.5409614731252765, 0.1281157998761102, 547.9394302040697]}