{"obs_size": 14289583, "obs_mean": [5215.410650792989, 566.4316606719734, 2.753177891895096, 0.06460267359181143, 0.09854953802325765, 632.7570632853798, 0.5423710213237471, 5230.962074043535, 566.8359980133779, 2.6024312255997955, 0.06459438482061361, 0.09854334367895795, 634.0577525804637, 0.5423816900745472, 5228.972471122592, 567.2907317869248, 2.426699855412156, 0.06458562430926754, 0.09852041459572373, 635.4697070534049, 0.5422413673653474, 5233.237841779188, 567.8486971943128, 2.2445429653195617, 0.06457686926631073, 0.09850892593373761, 636.9097180303942, 0.5425793453175336, 5242.655709742496, 568.4817244142114, 2.042585497421443, 0.06456706770562154, 0.09854810825207441, 638.9109949357309, 0.5423484620230373, 5233.497194664849, 569.1497255028366, 1.8270468074540733, 0.06455689736601125, 0.09850808600572845, 641.3861126018435, 0.5435537182575947, 5245.447058937066, 569.874376740035, 1.5959259972806765, 0.0642462005014499, 0.09855653664952954, 644.6841178246202, 0.5463039146069276, 5239.193837895717, 570.6660950148089, 1.3452410752644077, 0.06393499807021008, 0.09874228319664738, 650.4178892650197, 0.5553938899407078, 5284.39617473798, 570.4117000475102, 1.0978353951966267, 0.06302220716987335, 0.09931098708639784, 659.9789965956797], "obs_std": [10931.258874425264, 555.018335487779, 25.486922034118518, 3.0063642194996465, 0.11761893220131199, 534.4185637303664, 0.795793199023857, 10951.059564517313, 554.9361445746339, 24.490869881543134, 3.0063637844796087, 0.11620434531087334, 533.8276385629042, 0.7948977834735281, 10953.250095684436, 554.9156250902514, 23.31948899929842, 3.006363327495768, 0.11615157321324131, 533.3897354705234, 0.7893018821525272, 10947.919331812725, 554.9989119253873, 22.000113731500576, 3.0063629704290418, 0.11497317570724352, 532.4796937971844, 0.7876052004245244, 10964.373525529898, 555.1045221800498, 20.428681013295282, 3.0063624639789954, 0.11472555539829754, 532.2824980357509, 0.7827550907406212, 10945.134739074087, 555.2468559723378, 18.64653052805521, 3.006361982239713, 0.11284005371345547, 532.3678378000699, 0.7825402672200497, 10948.878039567824, 555.3880482165603, 16.535672614979678, 2.7834021769372987, 0.11197411776210887, 533.3515260356934, 0.7908508974493849, 10943.579830168816, 555.7249208067701, 13.910993471848968, 2.540953134651632, 0.1122850847945952, 536.7781711813694, 0.812099051260529, 10956.962233691784, 555.7048185661951, 10.524418495155219, 1.607416870761452, 0.114939099769667, 543.6058610330341]}