{"obs_size": 14240282, "obs_mean": [5248.700673478547, 565.2692556931105, 2.152542203869277, 0.066523760295697, 0.10056109792495645, 634.7432839319277, 0.5589654743494903, 5252.792505693088, 565.5382486807493, 2.062120539466845, 0.0665159287153252, 0.10057240769438533, 635.2745302365971, 0.5579422800756648, 5251.788637144441, 565.9103471405975, 1.9786731751520086, 0.06620666351875118, 0.10061236487451623, 636.1211175388814, 0.5585760109245419, 5256.378310181059, 566.2180605693062, 1.8773055898752566, 0.06589738069682377, 0.10060860871105014, 637.1561549508128, 0.558298495493312, 5255.9149576885775, 566.6298713045148, 1.7560433143107699, 0.06528536260041222, 0.10062966982486794, 638.1838147612928, 0.5580768740394642, 5257.081084178708, 567.0524927806906, 1.6071184545362234, 0.06527641902141561, 0.10059867833642698, 639.2969749211848, 0.558111261982071, 5260.649348562008, 567.5429160742746, 1.4208432108296731, 0.06496477548317658, 0.10057445563908077, 640.6468166835888, 0.5577507137148323, 5258.653292081661, 568.1814816588603, 1.2395541043358551, 0.0646532224860518, 0.10057630737298544, 642.5982854593753, 0.5586832000237433, 5302.435592264982, 568.755341221473, 1.0290860110775897, 0.06343700209448862, 0.10062892119875201, 667.5187859077012], "obs_std": [11020.962580796015, 557.3610112307521, 21.318579821141007, 4.103857983032503, 0.13442106890898858, 534.1944150273212, 0.8458049381345594, 11024.200443384985, 557.3463369549122, 20.74817488597271, 4.103857272997606, 0.13306355703415465, 533.2645144235094, 0.8413982008428287, 11031.07084694831, 557.3542909524996, 20.103418548164292, 3.9428782618057916, 0.13365303620581545, 532.8395544779759, 0.8411240712026051, 11030.973277037547, 557.3690159163707, 19.344659313829553, 3.7750412553612076, 0.1322384542334656, 532.5739693480447, 0.8367316217036321, 11036.122593380258, 557.3979017609978, 18.35185341537562, 3.4147078696195003, 0.13304241436148836, 532.163562278503, 0.8385999275374775, 11030.916525884353, 557.4517900211569, 16.934162288515356, 3.414707298665707, 0.13132523221885845, 531.3958184940115, 0.8332704061649377, 11031.520935304376, 557.6011394939069, 15.09526009512937, 3.2194515581713437, 0.1311838401060605, 530.7716453717798, 0.8258067861047989, 11028.036811368978, 557.7793952013404, 12.845191125387146, 3.0115631418672164, 0.13005221156556074, 530.6260595106015, 0.8266924860115955, 11050.043068856527, 558.0491135524635, 9.836526968245614, 1.971826994990098, 0.12931155144913653, 552.1914295027343]}