{"obs_size": 14289583, "obs_mean": [5159.2394533514225, 555.8846369414699, 2.8258129016081157, 0.0669523854164333, 0.10178754359011004, 626.4297797983356, 0.566900506473839, 5162.811882208821, 556.2919747903069, 2.6808232962431444, 0.06694254613525909, 0.10179617828749764, 627.9068935351025, 0.567355454879261, 5166.046408245172, 556.6360965187017, 2.505910424397969, 0.066632173382394, 0.10174662464384021, 629.3402923210564, 0.5673333138552811, 5165.089076310901, 557.0705819756952, 2.331295391894921, 0.06662242106904792, 0.10175389897703795, 630.8384868010913, 0.5684528657694234, 5166.566265960034, 557.4869309342337, 2.131607479378509, 0.0663117849262019, 0.10184183051051973, 632.8459960594175, 0.5678779091034369, 5169.551673514888, 557.9296073930219, 1.923182642908474, 0.06600013523292518, 0.10181184559969363, 634.9762367145383, 0.5688263642123133, 5171.30635206051, 558.3495020813413, 1.6983375232153382, 0.06538819159587204, 0.10193500142306404, 637.6996901457054, 0.5714956924215405, 5176.344382579771, 558.6934818181887, 1.4504901227698528, 0.06507587229978039, 0.10219666942870227, 642.4756920806805, 0.5826512912238272, 5175.681009125751, 557.8083220483061, 1.2217406204225834, 0.06416210826481826, 0.10318933160764734, 652.3825158067509], "obs_std": [10919.674815000977, 556.3828332664909, 25.31501426926554, 4.251418435469966, 0.13030795577303927, 530.9816660317134, 0.8358638815431076, 10927.721840948769, 556.3449794127765, 24.329831515707554, 4.251417844082629, 0.12908255558635232, 531.0177915200924, 0.8370085864976424, 10927.811042527925, 556.2889760339505, 23.17521353251573, 4.096787185887674, 0.1280416962293146, 530.9619989642554, 0.8309442373079369, 10924.514905944361, 556.3165651952442, 21.876165112970995, 4.096786687338151, 0.12718130363676025, 530.4657213952091, 0.8308774404159235, 10926.096350564292, 556.244354044894, 20.323574489678528, 3.93608619493299, 0.1275706916882621, 530.6160326482984, 0.8275295325239823, 10931.016611172246, 556.1656315059729, 18.564451976320207, 3.768539051213385, 0.12576917079218755, 530.8949597542743, 0.8258019803008539, 10929.324064905219, 555.992227116883, 16.48526874467417, 3.4088293846808506, 0.1252388744900172, 531.9067560670862, 0.8326491475443994, 10938.808638061215, 555.899866096233, 13.905223414176428, 3.2139117911653674, 0.12645963546393924, 534.2625735401009, 0.8584121231867743, 10946.495909153873, 554.9685490060504, 10.626848880125129, 2.540979149173704, 0.13159596066804904, 539.6958182655752]}