{"obs_size": 14240282, "obs_mean": [5286.52387098694, 571.7275309576031, 2.071753424545946, 0.06317086440873351, 0.09757172791528976, 630.2571530708481, 0.5215212742977905, 5287.675583724172, 572.0387960715946, 1.9924868060899361, 0.0631650864563025, 0.0975549328745046, 631.0430914292757, 0.5216592086448776, 5291.121379110462, 572.3506152476476, 1.901898080389138, 0.06315894574939794, 0.0975830111630518, 632.0152727578557, 0.5219753733809457, 5289.93929583752, 572.6739336341795, 1.8042849151442366, 0.0631522172400889, 0.09760091894872665, 633.1907885641061, 0.522086689786049, 5293.817586897648, 572.9714481777818, 1.684153656507645, 0.06314515740272052, 0.09757807044993999, 634.3678948420563, 0.5223401952292704, 5293.984120843616, 573.3307307397422, 1.5299671734028863, 0.06313765080320223, 0.09757467895916759, 635.8062004625971, 0.5223162738631136, 5295.761308196565, 573.7345968289112, 1.3536230532513331, 0.06312923621899673, 0.09754849574987355, 637.2118115625279, 0.5224908385943442, 5297.595007750455, 574.2213667538325, 1.1637948602422339, 0.0631205505384042, 0.09755639769064874, 638.8530605467868, 0.5225588510817358, 5299.968032529341, 574.7641687151983, 0.9604507832078044, 0.06250896834691344, 0.09756744073741004, 648.8381416590838], "obs_std": [10930.535396226707, 553.553409401298, 21.18923525709335, 1.9718146207813683, 0.11119025332429175, 522.9941965406955, 0.7373027403813266, 10931.643919007429, 553.5545571771255, 20.62234286072244, 1.9718140906020785, 0.11028804798936366, 522.7784564669824, 0.7383086476660172, 10938.12773302848, 553.4976517641326, 19.972949395612005, 1.9718135990972552, 0.10951495106793319, 522.6106838116792, 0.7351180100420376, 10932.837875271929, 553.4831916178399, 19.219989834546094, 1.9718131114357542, 0.10956562828035996, 522.6209718833816, 0.7346085186163313, 10939.750158422758, 553.3786723211169, 18.222079907955855, 1.9718125650180482, 0.10861394810292359, 522.5514589097027, 0.7377705006118468, 10935.40096430473, 553.314673385934, 16.802264718168697, 1.97181206839312, 0.10778114631863858, 522.3934895397531, 0.7335809409099793, 10939.839603668137, 553.297883075324, 14.959236060437929, 1.9718114864177876, 0.10640568486437844, 522.0766855515642, 0.7318454579108479, 10937.956980358978, 553.2412024588723, 12.69577669210921, 1.9718107968135856, 0.10533018047302276, 521.8072164663744, 0.7270469423890499, 10941.176525188608, 553.2426063805952, 9.69117289592899, 1.139004888047979, 0.10306765194476528, 521.0672575976383]}