{"obs_size": 14289583, "obs_mean": [5189.1589774627455, 563.7124725753018, 2.770710313939882, 0.06991527494574937, 0.10053009313910671, 629.6811398441345, 0.5564601538057797, 5199.199094310676, 564.0854484696998, 2.623087111779259, 0.06960559458810699, 0.10055169146482386, 630.9145111373315, 0.5565385015784284, 5200.3043802853235, 564.5157907687019, 2.444730892427022, 0.06899474741076098, 0.10052792094289993, 632.2709201422682, 0.556288627456842, 5204.346610216866, 565.0384838381917, 2.2679285322741745, 0.06838410333409302, 0.10051343828507826, 633.6857757167073, 0.557063747206658, 5205.483572803907, 565.6081503568018, 2.06504241586336, 0.06777273221899498, 0.10060209958758115, 635.6695272468548, 0.5567897737814049, 5206.988724236801, 566.2439698205329, 1.8542990372777148, 0.0668597822364796, 0.10062242425212813, 638.002246501808, 0.5585476245878291, 5214.687455106232, 566.8921650127928, 1.6248004577880264, 0.06654832998864359, 0.10080464887834621, 641.12820199232, 0.5627079070817229, 5211.435209508263, 567.5370049636856, 1.3735022918443456, 0.06593512319737455, 0.10113841741540038, 647.4818095962144, 0.5790284554840136, 5249.273886799973, 565.7654498385292, 1.1379047240216875, 0.06411770272065334, 0.10240505895210661, 660.3114074262837], "obs_std": [10918.152302784778, 557.2596701477119, 25.459380188943335, 5.566261735012583, 0.13268715053024563, 535.5962385678965, 0.8675778202782554, 10932.528238951007, 557.1894620858695, 24.462837212094982, 5.44907205052209, 0.13116497740027966, 534.9611125947273, 0.8662499447255504, 10943.654087273186, 557.1810428638865, 23.30134717265846, 5.2067858790075014, 0.1315309928886317, 534.6547543473856, 0.8603648390439976, 10937.40861642145, 557.271126835041, 21.98854133347436, 4.95266127355607, 0.12958967620925516, 533.9679704284542, 0.8600412273190506, 10944.93979618445, 557.3620418406224, 20.4302916835531, 4.684771850489084, 0.13062958546824688, 533.9275806735415, 0.8520747884989861, 10940.043146694095, 557.514679034557, 18.659265006908026, 4.251404259165799, 0.12929515101494482, 533.8860150929916, 0.85013482648312, 10938.872608832604, 557.659620228625, 16.556092793573786, 4.096773632951561, 0.1306222238843737, 534.8026468485288, 0.8618885840951471, 10942.120471468035, 557.9712244225752, 13.958455068269775, 3.7685257638603322, 0.13242804739063357, 539.1087594781133, 0.9099529528048578, 10956.214733713905, 557.0461170941862, 10.61804187530325, 2.5409602044378192, 0.14027134141358583, 551.5553914540283]}