{"obs_size": 14251917, "obs_mean": [5234.472137797813, 559.7156868791756, 2.3197106045453393, 0.06316833110451844, 0.09862981525509873, 631.0130661838699, 0.5521415892332239, 5233.7102060926345, 560.0257476941523, 2.235807154925193, 0.06316134456221674, 0.09861131971039448, 631.9437335535473, 0.552292113124146, 5240.353300939773, 560.3465339434689, 2.1351931813804415, 0.06315436476686706, 0.09862999788196981, 632.9825703784263, 0.552487382153574, 5236.845802952281, 560.7148357656026, 2.0116803935919636, 0.06314657534288985, 0.09862726699608267, 634.1959924352597, 0.5526101541287384, 5242.435052942224, 561.136121126723, 1.8621558769953541, 0.06313878006222688, 0.0986308398592273, 635.5775070216382, 0.5530273051688392, 5242.389827542565, 561.5293427543818, 1.6815095821846282, 0.06313034089779727, 0.09862090853967227, 637.1591796029029, 0.5531646866172429, 5244.079475640069, 562.0247335849629, 1.4982807575991357, 0.06312145161055252, 0.09860928226862349, 638.8185958280476, 0.5535806724105962, 5250.020023094415, 562.6055038771276, 1.292789734882683, 0.06281144160782878, 0.09862806868746227, 640.6781262788203, 0.5538213250891048, 5249.230410173629, 563.1116024602163, 1.072785436513558, 0.06280202746880441, 0.09860750381088981, 652.2380299486249], "obs_std": [10973.62315552422, 554.9514513896015, 22.447637136942312, 1.6095335232158658, 0.11395484868363501, 526.3122679858404, 0.7740377190866649, 10969.601631235226, 555.0417685361658, 21.876091167506026, 1.6095325797279265, 0.1129051043255606, 526.3439571441104, 0.7714244192191024, 10982.947794734846, 554.9319219439647, 21.16839978710556, 1.609531849849098, 0.11221475001291491, 526.0245766798122, 0.7713127212131469, 10967.04038403258, 555.0971223168877, 20.260132430488955, 1.609531035103124, 0.11090327924113778, 526.0049373086646, 0.772049324613137, 10982.199919931249, 555.0630371636397, 18.9298823188802, 1.6095304083084183, 0.1106271126090668, 525.9555868371291, 0.7732669182629939, 10979.468690672888, 555.000940273377, 17.300424123015077, 1.609529644512037, 0.1093034827864572, 525.8468771534153, 0.7734286388557209, 10980.166681320869, 555.0462645832459, 15.415908924639345, 1.6095289710813108, 0.1067531738771848, 525.5432780259291, 0.767251884895442, 10992.806724663466, 555.0727170916745, 13.05499944439164, 1.1385461587597474, 0.10576260871284945, 525.3602286308001, 0.7665974395407673, 10981.113638186182, 555.0572443630203, 9.907517757740695, 1.138545070679558, 0.10558930711567256, 526.2377990823535]}