{"obs_size": 14251917, "obs_mean": [5217.7886090859465, 559.7819646297406, 2.36220144981198, 0.06425489274552426, 0.10119964664872781, 632.1832724600263, 0.5646448450408499, 5218.126041371636, 560.0932184772056, 2.2822816748090795, 0.06394615893687232, 0.10117460007288903, 633.0795910818114, 0.565316664558184, 5223.8154267621885, 560.3993842372223, 2.1797606595660075, 0.06363669807823834, 0.1012335171103655, 634.1305394099625, 0.564785282779857, 5220.96903156501, 560.7843969341106, 2.0575070708031764, 0.06362762901075773, 0.10118217914172625, 635.4187392072203, 0.5651542555292797, 5226.078888047398, 561.1961193010036, 1.91049863677988, 0.0636182783290915, 0.10121522202599074, 636.7909739116933, 0.5657047494733559, 5225.911447917705, 561.5629033624039, 1.726401858781524, 0.06360887194951463, 0.10116808750843845, 638.3414892020961, 0.5656162279081499, 5228.365364600456, 562.0252559006625, 1.5495961701152203, 0.06359876979953703, 0.10115300443140329, 640.0543698845004, 0.5667433136889637, 5233.447960956856, 562.5412042464183, 1.341743149360188, 0.0632881654679241, 0.10122501835619818, 641.9439986578603, 0.5663630504583962, 5232.678194585648, 563.0089956319559, 1.126335565945269, 0.0629762254955681, 0.10121265161858503, 659.4562791994912], "obs_std": [11020.644512006113, 559.304798616604, 22.471790828381202, 2.544338136901258, 0.12688987099719778, 530.813429410441, 0.8209008185864917, 11019.859217337551, 559.4278540042545, 21.90078263151764, 2.275820055265226, 0.12610578660247151, 530.8003836311647, 0.8184972870500019, 11031.834648478998, 559.3363307004039, 21.190265066580277, 1.9710548755146027, 0.1257288121149398, 530.5569803038434, 0.8162063461312289, 11023.568003825301, 559.535703438626, 20.284298525521024, 1.9710536886472072, 0.12428952664571542, 530.5771738092229, 0.816665859811656, 11034.395570146422, 559.5085924793024, 18.954928460578074, 1.9710524906371396, 0.12462705906486526, 530.60116315271, 0.8185803590591613, 11032.878621841402, 559.4107056903356, 17.33118340012874, 1.9710511733343445, 0.12250658842875693, 530.4965885028868, 0.8167253394171595, 11035.884596814942, 559.4151746889636, 15.455785388673764, 1.9710501823177917, 0.12029943548039718, 530.3195822907088, 0.8116737080087618, 11044.461705457066, 559.3881873190331, 13.10677094648932, 1.6095783122047749, 0.12064786661489295, 530.302099215896, 0.8084511867720743, 11034.482211727423, 559.3379591600427, 9.989851947900718, 1.1386136133139675, 0.11975224830434238, 539.2196500601527]}