{"obs_size": 799948, "obs_mean": [1858.5065349154984, 393.58240285618564, 4.526156700185512, 0.07459643923479208, 0.18174769581397757, 431.24822445706957, 1.0899131668558817, 1854.5196382464615, 393.96620780350725, 4.368193932605619, 0.07457660263791371, 0.1815100295956667, 432.3206556167941, 1.0897532564616952, 1851.7024600423554, 394.1055068579458, 4.169145994489642, 0.07455581012139985, 0.18134132639496345, 434.07063379702686, 1.0894569534519998, 1847.030194798556, 394.4900781050768, 3.962673823798547, 0.07453596234879493, 0.18113244311379637, 436.1368321140876, 1.089684254476596, 1844.2308856384168, 394.77549540720145, 3.7429920444828912, 0.0745166219054162, 0.1810001067981935, 438.1149076331705, 1.08896759289365, 1843.9453035297015, 395.12065909284104, 3.483370169060989, 0.07449668540454357, 0.18082555975013614, 440.15432829135256, 1.0877622807983098, 1843.2727065693134, 395.4350207763505, 3.222879487166666, 0.07447925873806019, 0.1804249795999283, 442.87591809884856, 1.0888788833775511, 1846.2964959905678, 395.8517491136924, 2.927812807832509, 0.07445829400785221, 0.1802834673978834, 445.5295288618969, 1.0895818465701341, 1846.4378091600836, 396.32159840389625, 2.6428342842284747, 0.07443589900342691, 0.1801174133818736, 449.47977182020173], "obs_std": [4009.159289104887, 477.5325793154176, 25.690666793511845, 0.07004788337709213, 0.24433996038600705, 370.03949584757106, 1.3769841588176188, 4002.8602991542334, 477.5706554852493, 24.792155197708606, 0.06995697717929417, 0.24295590381210005, 370.02852212786513, 1.3855199108645138, 3998.3428424875647, 477.51606971722134, 23.698937857300127, 0.06985929101725435, 0.2419534283666316, 370.21903838533075, 1.3738436068044042, 3982.9106917691547, 477.5358153766441, 22.469487870303336, 0.0697889564701519, 0.2407895153561983, 370.56831147478766, 1.3803167539864094, 3981.0232692035406, 477.2695861331826, 21.082977005772044, 0.06972273083765888, 0.2402386805556576, 370.42399485757625, 1.368821632085525, 3966.7753319148655, 477.08512599177556, 19.344352095059964, 0.06967029733702404, 0.23852898410510814, 369.6993334782346, 1.3667753335148096, 3956.8931636836346, 476.752349620827, 17.358578607752918, 0.06964364424705533, 0.23664489196421473, 369.7232075744652, 1.371975006462396, 3962.2640940708584, 476.78399041399035, 14.863934210738083, 0.06957847236023934, 0.2355429010529869, 369.33678377529105, 1.370658926287193, 3953.5581400558112, 476.6054555636784, 11.961081486532398, 0.06950811738347744, 0.2340053519044755, 369.09883723036864]}