{"obs_size": 14264008, "obs_mean": [5275.663091074181, 571.0816838436996, 2.440542377710389, 0.06303554952634106, 0.0981753849104691, 635.9868574848897, 0.5413441573364642, 5274.662006416082, 571.3017822199763, 2.3416326603294113, 0.06302806744661991, 0.09823625526086431, 637.0667326057805, 0.5415279401133578, 5273.913224852747, 571.6216863451001, 2.2199190437918994, 0.06301983415671995, 0.098199379843801, 638.0566735222422, 0.541009922877254, 5274.037769155664, 571.9767547101768, 2.0693341590946948, 0.06301174747308944, 0.09818174805706774, 639.2338629887125, 0.5410162756499118, 5276.13983812075, 572.4173453211748, 1.8883597793831859, 0.06300272592563932, 0.09815127995294222, 640.587740398675, 0.540780241359969, 5272.161035314795, 572.8805199772742, 1.7057041751518929, 0.0629937039005535, 0.09817436545177309, 642.2861776796966, 0.5413877792273067, 5278.393642675402, 573.4485946025831, 1.499773976570961, 0.06298428059084973, 0.09818697371306905, 644.3961131681469, 0.5412014405769123, 5288.64638200653, 574.1760698675995, 1.2785664449991896, 0.06267329308460315, 0.09814314977690661, 647.3837182023414, 0.5424423465691032, 5320.724510293138, 574.7913735746642, 1.0457137292688001, 0.06266315495911971, 0.09821218402149082, 665.5608663419088], "obs_std": [10987.740621503399, 557.7338777368644, 23.632067347567123, 1.6088578157426419, 0.11339351112413558, 533.6899285319262, 0.7845768565300698, 10994.70410597847, 557.7479622142166, 23.005595791386085, 1.6088568763848898, 0.11263827486312909, 533.6164248695934, 0.7841524794426088, 10994.731869793264, 557.7353691473331, 22.175134079591395, 1.6088560064312996, 0.11196841506670487, 533.1108382749239, 0.7834727494422821, 10994.091769630484, 557.6142178799062, 21.017492075295078, 1.6088553277310653, 0.11064770175984016, 532.8106384118552, 0.7805726573705553, 11001.335245343413, 557.6677161648444, 19.536109055943577, 1.608854478577929, 0.11063187962962305, 531.7996398590132, 0.7749418301381664, 10982.18207230207, 557.6700351100878, 17.87415558116599, 1.6088537740080042, 0.10993611358758434, 531.0998420947096, 0.776249938192136, 10990.782922905879, 557.740360712981, 15.919663943323272, 1.6088529444077344, 0.1092707701673966, 531.07991425631, 0.7690318201750223, 10990.077051324268, 558.0719545945174, 13.519130328476045, 1.1380719398605714, 0.10843026445234394, 531.7612444492086, 0.769387413006803, 11002.590700689947, 558.3850885561773, 10.29262182500869, 1.1380707818042726, 0.10817784677286839, 544.3565716466603]}