{"obs_size": 14289583, "obs_mean": [5157.826614647584, 558.0632977183449, 2.7891694950090566, 0.07319375179801264, 0.10394345722201911, 620.9029334814531, 0.5709996286805763, 5158.566742626651, 558.4705164594375, 2.6468904655930126, 0.07288251005792831, 0.10395747715654068, 622.1719704223706, 0.571808822132903, 5161.910762855337, 558.8556365150754, 2.464416771294166, 0.07227048354336858, 0.10401048111151982, 623.4989082307018, 0.5710901327911714, 5161.305688612231, 559.3338777625631, 2.2963072470344303, 0.07165819613911084, 0.10400053848695213, 624.9360944741312, 0.5723872786910789, 5162.77488973937, 559.7758233392815, 2.0886078341124437, 0.07044400618283315, 0.10412322472020437, 626.9747782845741, 0.5718209464195221, 5166.8533094764625, 560.3099242294195, 1.8817801751107783, 0.06952926742950505, 0.10419377457242804, 629.3392307228775, 0.5743655363491215, 5167.681218505015, 560.7894506088805, 1.6560778575553954, 0.06891639767172487, 0.10450455135555657, 632.3932717083031, 0.5792468399532951, 5173.747087579117, 561.2576772884134, 1.40450760529541, 0.0677010663797616, 0.10500012425205148, 638.6369278316467, 0.6003646671145222, 5178.505172413229, 557.9368866117367, 1.1820463200360711, 0.0652819920058624, 0.106962599524073, 653.4636030950661], "obs_std": [10881.138627209484, 556.1111999881891, 25.40865181932888, 6.625113846551178, 0.17140532357740268, 529.9862472024876, 0.9870575400147674, 10886.960976954677, 556.079390838801, 24.42081752148506, 6.52696328407012, 0.171251673445168, 529.6927086494943, 0.98301581914346, 10892.014206782995, 556.0662198424251, 23.258719421833764, 6.326095524098183, 0.17239169156688003, 529.5357949400329, 0.9737822018254588, 10880.777480843266, 556.1337926483947, 21.965549033736732, 6.118637129757683, 0.1712261764861536, 529.1209437378716, 0.9695584978457232, 10889.19944891958, 556.0796015194035, 20.406189668934505, 5.681038314071543, 0.17250416673836194, 529.3675266322533, 0.9606187716444731, 10893.181220165416, 556.1063479912951, 18.64220669454535, 5.329310152855879, 0.17149688503711247, 529.6607967991831, 0.9551634573477672, 10884.74487599349, 556.0254944446506, 16.56145830674394, 5.0813170426877585, 0.17374269716389756, 530.6862276799553, 0.9594381465060726, 10899.805766736143, 556.141257576284, 13.982900955541128, 4.544915122707436, 0.17771389759367223, 534.6189162395203, 1.0154754570466362, 10904.47289494596, 553.7669847367532, 10.682277892196602, 3.2139055830806824, 0.19028837343811142, 548.6324255059786]}