{"obs_size": 14264008, "obs_mean": [5237.752588786742, 567.3207943377486, 2.450612268304954, 0.066805551899938, 0.09994741833634707, 632.505464909627, 0.5527212147525837, 5243.525147992595, 567.5904537490444, 2.3505699800504885, 0.06619546958170043, 0.1000307880414826, 633.5072156636046, 0.5527760077672789, 5246.8021576907, 567.9753483733323, 2.2293347704235726, 0.06558402371515298, 0.09999173833799102, 634.5238932316422, 0.55217762819542, 5248.277989001682, 568.4157932328696, 2.0814505291920753, 0.06527393051470037, 0.09995945323397178, 635.6906533871281, 0.55232371665808, 5254.04199892753, 568.9084138904017, 1.8982523004754344, 0.06496262494308241, 0.09993500445190481, 637.0561577874847, 0.5519333797345384, 5247.910022768483, 569.4498224482206, 1.7205767130809237, 0.06465150757922504, 0.09994794967627679, 638.7023902981049, 0.5530211121586952, 5257.489095343912, 570.0115975818298, 1.512724754500979, 0.0640391067219061, 0.10003743905941523, 640.5424229090465, 0.5526200847616317, 5255.551060177065, 570.8016680164508, 1.294637664252572, 0.06312511337760901, 0.10003190844571842, 643.3969010780098, 0.5541143727625886, 5297.807169025421, 571.3364093037525, 1.0649247392457997, 0.06311356796120142, 0.10020566772004155, 664.587421840105], "obs_std": [10979.601454117717, 558.6724598792375, 23.561859375656965, 4.255214797052499, 0.1265774795190308, 533.6389767642139, 0.8440075412082892, 10989.28977105165, 558.7399608436871, 22.936972264869866, 3.939601221008191, 0.12592745723485896, 533.3774254414191, 0.8431939245656577, 10994.682244999623, 558.7889899550108, 22.109124878765567, 3.5963952724828414, 0.12599985768296842, 532.9349521038847, 0.842075265701296, 10999.077177249352, 558.7492025862381, 20.951078718597536, 3.411870058416367, 0.12425353103651084, 532.7253935209181, 0.8370988304017463, 11007.845147787355, 558.8318951887119, 19.467104151676207, 3.216776962709889, 0.1246552975547411, 531.8959182401586, 0.8329878465970686, 10993.294438100034, 558.8927170987208, 17.817244997461508, 3.009061986405288, 0.12397176387785101, 531.260788005384, 0.8360504200357193, 11001.860965055344, 558.9826057243122, 15.871491118026542, 2.5432368451212954, 0.12423483107172746, 530.9965978061321, 0.8258497277056502, 10996.71299055345, 559.3324379682088, 13.479440267044314, 1.6088681336375108, 0.12340360949799073, 531.5627307802339, 0.8242338988290047, 11008.599395919671, 559.5776806558374, 10.27826866645238, 1.6088666807008116, 0.12565889935450172, 548.7505368200602]}