{"obs_size": 14289583, "obs_mean": [5207.069832194294, 565.9074436251918, 2.7538739933838516, 0.06584186517500845, 0.09913189439929715, 632.9629990253293, 0.5463311191096671, 5218.4392129382095, 566.3020193801316, 2.6040512868710026, 0.0658332444027998, 0.09910032097017751, 634.2705213777992, 0.5463542122258284, 5219.3620603011295, 566.7417284325231, 2.4270100813998563, 0.06582413698755882, 0.09908454598885107, 635.6263065852911, 0.5462334709137845, 5222.585097398803, 567.2785842665947, 2.2464846594893633, 0.06581491742649812, 0.09906977093075407, 637.0161594352982, 0.5467896168139107, 5221.680089187393, 567.8888915792714, 2.0447257278256474, 0.06580476663077522, 0.09914196306379279, 639.0423136191359, 0.5465305369653233, 5224.43243012255, 568.5582568784548, 1.830589737993054, 0.06579409719493519, 0.0990939470249057, 641.4814756294876, 0.5478295444311103, 5232.657665788794, 569.2641188339785, 1.599665434603655, 0.0654829920081016, 0.09917810756290038, 644.6833779318836, 0.5508632878930477, 5229.597181757699, 570.021237638635, 1.34887232188651, 0.06517109556710654, 0.0994127715074681, 650.6741141483727, 0.5621416767725584, 5275.138022828111, 569.3732327948268, 1.1048099864075809, 0.06395683829647777, 0.10022340691726307, 661.525176225649], "obs_std": [10925.599625485278, 556.0867546072623, 25.47128878515585, 3.7685229913767193, 0.12226701168124954, 536.8351266623596, 0.8221010228057057, 10941.174010002886, 556.0079057303169, 24.47115787696307, 3.768522606839153, 0.12011211504490299, 536.2482304452121, 0.8197394302037251, 10948.647858326956, 555.9881995743766, 23.299990867551838, 3.7685221629701346, 0.12091429816542883, 535.7124646494123, 0.8140312055716282, 10937.485122498374, 556.0730244141939, 21.986762486470468, 3.7685218302723387, 0.11955842109347896, 534.7574241178047, 0.8136850569892342, 10941.555849626964, 556.1754325528718, 20.422905220705623, 3.768521392216652, 0.1197433263656841, 534.5638153109384, 0.8083982629746862, 10938.144755847097, 556.319349211277, 18.638856581558798, 3.7685209414191143, 0.11727507735576227, 534.6248696197239, 0.8059300175450432, 10935.113340776588, 556.465007378188, 16.530334624846915, 3.5931693618117926, 0.11692869553608896, 535.5826550344378, 0.8164745345233655, 10938.542693269586, 556.8328709433019, 13.919281982780566, 3.408809337659505, 0.11779330531478024, 539.5226348538027, 0.8440956393004131, 10956.69421628901, 556.5922161720631, 10.546443740392046, 2.5409535208691407, 0.12272097457521006, 548.9472812773408]}