{"obs_size": 14276570, "obs_mean": [5229.731196863328, 569.1580058095185, 2.59502807747239, 0.06500229092240647, 0.09915496115726688, 635.1757587983244, 0.5468036728710458, 5227.977376297077, 569.4897074017078, 2.476605375100602, 0.06469349469817331, 0.09914842905242677, 636.2111904135188, 0.5462881704079201, 5229.431861668665, 569.9370722099217, 2.3298611641311604, 0.06468470241410229, 0.09915946812995044, 637.3068931328716, 0.5461780611870168, 5233.868983617023, 570.3616786805235, 2.1500580321463767, 0.06467564680186491, 0.09911883600668775, 638.7125222000313, 0.5458976780837924, 5230.649333149781, 570.9096287133393, 1.9693555945160497, 0.06436566621962425, 0.09912330518247763, 640.2416057086087, 0.5465895185608769, 5238.460410825745, 571.589888467608, 1.7643156584529758, 0.06435571576450791, 0.09913970974575893, 642.0934647594819, 0.5465668902264799, 5241.705654531772, 572.3119132957005, 1.5499674641738177, 0.06404425766813059, 0.09912651280839878, 644.5555731310291, 0.5477727905933089, 5243.006224175939, 573.0082255751906, 1.321373691299801, 0.06373301075385031, 0.09921960729930321, 648.2108250449064, 0.5511791181635903, 5289.672691149954, 573.5626115376452, 1.0677600432036545, 0.06372068750884127, 0.09946049934515143, 665.6464534641433], "obs_std": [10959.04923567972, 558.1679207679988, 24.527311794242735, 3.2153637636702324, 0.12313565439594186, 536.594416162697, 0.8205116257606572, 10952.625676371872, 558.0722233109794, 23.77583739958275, 3.0077402958682122, 0.12231710786343308, 535.954214552297, 0.8184598195272103, 10963.298246696408, 558.1315046503063, 22.715560329774352, 3.007739640415331, 0.12215721795931754, 535.2802359575074, 0.819511198687205, 10957.365390867859, 558.1892684006679, 21.44492107652076, 3.0077391171574, 0.12183776872902029, 534.5509277795525, 0.811023125205242, 10958.436200407934, 558.257963640019, 19.94448435438481, 2.7846780309408943, 0.12135141434636663, 533.8162425561522, 0.8151530909204049, 10956.098524803258, 558.4332054300273, 18.184829900204175, 2.784677457333646, 0.11953163778153025, 533.3225898846744, 0.8090210879698069, 10950.936722494309, 558.6582745615932, 16.124413936912852, 2.5421182021165842, 0.11641969162141917, 533.4340862782223, 0.806115764666564, 10954.814547052812, 558.8580022425442, 13.691429270047017, 2.273830068303298, 0.11812870899176775, 535.3051422827464, 0.8198385420401387, 10960.550610990973, 559.1390536296566, 10.321635249208036, 2.273829042061705, 0.11804848072704024, 550.1847795966006]}