{"obs_size": 14251917, "obs_mean": [5293.754046613026, 570.1878359942735, 2.2928119775045, 0.06283534274561921, 0.096927710193513, 628.2344366798278, 0.5262789764352314, 5293.19915818584, 570.481280377931, 2.205000211550488, 0.06282843742418066, 0.09690742612948183, 629.1958927014489, 0.5263480436351049, 5299.726217441371, 570.8008492471574, 2.09932011251539, 0.06282136814262364, 0.0969182379839157, 630.2509393076513, 0.5265693693697401, 5295.776952519925, 571.1613094575278, 1.9721040334433604, 0.06281353182720019, 0.09690563628942085, 631.4728066224784, 0.5268014076983383, 5301.26417027168, 571.5874562699181, 1.8139914791813618, 0.06280558202999044, 0.09690690807180517, 632.8716118653592, 0.5270243334282588, 5300.249704428745, 571.9751625693582, 1.6287004758728247, 0.06279706765652053, 0.09688496421877857, 634.493110114427, 0.5271419576748791, 5302.760306046015, 572.47096274838, 1.4354894152134061, 0.06278806006982175, 0.09686747273345703, 636.1799809762582, 0.5274753281260256, 5308.722722963538, 573.0565348507151, 1.2222107383869834, 0.06247781810609237, 0.09688712865125544, 638.0546340796552, 0.527633680367332, 5307.0299484076295, 573.5895395686067, 0.9924086703564159, 0.06246820489925135, 0.09685686578675613, 648.8481511076703], "obs_std": [10935.416960503306, 553.7999453209563, 22.855888074279637, 1.609537948257273, 0.11178203665380335, 523.6209881099443, 0.7458965205290411, 10932.835491431933, 553.8571996695168, 22.27492970632551, 1.6095370665427688, 0.1107077691164423, 523.6607322390449, 0.7439093571662992, 10945.854191714, 553.7153189361495, 21.555688604088058, 1.609536371927101, 0.10968461724629373, 523.323745207091, 0.7438965735094053, 10929.819517795302, 553.844715495804, 20.623276171881297, 1.6095356062928603, 0.1085748632170009, 523.213038165586, 0.7443314222727225, 10946.468131821268, 553.775618851, 19.262762278368328, 1.609534997778988, 0.10835510963773644, 523.1243987456005, 0.7445997525458685, 10941.82270697038, 553.6531189193738, 17.606107116454112, 1.6095342710514118, 0.10669095182408263, 522.9762003290324, 0.7445396517679149, 10942.720185416223, 553.6521135366337, 15.670506239334852, 1.6095336256686243, 0.10397502810333026, 522.6054295919021, 0.7391769609584506, 10955.73087760941, 553.611230983814, 13.243437136340928, 1.13855265136336, 0.10343995142041446, 522.3402628913212, 0.7370948607117899, 10941.937805189817, 553.5577964043479, 9.984562586413395, 1.1385516089958525, 0.10287339402253234, 522.4949148012032]}