{"obs_size": 14251917, "obs_mean": [5276.901616934459, 571.2179872363837, 2.302869712193805, 0.0631025762519605, 0.09879843941232601, 639.5476398327787, 0.5458370681642738, 5270.5932957434825, 571.49185411338, 2.218861855566517, 0.06309469481151983, 0.09878087922375667, 640.5349570102446, 0.5461741593780397, 5276.234884182553, 571.8075099651508, 2.114232281874782, 0.06308673883850928, 0.09881090108530716, 641.5855937463955, 0.5462942132627177, 5274.05523670738, 572.1901777845044, 1.989451173480732, 0.06307813231694442, 0.09881238433138595, 642.6124506937529, 0.545918991950383, 5275.829992881744, 572.6988032557306, 1.8375309089998206, 0.06306953709540333, 0.09880121136461813, 643.5719358532591, 0.5458075188061075, 5277.23117230889, 573.1704915907102, 1.6503859796545264, 0.06306007658289824, 0.09876930769404556, 644.81459243768, 0.5454458856307206, 5279.031737654781, 573.8427459969072, 1.4657967065062194, 0.0630502686988079, 0.09876087121542984, 646.534860661099, 0.5461472890278951, 5285.796746235445, 574.6410520072493, 1.253530525051472, 0.06273952439472667, 0.0987935626220678, 648.9834838225111, 0.5459387525903012, 5338.3931842817465, 575.3089673480416, 1.0280675925912282, 0.06272898801740971, 0.09874520253422697, 670.5869485693714], "obs_std": [11033.898915230944, 559.9558348143049, 22.694191551896797, 1.609551346822444, 0.11939415797996966, 537.4995332436464, 0.8048732536580107, 11021.06450994476, 560.002193926353, 22.117901165431253, 1.6095497298869976, 0.11885809725793445, 537.4573582058047, 0.8023676773964631, 11042.149914285574, 559.8599684624114, 21.396745890009132, 1.6095487908161294, 0.11767997871309041, 537.137305752727, 0.8018277933600853, 11018.822948465611, 560.0427205880641, 20.48206515229171, 1.609547807454322, 0.11787306765645926, 536.5097343652669, 0.7995464539980303, 11036.20250426996, 560.1046974711905, 19.139401707168542, 1.6095470689903042, 0.11678723977445792, 535.5925854563051, 0.7982919245900278, 11026.532930511557, 560.1900210790091, 17.495503252127858, 1.6095454283697228, 0.11593456446063391, 534.5845530013962, 0.7950195334255602, 11020.562086542735, 560.501029410925, 15.58391362452349, 1.6095440763657398, 0.11387286683875313, 534.0259106399564, 0.7919292510749231, 11034.119354048615, 560.900748275969, 13.185462735032429, 1.1385679255285475, 0.1128108683882523, 534.6792082310012, 0.7855206162385167, 11042.595896352957, 561.37373945832, 9.9645390229646, 1.138567152994964, 0.1120552870774032, 551.3761335365976]}