{"obs_size": 14289583, "obs_mean": [5227.868983433904, 567.5400754521668, 2.7674598342023, 0.06484626536667312, 0.09822637745608108, 630.6061736235434, 0.5386329400235393, 5236.478161571856, 567.9211373068058, 2.6159538035504606, 0.06483799688305121, 0.09820597971249409, 631.9748402206914, 0.5386724041562599, 5233.879022513861, 568.3517404951565, 2.440854642154358, 0.0648294076740448, 0.09819183579037996, 633.4672375465843, 0.53860069737518, 5239.963147918212, 568.8622814255672, 2.2551191311880827, 0.06482056704601524, 0.09818598771181776, 635.1204151821554, 0.539011236017207, 5235.868156360993, 569.4476053639913, 2.053139129392369, 0.06481103495001228, 0.0982190763518433, 637.288448633712, 0.5390092003384799, 5241.432532864773, 570.0842258308028, 1.8361724061506903, 0.06480096832007637, 0.09817945689212915, 639.8332530657738, 0.5400604413019118, 5244.583407761851, 570.7870869289887, 1.6020552174265688, 0.06449061701675358, 0.09821690186984389, 643.0431410324572, 0.5423321328551362, 5247.028968488495, 571.5664729334648, 1.3501822271510653, 0.0641796784009799, 0.09834345589245003, 648.1409588996826, 0.5489098056955537, 5287.3483283831365, 571.6879553448131, 1.0969834459130121, 0.06296625422667013, 0.0987111938742372, 656.2413759628498], "obs_std": [10929.302979825496, 555.528865988684, 25.592092870731115, 3.213888337164889, 0.11504357608916772, 531.0089003974065, 0.7793675918029492, 10935.837309874609, 555.4076830190756, 24.59620404027614, 3.213887916751352, 0.11367371769878443, 530.6469485125725, 0.7766241768384579, 10937.085823538686, 555.3705108500606, 23.42980763899764, 3.2138874926549126, 0.1136682533972066, 530.3825001031167, 0.7715440009469344, 10936.62898735117, 555.4327253478649, 22.09833566522027, 3.2138871325858034, 0.11222496084444179, 529.9474022610599, 0.7706681849276101, 10930.687144303583, 555.504221291938, 20.518401406013382, 3.213886692892431, 0.11214824757782646, 529.9250989352014, 0.7679973794384221, 10935.199622520711, 555.6315857151424, 18.72837538468601, 3.2138862349597375, 0.11015875731003051, 530.1199100683358, 0.7663479136254279, 10929.651320480729, 555.7549656197582, 16.59724842580297, 3.006356680742743, 0.10916276990116952, 530.876333249108, 0.7736704299398436, 10937.731858359388, 556.0868974838178, 13.966136576857664, 2.783396448593772, 0.10895696287966632, 532.9950728078437, 0.78568795183204, 10956.947510441672, 556.25636123714, 10.557753029232478, 1.6074070824619602, 0.10953395098784152, 536.6147031913372]}