{"obs_size": 14276570, "obs_mean": [5180.5758638751295, 560.55750421845, 2.6565076205279, 0.06526094737623273, 0.10025435657031108, 630.3190830103714, 0.5619451738758027, 5184.228078685254, 560.9401019292449, 2.539369190218659, 0.06525276488407948, 0.10018677874538522, 631.5796457051854, 0.5622465276323428, 5184.755102584701, 561.3515687591628, 2.3969275533268846, 0.06524376966646071, 0.10020816891291201, 632.8889568587753, 0.5626679396381689, 5188.059883582111, 561.7566959010463, 2.219631746280794, 0.06523459371187217, 0.10018352004788286, 634.5231381694127, 0.5625315836366913, 5186.954552622985, 562.154402352946, 2.0434446088941534, 0.06522526943061974, 0.10019073237654501, 636.174725281634, 0.5637974877018832, 5191.028048577765, 562.6920366726741, 1.8444578774873797, 0.0646140112952973, 0.10026550616779874, 638.1416445086334, 0.5635899193573931, 5193.787482788788, 563.2179633483393, 1.6330470834381088, 0.06400228434246495, 0.10022191979102832, 640.2715975391789, 0.5642556292582963, 5196.906611550913, 563.608919019064, 1.4102378932754855, 0.06339071566574461, 0.10028727925033869, 642.8863119041918, 0.566398800762379, 5198.584848841186, 563.9202357428991, 1.1617015851846766, 0.06337937984145359, 0.10048916518526575, 655.3711323967824], "obs_std": [10923.260432619427, 563.3850329558936, 24.354820404382313, 3.4103711707754343, 0.12289527270850574, 531.7329480229369, 0.8086855342438756, 10931.09607758089, 563.3911445679291, 23.612184444720963, 3.410370604320315, 0.1212733753483892, 531.6015628140008, 0.8092133713994153, 10928.128487960617, 563.4742975413664, 22.563580845082807, 3.4103700298038584, 0.12155900139461556, 531.3403199763965, 0.8129082777175322, 10934.281571338868, 563.5088358568554, 21.304539562759256, 3.4103693934959582, 0.12093530101376591, 531.3855843986635, 0.8041328051551667, 10931.158497326795, 563.4373699210903, 19.826781712108083, 3.410368933283993, 0.11936094345906698, 531.2726256818606, 0.8093466311917169, 10935.490426725211, 563.4770394941442, 18.094010795225444, 3.0077387541902123, 0.11945000587061701, 531.4819345216393, 0.8085226334177971, 10942.066763506109, 563.449593527279, 16.06742257796567, 2.5421189316808555, 0.11648344818155862, 531.6381271844901, 0.8042531609062602, 10949.276348440306, 563.254779984388, 13.670107437012273, 1.9693263458219714, 0.1162676996798144, 532.4434935026482, 0.8102273099790946, 10946.151843329539, 562.9603821779684, 10.36881503420397, 1.9693249195864826, 0.11724886158232983, 537.5528946412738]}