{"obs_size": 14251917, "obs_mean": [5250.680399625514, 569.2311720591692, 2.302684123125331, 0.06466930999388432, 0.09927472156243959, 637.1156968767544, 0.5492954990546624, 5257.750896102926, 569.5267163708573, 2.220242792601163, 0.06435899886717761, 0.09928895991788354, 638.1206706170088, 0.5496468534022867, 5259.320193297433, 569.9108024555575, 2.1155542794699125, 0.06435088353076353, 0.09931087619939173, 639.2187860019134, 0.5495785935324101, 5263.669924902477, 570.3507961069378, 1.9904516003005066, 0.06404079576327226, 0.09929242457453331, 640.2980861562194, 0.549213953814108, 5266.268580574846, 570.9128943144983, 1.8389113548724705, 0.06403193402811057, 0.09928964155137818, 641.2001302677145, 0.5491881199561119, 5261.5403375678925, 571.4455646212366, 1.6504298334041658, 0.06341945364052513, 0.09924500649393302, 642.408952671561, 0.5487664014602778, 5267.860940422054, 572.1131038021063, 1.4679461717325466, 0.0634094537212159, 0.09926247704164953, 644.0837097081422, 0.5497171177042763, 5268.646089918875, 572.8943987675483, 1.2558941369080383, 0.06279692454433475, 0.09931231764421668, 646.4466391113963, 0.5493941463454037, 5319.836404627242, 573.5353041980246, 1.032412060777508, 0.06278555279967739, 0.09926603567035855, 668.4863125280596], "obs_std": [11006.96797954819, 558.7446495078676, 22.66465777063544, 3.0103394401050343, 0.12120608096688522, 535.7361826859933, 0.8206353629469065, 11013.59786634823, 558.8172096405027, 22.088509079417705, 2.7870845413464034, 0.121703540650506, 535.6785936786181, 0.8183969808763404, 11026.58306770296, 558.7564898639683, 21.369384685128338, 2.7870840040345457, 0.12000443509776303, 535.3395778436649, 0.8157355705669961, 11016.612359830808, 559.0149309297848, 20.4493029025684, 2.544314976268256, 0.11985740724808092, 534.7843571627255, 0.8150035945084148, 11026.0166176961, 559.1671157675737, 19.09397236328177, 2.5443144861943545, 0.11931482809879546, 533.984444241241, 0.8157855167577852, 11014.281036374081, 559.2897636131452, 17.45141685420764, 1.9710251103363656, 0.11808330228202212, 533.1434024969352, 0.8106956527096009, 11016.588143645087, 559.5726366968365, 15.545258929483378, 1.9710243174926283, 0.11638217478258146, 532.6394132509224, 0.8101435508754611, 11021.660108022146, 559.8824121166521, 13.164384590956255, 1.1385715352085106, 0.11603742006304366, 533.2159694388724, 0.8016921664084066, 11030.31433054086, 560.2018418797167, 9.924770744468482, 1.1385695944688778, 0.11454947080873028, 550.3982059141948]}