{"obs_size": 14240282, "obs_mean": [5232.450660423044, 563.267898767735, 2.1632392532675966, 0.07055396880076703, 0.1014871202092766, 631.9428440897012, 0.5636840952307268, 5235.058700714224, 563.5512311483718, 2.0706215649381106, 0.07054570938961215, 0.10152089511471815, 632.73275301758, 0.5628707017178788, 5234.853665801741, 563.910674802648, 1.9896450084345236, 0.06933086620069244, 0.10155658242428103, 633.7164216698415, 0.5637873325823579, 5237.296234608439, 564.2212510257873, 1.8873280739805574, 0.06871893456752658, 0.10158805635745191, 634.8049810334695, 0.5634888773270335, 5237.796174556893, 564.5928534982663, 1.7661076515198224, 0.06780471786296952, 0.10156718904695881, 635.8979397740318, 0.5632476877916054, 5238.901128373191, 564.9775046589666, 1.6184017985037094, 0.06719166901288356, 0.1015761958317966, 637.0842436710582, 0.5634390155335761, 5242.154160766521, 565.4601001581291, 1.4311084569813997, 0.06627618622932623, 0.10154109557430131, 638.4432998355375, 0.5630853633376379, 5241.129464203864, 566.0517943394659, 1.2519190982313413, 0.065360843635549, 0.10152166024675548, 640.3095767421364, 0.5641012109872874, 5274.12245090163, 566.6211598197283, 1.0400005421240957, 0.06384282609853599, 0.10158865995603233, 665.2142461261144], "obs_std": [10998.888810791053, 557.1063303711136, 21.3072691832772, 5.803552655067777, 0.14451397974120944, 531.3306163909344, 0.8688619099098763, 10999.661814257082, 557.1196435867147, 20.736264651592734, 5.803552109946045, 0.1436359480628256, 531.1274280985667, 0.8628392678578158, 11005.312664918958, 557.1206437514417, 20.09476941479124, 5.338521638112883, 0.1443344884597306, 531.0219257592943, 0.8620286425089243, 11002.200044918816, 557.1269904219628, 19.335043911151914, 5.090099188370325, 0.14380834008820514, 530.8880070647501, 0.8577871636375635, 11007.226113395654, 557.1212672361877, 18.341543755299355, 4.692872826224804, 0.14293762548284117, 530.5668780992669, 0.8564113981240636, 11003.144505560833, 557.1518374834917, 16.92097900074116, 4.408213699729838, 0.14289068330877844, 529.9680574308718, 0.8521664825620158, 11005.634965199537, 557.2611716839671, 15.080389741132311, 3.942878186155048, 0.14191959906924612, 529.4557960576834, 0.8456304975200298, 11002.243443708638, 557.3942265313038, 12.838845218921891, 3.414707553475193, 0.140602748500468, 529.2763976767911, 0.8452602943010727, 11021.766606686519, 557.6124240894957, 9.833891982875217, 2.2767222615504012, 0.13940074368871133, 549.6422193422976]}