{"obs_size": 14264008, "obs_mean": [5222.375624453997, 565.3280197963995, 2.461711392758614, 0.06629881248469105, 0.10062119160659487, 630.6055673969055, 0.5569611989141177, 5227.307446627739, 565.5661532158423, 2.3619610981710055, 0.06568892656041231, 0.10070672145073167, 631.6151996310842, 0.5570872272365883, 5225.483184450636, 565.9566560114099, 2.2406573243649333, 0.06537866941417382, 0.1007054874745593, 632.684856182542, 0.5566117899681795, 5231.896241590946, 566.3498342822016, 2.0935383659347355, 0.06536946677105981, 0.10068735042619129, 633.8443337187703, 0.5567290690667402, 5232.364675102042, 566.8430422921805, 1.9098403478180888, 0.06505837319588795, 0.10065338527383079, 635.2226054868502, 0.5562472809886547, 5230.838185571628, 567.3460806387657, 1.7332413862919875, 0.06444603551674453, 0.10067850357227907, 636.9066168571474, 0.5573766486951229, 5238.805728234562, 567.9093216997636, 1.5252623245864696, 0.06413502820211002, 0.10074546835875323, 638.7351947793838, 0.5569773790087983, 5237.301390674588, 568.672272828226, 1.308022822196959, 0.06322107835063766, 0.10073896379636038, 641.5543843617659, 0.5587188443108331, 5276.836411756687, 569.196422422085, 1.0773067429575194, 0.0632094249360433, 0.10092859248894266, 663.5914325563514], "obs_std": [10959.58363887825, 558.0327957027888, 23.563127593321646, 3.9396006187797648, 0.133530030106133, 532.7698264336542, 0.8593270880717591, 10969.650334954782, 558.0697885189371, 22.940597096781616, 3.5963950512515375, 0.13267374567012422, 532.6180945524368, 0.8582037179991336, 10970.47882851924, 558.1247732378998, 22.113934359116556, 3.4118699627713958, 0.13362144056270173, 532.2632237564279, 0.8572106724277809, 10977.681152965382, 558.0416363932394, 20.957893201690187, 3.411869357896991, 0.13235767320440353, 531.9952616554157, 0.8493940850951931, 10982.328434162375, 558.1074590159418, 19.476988223978843, 3.2167762878441546, 0.13258166938722935, 531.2048269762475, 0.8429286448873401, 10970.169176290883, 558.147885191219, 17.82877033139084, 2.7859019986801723, 0.13217502005084444, 530.7249924974499, 0.8466276940775578, 10979.167219229732, 558.2165669942526, 15.884493293764102, 2.543235849572539, 0.13199433131040636, 530.5100352432096, 0.835645129531329, 10973.891114002312, 558.5239553243581, 13.495669351549875, 1.608866749144534, 0.13089361261439625, 530.9834567475862, 0.8367548421127545, 10985.696483765081, 558.7450665719632, 10.291219461289057, 1.6088652259565053, 0.13271253278615766, 549.8119109343545]}