{"obs_size": 14264008, "obs_mean": [5188.496544115709, 561.2832882595131, 2.4755495089458734, 0.06858725794721476, 0.102402706357078, 627.2133171862583, 0.564998049286043, 5192.6748923107025, 561.5318266787287, 2.374752173442416, 0.06797629385703767, 0.10245669973804074, 628.2659892693133, 0.5651641515484588, 5192.6063519217505, 561.9188371178703, 2.2539805782498163, 0.06796672006774933, 0.10244671331171505, 629.3204635343238, 0.5645784692493421, 5194.950150474292, 562.3076896058947, 2.1086239575861145, 0.06735402925090457, 0.10239672626417487, 630.5125956489381, 0.564989155362254, 5197.24949504097, 562.7541149023472, 1.9236068852457178, 0.0667417232789084, 0.10243311498261976, 631.8976374772992, 0.5644160963034002, 5195.574271054937, 563.2116860141973, 1.7493787861027559, 0.06582816104752144, 0.10242966343169643, 633.5982068796251, 0.5657830455507679, 5202.069091149534, 563.6999168116002, 1.5409227897236177, 0.06491430260219495, 0.10254775428329849, 635.491477017588, 0.5655167375817868, 5201.45243075599, 564.3577478363724, 1.325755916569873, 0.06369842382737892, 0.1025515127710944, 638.2516879247836, 0.5676412859555632, 5227.070211238389, 564.8374332095158, 1.0967405514635158, 0.0633861060379469, 0.10277760605946218, 661.2118992415942], "obs_std": [10919.57288041396, 556.5048582254382, 23.51352064704459, 4.957103018511116, 0.15550199543540655, 530.7690021613988, 0.887243470634925, 10927.170717383016, 556.559826957002, 22.88949820187072, 4.688973724967781, 0.1538626538923841, 530.7233208930179, 0.886552610603234, 10926.237387186125, 556.6339005960481, 22.063888108722796, 4.688973434795767, 0.15469335767509207, 530.4552191056894, 0.8857114249028527, 10931.611881562687, 556.5392002763799, 20.91606803665895, 4.4045512742143025, 0.15241253554887746, 530.3104140860466, 0.879281665358443, 10935.271336230931, 556.5604080295054, 19.437123740783118, 4.100447991245603, 0.1539293920765911, 529.6536181673466, 0.8726297919130102, 10927.773959471457, 556.5286413066518, 17.794018983160367, 3.596397886483327, 0.15274602402304263, 529.3483669987546, 0.8781922227007548, 10935.392217833334, 556.5024297639817, 15.854084128924136, 3.0090663434956277, 0.15383595599870994, 529.2909725962776, 0.8662541270558686, 10933.974637759806, 556.6984096984959, 13.477242090176176, 1.9701987554475313, 0.15313553641766817, 529.7819119109682, 0.866534418886847, 10945.065061469548, 556.7964692707818, 10.289855069490466, 1.6088761558515878, 0.15391381367164397, 549.0190650141689]}