{"obs_size": 14264008, "obs_mean": [5251.696925787446, 570.5574567120266, 2.3852661187514763, 0.06293657869100577, 0.09771553191136789, 626.6866560389843, 0.5210230585961481, 5254.237666295401, 570.8349771677077, 2.28811306050866, 0.06293014170050495, 0.09775837776331912, 627.7711650515079, 0.5214240108390231, 5255.092141415796, 571.1563376156266, 2.168532575135965, 0.06292284489577803, 0.0977212208816775, 628.8593591160327, 0.5214243848573221, 5256.809471357127, 571.553667875116, 2.0163172230413777, 0.0629154133780728, 0.09769203555164856, 630.2315937252147, 0.5215497569126349, 5261.065507385373, 571.9640591199893, 1.8414104226525954, 0.06290709861254541, 0.09768861376024231, 631.7314047164446, 0.5215780927772844, 5258.891910705637, 572.4104424927411, 1.6561437009850246, 0.06289848425913223, 0.09768768684019359, 633.44832270976, 0.5219424567765195, 5264.472850680376, 572.8920842585059, 1.4539370701418564, 0.062889812318048, 0.09771190583635445, 635.1442445725887, 0.5218794670474086, 5266.785095096561, 573.4636987724627, 1.234352995315202, 0.06257997327764635, 0.09766063271620393, 637.2351768862319, 0.5222791045125517, 5269.95028453111, 573.9825526598133, 1.0025542610464044, 0.06257044813492339, 0.09768075398387459, 645.8035900969262], "obs_std": [10865.877023448591, 553.3104084893449, 23.434034717191416, 1.608849180540265, 0.1107985123534074, 522.9029094874376, 0.7388499005666828, 10871.423133400564, 553.3665526149862, 22.81239014034932, 1.608848528426337, 0.11026937328309122, 522.8715462150798, 0.7399281098177485, 10869.604671093075, 553.3643239460944, 21.984740478383866, 1.6088478277772507, 0.1096107071000891, 522.6494820432125, 0.742076592624073, 10874.34225832521, 553.2343018098343, 20.831889701491907, 1.608847244655417, 0.10811873420754156, 522.7513993057639, 0.7383053538089824, 10879.931836905998, 553.1849320105051, 19.355493985400724, 1.6088464989314597, 0.10829223267046563, 522.2977458266643, 0.7350983268860509, 10871.324645040477, 553.08626052655, 17.699586839940817, 1.6088457251088204, 0.10727221195673535, 522.0755100567446, 0.73648677081633, 10880.253444482616, 552.9943993601693, 15.751845607896241, 1.6088449201640314, 0.10664324837014524, 521.8112891573182, 0.731134905800874, 10881.558119516021, 553.0309579268408, 13.357402606355706, 1.1380608864293182, 0.10593982651333712, 521.6554304528757, 0.7305708832685939, 10882.75790857889, 552.9457082512508, 10.151213981615799, 1.138059676138283, 0.10501622714740065, 520.8552201101419]}