{"obs_size": 14289583, "obs_mean": [5215.959555646768, 571.4768325289829, 2.8397970045731915, 0.06508219395689126, 0.09829416398414095, 633.3791935961594, 0.5367603292552513, 5219.9529532739, 571.8396372378395, 2.6844919827261577, 0.06507402183129463, 0.09832026306988811, 634.8513396770215, 0.5369684221716085, 5216.749598320631, 572.2058116041595, 2.5072181602500225, 0.06506568939941042, 0.0983101539585867, 636.4708237996889, 0.5372071087728979, 5219.636215712516, 572.6602930260456, 2.3174048535915985, 0.06505695578556035, 0.09830031204829405, 638.1831829872579, 0.5373185352574869, 5218.427513259035, 573.1419832895053, 2.1110885461108273, 0.06504732132030004, 0.09832375332177334, 640.515364102134, 0.5375277229573617, 5222.032730201895, 573.7134971678321, 1.8883047181992645, 0.06503753608290021, 0.09828101943268769, 643.2030516092743, 0.5384820207839704, 5227.374784588502, 574.377569310455, 1.6472790703549571, 0.06472720758339191, 0.0982991425028984, 646.4596692516957, 0.5402002285861219, 5231.293996321191, 575.1571217298642, 1.384626339341043, 0.06441609161233783, 0.09837480258290274, 651.0423360070512, 0.544292242747766, 5267.1681613045985, 575.5981306102494, 1.1071622593885349, 0.06320301133679687, 0.09855273968715567, 657.6775288925772], "obs_std": [10862.253635895462, 560.0525490147563, 26.058820704553156, 3.2138872318756695, 0.11441504913432396, 532.2217217935821, 0.7682798893290694, 10871.175679316984, 559.976012584089, 25.057387926734073, 3.213886835080071, 0.1130848034442139, 532.1055814041614, 0.7669749545560147, 10875.974175446847, 559.9164873465464, 23.883748831032502, 3.2138864596649266, 0.11299908069795586, 532.1354624235911, 0.7631015605041893, 10869.586532775027, 559.9342086618595, 22.559631840542476, 3.213886124509314, 0.11163707077016101, 531.7964269126716, 0.7603805733957041, 10872.621088802212, 559.9247721179696, 20.983146974694268, 3.213885685854074, 0.11128056462123673, 532.093004394423, 0.7585940856611404, 10876.898696598424, 560.0183878931432, 19.19375084791539, 3.213885258885269, 0.10926962736318006, 532.4896988200239, 0.7576320184549504, 10875.279206784138, 560.1405355689607, 17.080720450621165, 3.006355647510972, 0.10796644216359438, 533.212017346016, 0.7625704906906846, 10886.7009929623, 560.5168768865786, 14.42337483524769, 2.7833953726651766, 0.10774487011979725, 534.6061340246978, 0.7680309608686033, 10903.723195679891, 560.8443399640668, 10.868422126468996, 1.6074056441833586, 0.10707136975727548, 535.6675924236497]}