{"obs_size": 14251917, "obs_mean": [5206.448028452991, 559.2868007160018, 2.3603649249430796, 0.06400580932467663, 0.10035384853897238, 633.5739908880563, 0.5639514442864101, 5207.783175480077, 559.5949370179464, 2.2797126169062025, 0.06369676107727239, 0.10033079160726227, 634.4934379706684, 0.5647510563666713, 5212.94003762275, 559.8927692323778, 2.1781846610529656, 0.06338744737820999, 0.10037790816414455, 635.5671079079873, 0.5642200365747345, 5210.008571464522, 560.2781257426633, 2.055307436887262, 0.06337841479775078, 0.10033494177260548, 636.8736596008307, 0.564482428363851, 5215.1772700078045, 560.689271064377, 1.908437229882829, 0.06336928823007569, 0.1003501212852974, 638.2919216374866, 0.5650155997259912, 5214.452506199759, 561.0558007038632, 1.7238359583486207, 0.06335960696656566, 0.10030589684545571, 639.8695484913853, 0.5648811048366366, 5216.88295549811, 561.5209550406449, 1.5475806517817918, 0.06334974037346092, 0.10030287575973083, 641.6152184693378, 0.5662176387920361, 5222.059074052962, 562.0397186567955, 1.3398424226018155, 0.06273744973971754, 0.10038878345516691, 643.5436676072854, 0.5657087631088517, 5221.602333664621, 562.5115880902197, 1.1240065459264181, 0.06272675644154563, 0.10039358808565825, 661.1286613132789], "obs_std": [10953.40126093997, 559.3994174456321, 22.459527927642277, 2.5443215866454887, 0.12240873806327218, 531.5212803819394, 0.8123066606386895, 10955.645959269297, 559.5149164094789, 21.88777115798522, 2.2758015589483236, 0.12169323910961083, 531.5503365629706, 0.8101445140255404, 10966.089336768482, 559.4244099879069, 21.181297468500183, 1.9710335554972185, 0.12100759651492417, 531.3484332422468, 0.8083393999165654, 10952.082030232283, 559.6158135384143, 20.275390720378887, 1.9710324175441563, 0.11992059961499109, 531.3846946254562, 0.807826213929178, 10965.924710023444, 559.5723423816977, 18.948549767169155, 1.9710313531567942, 0.12018501273507674, 531.4487252442119, 0.809374095973085, 10960.018655442713, 559.4678332657032, 17.324124345671986, 1.9710299799813369, 0.11807377691198787, 531.3926036442631, 0.8074427154356755, 10964.10485306071, 559.4951152914178, 15.450347411784467, 1.9710291190223779, 0.11569657121458682, 531.1855784079464, 0.8044140954908431, 10975.56947626255, 559.4610363816795, 13.101691659453694, 1.1385790574335937, 0.11647303318634114, 531.2320456837231, 0.8009157825318465, 10964.35060836725, 559.4085052885538, 9.983602375387301, 1.138576592492162, 0.11635960678565153, 541.0765272193361]}