{"obs_size": 14240282, "obs_mean": [5230.177298262329, 560.2593002020606, 2.1998843140887234, 0.06481204106387281, 0.1001380468251961, 635.4933946736945, 0.5647078654060387, 5231.572579266911, 560.5930103069587, 2.1139641757094423, 0.06480530416048844, 0.10016035808462322, 636.2970229365769, 0.5642808472472685, 5235.176987147528, 560.9246670817334, 2.02781405592951, 0.06419487083845146, 0.10016660085467433, 637.2527644135685, 0.5654624697741367, 5233.676525687835, 561.2408601880217, 1.9322485327186638, 0.0638853252831738, 0.10022110219846851, 638.4289087467442, 0.5647814032755852, 5237.7272956057195, 561.5548031281965, 1.8119639063327537, 0.06387679797170623, 0.10017225372067837, 639.7233537962173, 0.5651085703218567, 5237.8693208008, 561.9137289556484, 1.6652857015050686, 0.06386767851417009, 0.10017579766608654, 641.1907658394615, 0.5653909753332231, 5239.812280456708, 562.3177379492907, 1.4836585399081281, 0.06385783482343423, 0.10011289791754124, 642.6267369139151, 0.5653737645083223, 5241.465889648858, 562.7524469669912, 1.3036469362053364, 0.06384816657943458, 0.10015607922743308, 644.4291272523479, 0.5665593923631607, 5243.646917581196, 563.2419328493635, 1.1009890113131187, 0.06263259436990899, 0.10023334029656224, 662.202168283744], "obs_std": [11015.225324598361, 559.7878807707119, 21.17574396475457, 3.2194575658968065, 0.12085646036768817, 531.6363579056887, 0.8123309387167755, 11016.620981987566, 559.8510354668836, 20.613132175390824, 3.2194571587243277, 0.11986158545054032, 531.4929199637309, 0.8112940115408418, 11024.080731229049, 559.8722111545021, 19.972179567396328, 2.7882244722461267, 0.11882712216807678, 531.331076606976, 0.8098655177990258, 11018.055644937785, 559.9027076314176, 19.23058297589155, 2.5453564808560416, 0.1191844735038959, 531.4513482159325, 0.8073800060095659, 11025.830835421593, 559.8441594786091, 18.246959044918267, 2.5453555403077632, 0.1182682350133888, 531.5715687676965, 0.8098499290537053, 11022.532749908405, 559.7864446933222, 16.847419828482078, 2.5453546557977096, 0.11757207370683978, 531.4851788942435, 0.807186266331789, 11029.108971096824, 559.8111574023088, 15.023696953836863, 2.5453536786112743, 0.11561029304780808, 531.2503127352902, 0.8048913265267625, 11025.53681539629, 559.7562278469245, 12.799031474783808, 2.545352977830124, 0.1154686491647811, 531.1100397195407, 0.8019161935416838, 11032.83295233436, 559.749986397855, 9.861432752936805, 1.1390386899756513, 0.11442758566950277, 540.889072650786]}