{"obs_size": 14276570, "obs_mean": [5229.519951696508, 567.6271917554425, 2.6052604372058554, 0.06568116405201681, 0.09966641190026777, 631.3193584647277, 0.5491382572284836, 5238.187076932594, 567.956597978366, 2.4865525122630996, 0.06567279037374531, 0.0996707048302922, 632.4245201371656, 0.5487136202183306, 5232.501272950928, 568.3819834175856, 2.3389993534861664, 0.0656640263126298, 0.0996640673430664, 633.5445064608663, 0.5487436543231694, 5239.367858702235, 568.7841657344867, 2.158734766123796, 0.06535378454125182, 0.09965331367555344, 635.0046250533092, 0.5484471243443263, 5234.668234234932, 569.3099747348277, 1.9789283420317345, 0.06504358233729088, 0.09965176984121588, 636.5610490446996, 0.5492422972745196, 5239.749015802242, 569.9328473856115, 1.774247525841291, 0.06473278291046773, 0.09969181773009979, 638.4249064646948, 0.5492920678426622, 5245.296845029909, 570.5960270569191, 1.559382400674672, 0.06381976423210206, 0.09968064514936009, 640.8860770382053, 0.550556499145142, 5239.015817491421, 571.2132408554716, 1.3316019183879602, 0.06350778095523613, 0.09978993513378988, 644.5263258369072, 0.5541071864600943, 5287.4012048238465, 571.6814231289449, 1.0775471279165794, 0.0634950898133163, 0.10006344503623787, 662.7048290139192], "obs_std": [10968.383012140543, 558.139068322962, 24.564899845588553, 3.594815710242117, 0.12584991223096992, 534.4125588674044, 0.8373166534671453, 10988.933005002964, 558.092550934107, 23.815098707877727, 3.594815102834348, 0.125118414615008, 533.9476095479292, 0.8347165458938602, 10978.681962547675, 558.1646483805054, 22.743990852619515, 3.5948148481988262, 0.12468575531992672, 533.4352768149631, 0.8363140259323846, 10979.8095768068, 558.2442187514845, 21.46909619226825, 3.410370983429919, 0.12495076592832768, 532.9247402018075, 0.8299392141696665, 10977.50096542295, 558.3342568743433, 19.971530586010875, 3.2153645798569244, 0.12421968888383224, 532.3247925252795, 0.8321810325302234, 10976.944458491347, 558.5046521417271, 18.216220152593873, 3.0077412381772337, 0.12221819295646595, 532.0038860604305, 0.8278378603547666, 10982.045035925865, 558.7043014445733, 16.151461313420853, 2.2738347384321624, 0.11998650712027892, 532.057047406269, 0.8211691318543469, 10973.030165278342, 558.8486393847243, 13.723203382026615, 1.9693301122284563, 0.1213060985268757, 533.7265802977918, 0.8306680117422317, 10984.652911983074, 559.0440101444093, 10.352520962613056, 1.969328291915822, 0.12248285197451768, 548.6176274840441]}