{"obs_size": 14276570, "obs_mean": [5241.621044194356, 570.4366544625213, 2.613773126178067, 0.06401807830544026, 0.09834975980743318, 635.0662252000357, 0.5402894038974817, 5245.41439960436, 570.7163483946074, 2.4951912819395696, 0.06401043886130203, 0.09836376727260161, 636.2144721868015, 0.5398693904068511, 5241.157897465408, 571.1420437822251, 2.3453660087822215, 0.06400200520924137, 0.09834822236027312, 637.3476997597678, 0.5397263453337048, 5248.5682589036915, 571.5354003097383, 2.166556742971176, 0.063993236542818, 0.09832597995316786, 638.8024608988925, 0.5393865977612778, 5244.443110370859, 572.072138615928, 1.9813785103844972, 0.0639840832286116, 0.09831309154600898, 640.3743585192177, 0.539890070514186, 5246.789590919657, 572.7503742145346, 1.7754137023108492, 0.0639743415551564, 0.09830858637081703, 642.3077212385022, 0.5400087801902536, 5256.304334779669, 573.4493554824443, 1.5555283937248232, 0.06366337434755696, 0.0982707537118514, 644.9083367823363, 0.541110212256923, 5255.789040606119, 574.199279098551, 1.3216204592559697, 0.06335207892050371, 0.09831496507802728, 648.5071575866406, 0.5437886600213349, 5316.462286229992, 574.816385238191, 1.0656507830662405, 0.06334061223480829, 0.09848828563009213, 663.7013392535656], "obs_std": [10956.416744577691, 558.1474013561707, 24.658176060504793, 2.542111099956415, 0.11764961284779361, 536.1797008420366, 0.7942977465650677, 10966.479051743927, 558.0429044820205, 23.9042714867815, 2.542110654619885, 0.11690064313875037, 535.7417163277694, 0.7925355066378756, 10966.311657430599, 558.0935705053173, 22.84189228351727, 2.5421102063294017, 0.11635296195761985, 535.085900102035, 0.7931065299202029, 10968.314521432225, 558.1544387933371, 21.56692962435045, 2.542109693973031, 0.11599881935734573, 534.4935350422885, 0.7829157588644006, 10966.016549452232, 558.2255552019486, 20.064182446759826, 2.5421092336638917, 0.11502252863331527, 533.9318228294685, 0.7862035621326129, 10963.071847447025, 558.4339841118406, 18.300968753188474, 2.5421086531747763, 0.1128836927287102, 533.6254046896904, 0.784965478628995, 10966.192647530119, 558.6903012968371, 16.229321138553075, 2.273819481587051, 0.11044676301115493, 533.8666528909092, 0.7820581600888222, 10968.229048138315, 558.9607314766952, 13.768389441367118, 1.969312881700238, 0.110541194705387, 535.4808192097865, 0.7905748897334983, 11008.134528356397, 559.3340993816963, 10.373172495748138, 1.9693118677475474, 0.11039857547453258, 547.5591311129276]}