{"obs_size": 14289583, "obs_mean": [5246.25224512526, 568.457716435812, 2.7771984668831835, 0.0645591784622478, 0.09733628033575167, 623.1920199444145, 0.5272180584275854, 5247.359729864045, 568.8687628603296, 2.6207959322535865, 0.06455119925970569, 0.09733584438447217, 624.6397879850425, 0.5273944684739796, 5251.192068361681, 569.2295896948148, 2.444852309546052, 0.06454300917116344, 0.09732219192778437, 626.1245580816445, 0.5276944220135713, 5249.247721712943, 569.6909354177795, 2.2552038782377344, 0.06453439918177468, 0.09731168455559565, 627.6035162282399, 0.5278776783759076, 5249.955469690655, 570.1300164602424, 2.050614003221787, 0.0645249836588026, 0.09735469784009854, 629.6210007058529, 0.5278962901156633, 5253.175084593766, 570.6189438138258, 1.82920523293087, 0.06451540161172681, 0.09731194429382581, 631.7522192352321, 0.5283780730340352, 5255.284109271384, 571.1915692011446, 1.5894220986014778, 0.06420535261855542, 0.09728373979478552, 634.2344131687189, 0.5292351876888161, 5262.929021317474, 571.7908526092048, 1.331942506649774, 0.06389464641663173, 0.09733424163049437, 637.4345003805439, 0.5312243918524368, 5267.527129177543, 572.2456365591634, 1.0639001851908483, 0.06298262384116496, 0.097399643028212, 642.6329423334012], "obs_std": [10857.105751366438, 554.0129408216075, 25.84514373133604, 3.0063634536539205, 0.11326948336811712, 524.3223712931054, 0.757173408267788, 10862.683952939933, 553.9564108376345, 24.83783324087827, 3.0063630616738486, 0.11181799448321314, 524.1913741412386, 0.7558657304253159, 10871.203325365037, 553.8875119378371, 23.660529992690822, 3.006362693206787, 0.1117492570063273, 524.1092587348049, 0.7525945184820546, 10861.640164071216, 553.8959810987742, 22.340611315575707, 3.0063623550572283, 0.11033707245276819, 523.5640949845935, 0.7510612111724781, 10865.141019612412, 553.7704309659321, 20.761216859115162, 3.0063619199686364, 0.11034197667189266, 523.5721201089898, 0.7481277023910297, 10869.227534950816, 553.7055756395321, 18.95374428353316, 3.00636152836231, 0.10824842028531548, 523.4088763148294, 0.7461210701718349, 10865.617241596137, 553.5824156132938, 16.811403252996147, 2.783401816993405, 0.10642683621064197, 523.3699195993639, 0.748665320886498, 10879.286615395691, 553.5915424886313, 14.150224210194125, 2.540952836484981, 0.10590795381472425, 523.3709619293468, 0.747912678858462, 10879.433184857622, 553.5133245082052, 10.679411302000073, 1.607416647468736, 0.10476322990752598, 523.1189972136194]}