{"obs_size": 14289583, "obs_mean": [5221.04155705937, 567.9592771881447, 2.7746006304032806, 0.06656323140878923, 0.0999063549819467, 629.4008814207332, 0.5491256648987085, 5226.56965484207, 568.3145425587295, 2.625150852897527, 0.06655420852659598, 0.0998968223316938, 630.5791928896745, 0.5492347211951853, 5225.887041790791, 568.6899518341438, 2.4465571178669103, 0.06624435844195728, 0.09987259638206424, 631.944460464941, 0.549211994079918, 5227.804519760202, 569.1374693719193, 2.268319236467572, 0.06623533772686716, 0.09989653978726963, 633.3364874723981, 0.549837688965483, 5227.354520860128, 569.630843111377, 2.0636680580531985, 0.06592473614542174, 0.09994467633912099, 635.278500291625, 0.5495256688036612, 5229.210659664034, 570.1759374643754, 1.8509146837944817, 0.06531263524163744, 0.09994841726557008, 637.572526555747, 0.5509691496246261, 5232.228856564951, 570.7842573852574, 1.61816968346802, 0.06500127549832027, 0.10009575704014502, 640.6906129610178, 0.5545274074828114, 5234.102113360813, 571.4079935712608, 1.3651647497341246, 0.06468878228980586, 0.1003922205787255, 646.6449810299314, 0.5688187887638501, 5274.242929311385, 570.0434413656437, 1.1218671671524634, 0.06377367267478028, 0.10150653766110675, 658.2549982565199], "obs_std": [10913.58116799764, 559.4566430127537, 25.613334878748088, 4.096775459996486, 0.13031416929065642, 534.402199204463, 0.8568686039027256, 10931.809313583763, 559.3758799285279, 24.61830033134823, 4.096774955035082, 0.12780869175383286, 533.8802526023749, 0.8561124720871994, 10939.017709632384, 559.3163698337845, 23.45288127109816, 3.9360738910405244, 0.1279989461650884, 533.6258145425917, 0.8505201901337324, 10929.576322543, 559.340623281321, 22.13975981788819, 3.9360737666989896, 0.1279955016576283, 532.8759286266073, 0.8466145354158897, 10936.976351156003, 559.3493426277819, 20.568556838613446, 3.768526507077486, 0.1271523163789424, 532.6629901093245, 0.8426734078665117, 10930.631970165756, 559.4251597399136, 18.788124804067753, 3.408815497153144, 0.12564440010126363, 532.671100563685, 0.8380302467792929, 10928.585104145975, 559.5002545635577, 16.668563335945183, 3.2138976620533795, 0.1263360420201314, 533.494113769477, 0.8460229382572698, 10936.292538940019, 559.7669762420649, 14.051756083797907, 3.0063683569588897, 0.1272472709778499, 537.0367237182187, 0.8929193580408179, 10952.58973069643, 559.0597980285014, 10.660569633741634, 2.2727942398242087, 0.13561761636202913, 546.955760643466]}