{"obs_size": 14264008, "obs_mean": [5246.162943122967, 573.3614352992512, 2.505875136918039, 0.06314656447571552, 0.09797669404405898, 637.3944219104478, 0.536240196934852, 5243.794578851399, 573.6570156158073, 2.404346870809383, 0.06313979706300801, 0.09804394704118291, 638.4959273776383, 0.5364475674018323, 5244.431119204136, 573.9789674122447, 2.280160807537405, 0.06313211660881875, 0.09800797647148048, 639.7357804867532, 0.5363463136728664, 5248.97789932104, 574.4005009671895, 2.123610488720982, 0.06312433824428057, 0.09798500390072674, 641.3445007462523, 0.5364119375844578, 5249.972981988815, 574.8869613645758, 1.9416830809405043, 0.0631153437631361, 0.09796087510165485, 643.1386716500235, 0.5364356044949072, 5251.5820685952895, 575.4451949269798, 1.7508572625590226, 0.06310615403546628, 0.09794784236625623, 645.2427345876368, 0.5369866597102497, 5256.32801322819, 576.116290316158, 1.5377273344210127, 0.06309687249965942, 0.097962924803464, 647.5294143078646, 0.537094367656017, 5268.655644427907, 576.9061321334086, 1.3071576376008762, 0.06278610599595295, 0.09790975958524405, 650.325379590737, 0.5380834781500571, 5280.160246625958, 577.6227465660422, 1.0577314594888056, 0.06277568090533317, 0.09794585565789173, 663.1351432448212], "obs_std": [10908.573474805695, 560.7975877469264, 24.083131574218974, 1.608846976627222, 0.11073965603664955, 532.411593605786, 0.7614341092513106, 10911.852922185022, 560.868880122587, 23.452687750922454, 1.60884629995295, 0.11025407593006023, 532.283414057288, 0.7610132938445655, 10909.307531735403, 560.8791430375913, 22.61437361442844, 1.608845555590106, 0.10926120744467367, 532.0935645323734, 0.7623535897535044, 10917.795436603226, 560.8156891256649, 21.452100737130237, 1.6088449667779543, 0.10826892066134973, 532.3909311374732, 0.7574569326112396, 10921.521326704018, 560.904054359688, 19.964247208632024, 1.6088440761013527, 0.1079752511418835, 532.1724981238876, 0.7536733268230453, 10912.963801282443, 561.0708552695946, 18.299639503149404, 1.6088433575059902, 0.1068669231807501, 532.1672729667625, 0.7549885313289438, 10920.805618438771, 561.3459036465975, 16.31780130994366, 1.608842615496521, 0.10620039517893394, 532.3724158741161, 0.749349027311163, 10928.712370878335, 561.8531227733995, 13.86528711329536, 1.1380575053078665, 0.10522510568925837, 532.8600352786408, 0.7503663167895069, 10931.05336931063, 562.2788266236965, 10.519785553907802, 1.1380562955486277, 0.10467158897971005, 535.6480670892901]}