{"obs_size": 14251917, "obs_mean": [5217.333824710438, 559.6634184720554, 2.3600052540300367, 0.06407740544034309, 0.10010068212086802, 633.5561241997121, 0.5633358534855404, 5218.332587797215, 559.9510437788825, 2.2795828098072697, 0.06406997712098078, 0.10006553110869233, 634.4905234315225, 0.5641368294524922, 5223.482579307401, 560.2722498313736, 2.1778991556013128, 0.06376093333388876, 0.1001128720878745, 635.5206385193893, 0.5635722146010318, 5220.688850208966, 560.6372680250664, 2.0553423093889753, 0.06375248901548576, 0.10005986857382146, 636.7544068847227, 0.5638866758064975, 5225.367501985156, 561.0615737517978, 1.9088018124158312, 0.06374357002978016, 0.10008341630624143, 638.1487689611599, 0.5643824684777532, 5225.390638375942, 561.4461556996157, 1.723975799185471, 0.06373422790127914, 0.1000414942177251, 639.7385560159632, 0.5642983251305823, 5227.721638032492, 561.918050813796, 1.5475417798181115, 0.06372480802562301, 0.1000445814621285, 641.4805377609115, 0.5656426697545389, 5233.026534335961, 562.4334295519683, 1.340159432587209, 0.06311276915092368, 0.10011655012459147, 643.4448318207725, 0.5652398320169877, 5232.2473074249, 562.9005601842895, 1.1225291306425655, 0.06280115882432695, 0.10009679558293716, 658.970235419371], "obs_std": [11026.74342795352, 559.0219960321866, 22.447968327082734, 2.544320970455075, 0.1207080807188089, 531.2734941490642, 0.8070270449154219, 11023.392245008867, 559.1222955971492, 21.88077209134389, 2.5443202750715312, 0.1197398395598035, 531.254060888071, 0.8052619015040475, 11034.359477225848, 559.0474337978688, 21.17485941551726, 2.2758002982344454, 0.11943225043541837, 530.8797366373194, 0.8024167475312373, 11022.234801132305, 559.2223129670668, 20.270866905951284, 2.275799412707105, 0.11782563692278798, 530.7743924516797, 0.8026062575059305, 11030.938958523697, 559.1733458581565, 18.94436706528299, 2.275798484419222, 0.11834122777134111, 530.7399227537956, 0.8031429423050821, 11032.994285372299, 559.0753602452727, 17.31995131989308, 2.275797432692179, 0.1162442656716277, 530.7815941645837, 0.8026824017006698, 11032.919597409926, 559.0835016681267, 15.444231244017304, 2.27579673945926, 0.11360248639549549, 530.705974024698, 0.800150049259928, 11047.49955883758, 559.0439846546957, 13.097011371008833, 1.609551703144911, 0.11350819477467702, 530.8176327514556, 0.7973376994839264, 11033.794424736852, 558.9750946953752, 9.974792575517359, 1.138575884571554, 0.11326231163768394, 537.5487773732199]}