{"obs_size": 14276570, "obs_mean": [5211.048607739705, 565.7974716616104, 2.6110174922968192, 0.06843951952416467, 0.10039164882517317, 630.8901281469352, 0.5552853414370933, 5215.9668846469585, 566.1300013238474, 2.492936258499065, 0.06782946512286236, 0.1003957458680203, 632.0462828520613, 0.5550458538710952, 5216.289748690362, 566.5724696478217, 2.3484487520461848, 0.06751913092508233, 0.10040339340660977, 633.1082770327848, 0.5551464376247671, 5221.277681285952, 566.9774656657727, 2.166672947353601, 0.06720880839039786, 0.10038783283092496, 634.48065829752, 0.5547117702641823, 5219.535230500652, 567.5165164321681, 1.9894303043378065, 0.06629686791779135, 0.10038407654072429, 636.0255183598492, 0.5556238988777109, 5224.557707768641, 568.1312788716057, 1.784305473933865, 0.06568449539308767, 0.10043754109404511, 637.8655376072321, 0.5557195051753058, 5225.495586763535, 568.7842722026369, 1.5711361342395267, 0.0647713124466938, 0.10045332606403355, 640.3829567550599, 0.5572871609917937, 5227.806860827129, 569.3716433288947, 1.343780613971003, 0.0644594780745718, 0.10059930874726956, 644.0037863011456, 0.5613722211988353, 5266.956749235281, 569.813596262968, 1.0897978996355566, 0.06414605760214742, 0.10093394789967078, 663.3366146209191], "obs_std": [10946.534229299332, 558.2388709995478, 24.50577199932887, 4.95491799221126, 0.13079427781434722, 534.7505965631563, 0.8550235948500863, 10949.25405035878, 558.1760715178283, 23.75917853931752, 4.686906691527561, 0.13055751230677112, 534.4227174014774, 0.8534787629876972, 10955.678734695945, 558.2659945254958, 22.69895109918964, 4.546980407346045, 0.13031449381121807, 533.7785073903528, 0.856177944817367, 10954.666831861681, 558.3275064293551, 21.427605644729898, 4.402609197117757, 0.1302871565394695, 533.2083105061004, 0.8465090448620386, 10960.913586218054, 558.4003892459953, 19.939557262544252, 3.9378659374590477, 0.12920236325654103, 532.715636709317, 0.8517757923709962, 10960.922009701528, 558.5430465161386, 18.192152409431035, 3.594810818968007, 0.12812030521410092, 532.4402522763512, 0.8454387049306255, 10955.886809424717, 558.7006145289208, 16.139722668865073, 3.0077374245051773, 0.1261501992963421, 532.5822021933003, 0.8395329762523791, 10964.328340420954, 558.8180975197072, 13.712377085138368, 2.7846761684463215, 0.12765609547777407, 534.2833757265196, 0.8497205533723089, 10967.357847982155, 558.9837363696176, 10.352935811455115, 2.5421161358969897, 0.12944880032968883, 551.6171562050298]}