{"obs_size": 14240282, "obs_mean": [5289.870149393653, 571.4189167742604, 2.1271681979331585, 0.06313320691227317, 0.09767842059644603, 641.1743574658622, 0.5399633472848764, 5294.669254139693, 571.666870431358, 2.042079925102607, 0.06312679135884522, 0.0976960462667816, 641.7860697773633, 0.5394279222841578, 5291.074650046107, 572.0302142190725, 1.9532049295091205, 0.06312018818588837, 0.09770117138431689, 642.6403714166239, 0.5398839946428445, 5296.872219613658, 572.3599141505766, 1.8530557892041746, 0.06311258635925315, 0.09769843822039581, 643.6745169709375, 0.5397583760630897, 5296.661824026063, 572.7703020909277, 1.7311729500862412, 0.06310494051270321, 0.09767983493564315, 644.6529750120059, 0.5395437422517686, 5300.951975329314, 573.2495137385621, 1.5767930017116234, 0.06309684692501993, 0.09767590153825657, 645.761329851375, 0.5392133116465387, 5303.098812077921, 573.8131946403872, 1.3943234410666867, 0.06308761152357217, 0.09763989762983638, 647.2283084015658, 0.5391915184685615, 5296.98656364, 574.5541659919375, 1.2058395332339626, 0.06307849321826053, 0.09763774273325432, 649.3433035839703, 0.5394718130582354, 5359.224196765419, 575.253838582691, 0.9947328992501694, 0.06246641886235901, 0.09763222961490518, 669.447963474551], "obs_std": [11018.51382910709, 556.4133924990034, 21.399552118087435, 1.9718174263586976, 0.11253065499993084, 535.750795576404, 0.7763046130416783, 11023.201911764907, 556.3737265592654, 20.826594351673073, 1.9718167956376138, 0.11189275661499068, 534.8986038900733, 0.7746149805016633, 11024.76356517071, 556.3275824928057, 20.178794270504692, 1.9718162418149423, 0.11110362298087233, 534.3681697120214, 0.7713225510478277, 11025.216956492673, 556.3275221433558, 19.423567176249296, 1.9718155792046013, 0.11075966429802545, 533.829047918683, 0.770121949183495, 11030.82264650675, 556.3156929902258, 18.420831523343978, 1.9718149635377396, 0.10980769966924997, 533.0696233388841, 0.7722465134875094, 11029.297230527378, 556.3842699129026, 16.99698834462362, 1.9718144011604128, 0.10903670650630713, 532.1833620331926, 0.7656395515718805, 11022.903618281105, 556.5547435923175, 15.138675317917409, 1.9718136417905112, 0.10800784994794708, 531.4978149856435, 0.7634711374668147, 11010.540607187622, 556.7572099407729, 12.862586908234395, 1.9718130133864178, 0.10669927126588855, 531.3368389563947, 0.7588075679525945, 11043.676524222916, 557.1277180093898, 9.820349508601915, 1.1390087741231578, 0.10450990626282168, 545.4707460622383]}