{"obs_size": 14289583, "obs_mean": [5187.340178421887, 563.2433216560623, 2.8005596104518937, 0.06502477319863727, 0.0990966588804584, 621.2721145320608, 0.5378516717387704, 5189.817265841407, 563.6374836830437, 2.6482815488737494, 0.06501695882462794, 0.09908160509470387, 622.7344915364813, 0.5381585617298948, 5195.211465548853, 563.988953491505, 2.471935115251439, 0.0650089753598199, 0.09907846568118907, 624.2163676003239, 0.5384027356151738, 5193.029601527207, 564.4365214856165, 2.2864473371966136, 0.06500069102220135, 0.09907599887232568, 625.6727503049319, 0.5386761730555701, 5195.0816018772075, 564.8615721676413, 2.083966900923561, 0.06499155411155823, 0.09914011534563333, 627.6647163944559, 0.5386302402246439, 5197.8278438263715, 565.3076299707277, 1.8668664438983278, 0.06498232592330393, 0.0991144856364246, 629.7964644660884, 0.5393228433607895, 5199.589946286646, 565.7870189074097, 1.633548788652545, 0.06467261580671138, 0.09912071951357772, 632.3686914081869, 0.540523539560256, 5206.815453253981, 566.3009983566349, 1.380837425416823, 0.06436237635906598, 0.09914677093852217, 635.9383431313076, 0.5431335040357699, 5209.820428748653, 566.5673945138917, 1.127784064797412, 0.06345093798644126, 0.0992941089236827, 642.1032623235659], "obs_std": [10817.45004553579, 553.0329006813901, 25.64743993209361, 3.0063639701572007, 0.11499806439169083, 525.0644370280269, 0.7823976329247658, 10822.393242259128, 552.9732064428048, 24.641004502622522, 3.0063635818757573, 0.11349568181585906, 524.9194228670635, 0.78046253839325, 10831.372442848005, 552.9146094876968, 23.45932764389614, 3.0063632165633583, 0.11359380281789677, 524.8882064876965, 0.7751427653282512, 10823.451259276473, 552.927179905216, 22.137927092026295, 3.006362895590575, 0.11214060132128004, 524.4151431950578, 0.7708842213158781, 10827.257380040022, 552.8421734260336, 20.559985741189823, 3.0063624802911364, 0.11224517859991899, 524.4545177618522, 0.7664226808801482, 10832.35384473207, 552.7658960174059, 18.75903987841459, 3.0063621092897006, 0.1103611130348778, 524.378918448539, 0.7663499484999646, 10828.047496401417, 552.6115369515903, 16.64224809448469, 2.7834025099163644, 0.10884519078843274, 524.4863161989126, 0.7672044872763853, 10841.498918636024, 552.5954339039823, 14.022055323923603, 2.5409536872937317, 0.10796721277628765, 524.7926555961016, 0.763828804755167, 10844.122365852074, 552.4191099654547, 10.641975985723796, 1.6074183026837245, 0.10744164291736986, 525.0217671791258]}