{"obs_size": 14251917, "obs_mean": [5249.225283593471, 568.9963060407943, 2.2945191864364634, 0.063663421131495, 0.09894826944241947, 638.2940673689031, 0.5477195660766693, 5256.479172462139, 569.2626380016106, 2.210982564661301, 0.06335409887540833, 0.09893095997675283, 639.3045013986979, 0.548093958728544, 5257.217834040876, 569.6168433341284, 2.1066677556429774, 0.06334606590124768, 0.09896003772945162, 640.3312067733305, 0.5480234030973328, 5259.07860629488, 570.0203719962725, 1.9830603840872774, 0.06303581087983562, 0.09895394093749, 641.3967384321203, 0.5476907851765221, 5263.681893891872, 570.5579389074468, 1.831108194076628, 0.06302716822888553, 0.09894395025876107, 642.4189031974655, 0.5476501411003644, 5260.651363792555, 571.0489987417131, 1.6439560376333935, 0.06301791012557213, 0.09890020728664076, 643.6453319450301, 0.5473095196948362, 5264.295438980063, 571.6949229356305, 1.4612557033555555, 0.06300803953735572, 0.09889881529867149, 645.2718253744067, 0.5480520246504899, 5263.910652419999, 572.4632064584715, 1.249952199412893, 0.06269690415444631, 0.09894344517393788, 647.6135815396573, 0.5477998053174606, 5324.1615662144095, 573.1135006609987, 1.0269187646826738, 0.06268595006476127, 0.09890356294286515, 669.0260768229259], "obs_std": [10998.91925883724, 557.9876316266001, 22.614297293220652, 2.275797053701779, 0.1204145709468388, 536.1779141208001, 0.8141734914975648, 11009.584555695363, 558.041282800963, 22.03319024864554, 1.9710279109126156, 0.12025571530100518, 536.2067089401995, 0.8126344573002849, 11019.389966643046, 557.9466236975821, 21.31395964507906, 1.9710271148938718, 0.11893290301825515, 535.8187342608331, 0.8105849513392702, 11008.784884028157, 558.1349731456836, 20.40233220464658, 1.6095490850933585, 0.11854384924225772, 535.2435307374301, 0.8092620248871528, 11026.304539129638, 558.220962127889, 19.055576785655987, 1.6095483592607416, 0.11812820766975181, 534.5684894384545, 0.8088000019185512, 11010.268291892891, 558.2531752607491, 17.4096097757519, 1.6095472863504794, 0.11699217794593546, 533.6792336053732, 0.8039684684820824, 11006.73952519009, 558.4595807248706, 15.513264892236613, 1.6095463218538915, 0.11515632263497787, 533.0972676770891, 0.801024120519409, 11011.33985633192, 558.6880401012244, 13.131897604472238, 1.1385707513833632, 0.11490263733173132, 533.6142708362887, 0.7968684141656222, 11027.50992640713, 559.0219852014441, 9.91150085407292, 1.1385688308203503, 0.11326896069866414, 551.0703988605085]}