{"obs_size": 14240282, "obs_mean": [5302.507376359008, 573.7919626170324, 2.1271575239872353, 0.06305154853289563, 0.09734298626445755, 644.3597469205562, 0.5369206968654687, 5296.6374908201105, 574.0673272481541, 2.0429508348219514, 0.0630453510566799, 0.09734328412351752, 645.0888439838944, 0.5365153330531429, 5303.748431736198, 574.3761315962705, 1.951902146319855, 0.06303893949334145, 0.09735868516480241, 646.133232048877, 0.5369578572250732, 5298.710390874678, 574.717780448449, 1.8513613705121852, 0.06303179074333776, 0.09736003561011021, 647.4933665226511, 0.5371402274197, 5306.527422310083, 575.0599715651698, 1.7286008802353774, 0.06302431012251856, 0.09733698282562188, 648.744084735157, 0.5372967872406392, 5306.182701029923, 575.4899717575817, 1.5725692089524632, 0.0630164106296573, 0.09731825572267531, 650.180450850004, 0.5372800821641587, 5304.986358599497, 576.0313140568426, 1.39042457164823, 0.06300752506573382, 0.09728373491760911, 651.6986147832785, 0.5374050989299787, 5318.022505962539, 576.6647829024733, 1.1991910693903394, 0.0629985643234536, 0.09729321081611947, 653.5787896172737, 0.5376781040572586, 5333.798213844751, 577.2970472073516, 0.9895136205870081, 0.062386832252416924, 0.09727517103558818, 669.6990497031807], "obs_std": [11021.085973195248, 557.4015606061714, 21.482436887926, 1.9718099823557544, 0.11109666153049712, 536.7693014291727, 0.7627672658284235, 11021.659709906122, 557.3649248073732, 20.903431931264688, 1.9718093753954518, 0.11028349705269408, 536.2646701911935, 0.7611928227306973, 11036.67663403644, 557.3146793863, 20.24548141337105, 1.97180882665786, 0.1094391883414625, 536.1476869375267, 0.7583068457157773, 11020.569366150601, 557.3200706599124, 19.47925588619841, 1.971808247125082, 0.10937192772505559, 536.3667121213322, 0.7574821779415828, 11038.85645645316, 557.322618302814, 18.47902782354935, 1.9718076296706337, 0.10813095599678353, 536.2968864947939, 0.7604087958519896, 11021.95016203209, 557.400459745298, 17.046816891155967, 1.971807057317999, 0.10731223491826442, 535.9748483368387, 0.7551813334589302, 11023.032439207136, 557.5994760159135, 15.181853414268604, 1.9718063466979538, 0.10578759040474851, 535.5129172058996, 0.7535040481514648, 11024.883830681409, 557.837565141828, 12.89502761257808, 1.9718057322361071, 0.1047076137848206, 535.3632369317619, 0.7482364310951356, 11035.306754994586, 558.1277926164487, 9.856637577958592, 1.1389961789822716, 0.10231795527249689, 542.4663345760786]}