{"obs_size": 15089531, "obs_mean": [4978.33556690607, 542.3237429977114, 2.859997172874359, 0.0674183888109637, 0.1028863154147731, 621.2052666942423, 0.6046048227741634, 4980.416520767798, 542.7056384323672, 2.7268345848522397, 0.06683940000998644, 0.10288205360809403, 622.6515462450551, 0.6051514613012293, 4983.9015148059025, 543.0503082567642, 2.5533093109388223, 0.0662609114185247, 0.1028683315284618, 624.1566804957247, 0.605091020390256, 4983.239108395044, 543.4943253703511, 2.393564120713891, 0.06625089347263893, 0.10287618610651308, 625.8047752501126, 0.6064600583013715, 4984.053886970776, 543.9024756302897, 2.200325311634934, 0.06624097573046403, 0.10298389783678613, 627.894332053353, 0.6064283217285059, 4987.367832400889, 544.3528406548885, 2.0019583776328105, 0.06566086566262958, 0.10296677413791014, 630.1459824703202, 0.6074572949948093, 4988.56211419466, 544.7910923805384, 1.7887859470251262, 0.06536575822496368, 0.10307314506613832, 633.0022671701772, 0.6104273924087043, 4994.661073060307, 545.2104132328565, 1.5493433162369328, 0.06507009710077083, 0.10330102889314483, 638.0065929592704, 0.620933238084101, 4992.672937935014, 544.8109784194089, 1.3380944046571097, 0.06420545817097198, 0.10417089503179472, 647.2756452708862], "obs_std": [10680.324150196631, 558.4705955148061, 24.78271676199468, 4.558923766150648, 0.12681485217562544, 524.0701632471925, 0.8539542102151532, 10685.148369291557, 558.4753350802654, 23.825403459869403, 4.2823923416476735, 0.12563748709260136, 523.98461977028, 0.8533444480865183, 10691.815326238953, 558.4726950444729, 22.700081570416813, 3.986725802068649, 0.12509985037871552, 524.0251685467399, 0.8481266713622582, 10686.357443802255, 558.5826757840395, 21.44292821117129, 3.98672519338022, 0.12367766572968518, 523.7798629581837, 0.8481246547160871, 10687.869903066776, 558.5749922445973, 19.938637514965695, 3.9867248221471203, 0.1241694142859648, 524.0663281250486, 0.8475350937619147, 10695.025384788105, 558.5955785942836, 18.229963738533097, 3.6672974994344396, 0.12210678704457219, 524.376665959632, 0.8468452958939149, 10690.748605376308, 558.5388488260015, 16.21663287927021, 3.496658303747085, 0.12151888456078229, 524.9399484894383, 0.8537216194474976, 10705.275222573611, 558.6212609642041, 13.722102133302055, 3.317252737955353, 0.12198515971530753, 526.5689578730911, 0.8731581288054125, 10703.816084319296, 558.180260825927, 10.580616531009785, 2.708655887992584, 0.12556853245983163, 529.3631479559236]}