{"obs_size": 14251917, "obs_mean": [5244.481789507502, 568.2839677637752, 2.2986526654624777, 0.06557567229616332, 0.09974821636373517, 636.4310765584734, 0.551520330773795, 5248.571080800605, 568.563966307129, 2.217654158384447, 0.0652653315727363, 0.09975605594482552, 637.3612205180953, 0.5517022079907284, 5251.050253366172, 568.9199339288883, 2.112968592225172, 0.06495567401789638, 0.09976293680702797, 638.3776854185081, 0.5515903871739318, 5253.1507489813675, 569.3698371945331, 1.9882182165388695, 0.06464492316781742, 0.09974339922566318, 639.452562429878, 0.5512077127589647, 5255.693410948514, 569.9234013922479, 1.8375800251994168, 0.06463589485373163, 0.09973091381580429, 640.482234958517, 0.5512479989183682, 5256.316836330225, 570.4360952986184, 1.6494245651304311, 0.06402346299224916, 0.0996991646567266, 641.7904091336385, 0.5508643224627707, 5260.9176313293, 571.1369495065122, 1.4688040914074927, 0.06401328024904335, 0.09970862416557698, 643.5790965117109, 0.551816584183078, 5269.957512839266, 571.9380762601971, 1.2561211940821715, 0.06340060886511747, 0.09974325731752494, 645.764787900551, 0.5515854018094946, 5310.955232313966, 572.6329627796737, 1.0349080057089863, 0.06278662149092772, 0.09976712621516051, 668.2971184896277], "obs_std": [11003.371959096765, 558.5397385861401, 22.620858408544574, 3.5979199913574096, 0.12701000764927248, 535.2951546722537, 0.8363288517340005, 11007.258138039137, 558.5997706240606, 22.048443130131798, 3.4133158943064537, 0.12739058203114897, 535.2488383771677, 0.8325767559264757, 11019.445554828577, 558.4984910077827, 21.323977356077222, 3.218140354428324, 0.12528336685315664, 534.7517354606371, 0.8295970514024917, 11007.852509205588, 558.7376963013135, 20.406785402646392, 3.0103367113611275, 0.12512068052476638, 534.255848898927, 0.828776921423989, 11022.21641719837, 558.8595354256424, 19.058459301140463, 3.0103363279577606, 0.12468407104444043, 533.5764898523954, 0.8291198080022197, 11011.686448579445, 558.940231779091, 17.41489359323406, 2.5443133053633282, 0.1236320479502451, 532.7880952871315, 0.8250275911952256, 11015.44605496893, 559.2262667362504, 15.517959990584492, 2.5443129757988885, 0.1220079603532352, 532.3479563587557, 0.8241903129789843, 11022.642458646906, 559.5487225225961, 13.128135653639307, 1.971024370271066, 0.12139778227967067, 532.8631433808692, 0.8147200167454155, 11030.951326521408, 559.9426629939569, 9.927089615192102, 1.1385693186970414, 0.1211732892176492, 550.8920599912883]}