{"obs_size": 14289583, "obs_mean": [5212.193084694662, 566.9459933155503, 2.769469270026984, 0.06487787951237602, 0.09838619127612022, 633.3931279725496, 0.5413748476075472, 5219.298853360657, 567.331635149885, 2.617196736951666, 0.06486966263004997, 0.09838624905660238, 634.581089467387, 0.5412944248268475, 5216.658298466559, 567.7577375770868, 2.4402687608168834, 0.0648608440569676, 0.09835641845804749, 635.9115001368925, 0.5410840578063504, 5221.883616389036, 568.2691256280887, 2.2557466512493747, 0.06485192129819986, 0.09834858993477967, 637.3168842445093, 0.5413436341004857, 5221.211278774615, 568.8705514359656, 2.0525825001331386, 0.06484224037811998, 0.09836909729948062, 639.2934466305062, 0.5411330899579428, 5222.208019453749, 569.4876441110983, 1.8363585557395201, 0.06483205783731387, 0.0983374148382075, 641.771351305962, 0.542257007429853, 5227.58696632756, 570.174300117785, 1.6038799732644402, 0.06452155588452846, 0.0983834060785393, 645.0886822137504, 0.544872091858844, 5229.236689064201, 570.9516321784896, 1.3518542843412575, 0.06421032863353009, 0.09854628028830534, 650.825598351608, 0.5533960412980969, 5277.170203100689, 570.7937347087035, 1.1004024400152193, 0.06299677863322549, 0.09904953274318803, 660.2556264511026], "obs_std": [10911.693780349062, 555.0308667293398, 25.5873475795489, 3.213891029369406, 0.11673374557069445, 535.6336141754297, 0.7915299945869548, 10916.91716215914, 554.9401381797836, 24.588293784719788, 3.213890643264854, 0.11526542143067299, 534.8724912818221, 0.789301175542134, 10920.401332475656, 554.8925702544648, 23.416538658614073, 3.2138902018242903, 0.115265611586794, 534.3344381181676, 0.7826032426304155, 10914.501520735854, 554.941815861882, 22.08631299824316, 3.2138898378235687, 0.11403612495306635, 533.4341111675487, 0.7802626324623796, 10919.386352709582, 554.9917621113607, 20.5128637697033, 3.2138893882798714, 0.11353089670349636, 533.1394134825337, 0.7765424926148331, 10913.593912947295, 555.0876817635309, 18.72892660279801, 3.2138889251308975, 0.111741443969994, 533.1981057923573, 0.7754866463359547, 10904.960198511995, 555.1791168147097, 16.61642498130281, 3.0063595516088757, 0.11090285434320706, 534.2288837984703, 0.7830447937577882, 10916.724135099894, 555.4748686953524, 13.990514824840586, 2.783399531020289, 0.1109247579887354, 537.6579442484683, 0.8027160414685891, 10933.847893803144, 555.4887955779667, 10.579387628906275, 1.6074124593390733, 0.11290877112261814, 544.3989583626991]}