{"obs_size": 14251917, "obs_mean": [5213.620863294695, 558.5142796579576, 2.3533608847146668, 0.06496624643197968, 0.09940707022458802, 629.3019277968004, 0.5600435068489369, 5212.894942942145, 558.8046182839824, 2.2717737550674757, 0.06465778367844258, 0.09939367347466346, 630.2368701631708, 0.5603802557929528, 5219.002554440531, 559.1258531045333, 2.1699328588568116, 0.06434917320274303, 0.09941705806075127, 631.3078414586141, 0.5603388306990608, 5215.691178468013, 559.4872552934457, 2.0468005812832053, 0.06434079828966985, 0.09938276982850838, 632.5711714410044, 0.5605458231338267, 5220.854994076221, 559.9284114551048, 1.899742259234319, 0.06403074161090842, 0.09939280055286552, 633.9489330447243, 0.5609321952267863, 5221.137614199993, 560.3236756851727, 1.7155287951789222, 0.06372034834816355, 0.0993755326889703, 635.4731598409293, 0.5608914689862398, 5222.778112555278, 560.8205614725375, 1.537455978729037, 0.06371109261667127, 0.09936955283713725, 637.1733228600199, 0.5617203036616047, 5228.84062158677, 561.3703571947549, 1.3306049284457664, 0.0630991293210677, 0.09942172875206988, 639.0338766061639, 0.5617125273042136, 5228.1428528298175, 561.8772980505008, 1.112209185613416, 0.06278778595876768, 0.0994024348819875, 651.934703488377], "obs_std": [10961.398038572459, 558.7124889071771, 22.451279875791112, 3.218142778044706, 0.11705619400697656, 526.0052239683786, 0.79128155206034, 10956.395099720661, 558.7908108062735, 21.881709213965625, 3.0103396532203814, 0.11647561532296487, 526.0188580501526, 0.7886159775897824, 10968.929590397174, 558.6784452363531, 21.176038603625717, 2.787085766709873, 0.11547998537117625, 525.7510613638719, 0.7881770646029786, 10954.168614903032, 558.8503121342343, 20.269258168395865, 2.78708494979292, 0.11422392804878637, 525.7340383894305, 0.7878992887471624, 10967.890638787258, 558.8415542996258, 18.940778228427302, 2.5443157306058652, 0.11406876950213027, 525.6869570048201, 0.7884818059011991, 10965.53988142759, 558.7740538846786, 17.314681677363826, 2.2757948955136453, 0.11259304441677849, 525.5462386932704, 0.7876562219935233, 10966.40883514288, 558.8274864187294, 15.437686352765652, 2.2757942087108036, 0.11014032068220836, 525.2905720534125, 0.783941398755924, 10979.492165174563, 558.8335102732179, 13.089336953651285, 1.609548196048971, 0.1096210475245374, 525.1349413838373, 0.7823880143985463, 10968.126199224535, 558.8275234107249, 9.957878337615004, 1.1385712924286882, 0.1091713580373091, 527.2315388181981]}