{"obs_size": 14276570, "obs_mean": [5172.736569950565, 560.5662715204, 2.62312586286482, 0.07043291409702025, 0.10257597264518031, 625.9700630700086, 0.5655073166033923, 5175.393984988285, 560.9477464825235, 2.5044630467962543, 0.07042325233379564, 0.10256607426230581, 627.1315406760833, 0.5652935393445647, 5176.3635803018315, 561.3645849108015, 2.3635840401440964, 0.06981128488944502, 0.10258190512686202, 628.2343988975841, 0.5656337383559572, 5180.365276116737, 561.7767217896176, 2.1794410702290534, 0.06919954499800067, 0.10261721938974136, 629.6657102348317, 0.5649459060544936, 5177.955616769207, 562.2476615181376, 2.0064554721477217, 0.0679863592629816, 0.10256214861524951, 631.2654483356068, 0.5661509001812346, 5184.017113736693, 562.8072765377117, 1.7997801993055755, 0.06707311772001998, 0.10268402061615706, 633.2386373196516, 0.5663299284072052, 5185.537922794761, 563.4025176915743, 1.5908190832952174, 0.06585899505736365, 0.10269634566846288, 635.7698388384084, 0.5684196662083728, 5188.707199692136, 563.8715232720464, 1.3659248685083323, 0.06524622635934955, 0.10291593553998007, 639.2690469970515, 0.5734070577877198, 5208.321336324571, 564.2053045654524, 1.1122544840952693, 0.06463194012210899, 0.10334915929764707, 660.402273294911], "obs_std": [10894.35077761557, 556.3336557136826, 24.439780288698625, 5.683625774264792, 0.15716613905981913, 531.8375390993787, 0.8974167415653124, 10898.813744804875, 556.3162103548991, 23.696223287691854, 5.6836253841162225, 0.15678000215947346, 531.5840677373466, 0.8955904050503909, 10902.42727365898, 556.4017847569351, 22.646008843831343, 5.4515572318946575, 0.15714571038241515, 531.0126490098452, 0.8961277699410384, 10905.460328850615, 556.4618525803777, 21.372970369957283, 5.209160716922206, 0.1574936061176784, 530.6702918139462, 0.8854461874463989, 10902.482828471328, 556.4629508438967, 19.894206838428158, 4.686909694342409, 0.1556681296736431, 530.3997922458332, 0.8910080479829791, 10909.589053936697, 556.5569722407395, 18.14233867821246, 4.253344846054612, 0.15629647308835004, 530.4303311055098, 0.8852395092111205, 10909.508100259864, 556.6462414099973, 16.106158513069907, 3.5948162725538095, 0.15371889666090904, 530.835177531145, 0.8808774226667778, 10915.575972702929, 556.63518030533, 13.686465994449762, 3.2153665957948605, 0.1554279794841892, 532.6827896995156, 0.8932602007139673, 10917.442753312165, 556.6239821226236, 10.343662227114512, 2.7846829227271446, 0.15777630120203345, 551.8850493468716]}