{"obs_size": 14276570, "obs_mean": [5182.040006498885, 562.1374682434225, 2.654141646067648, 0.06503487138402997, 0.10018985461381862, 627.738032044769, 0.5607107981118716, 5184.6981135970955, 562.4965556852942, 2.536320628834517, 0.06502700215227471, 0.10012132463105664, 628.9903751997809, 0.5609050564666456, 5186.10371602197, 562.9288863501528, 2.394194543927568, 0.0650181185145382, 0.1001369017481795, 630.2725500505113, 0.5612996682676593, 5188.567183987325, 563.341987536222, 2.216499551362827, 0.06500899337194439, 0.10011603109087111, 631.8828578292946, 0.5611053825253595, 5187.362916843429, 563.7612484651424, 2.0401620977587753, 0.06499999155897393, 0.10012344260750353, 633.4765962957011, 0.5621232758288591, 5192.023324719772, 564.3245215762608, 1.840213230488836, 0.06468959489668037, 0.10018155739768093, 635.3424789428605, 0.562053275401592, 5194.017160871972, 564.8656256369702, 1.6287298699897805, 0.06407798634007336, 0.1001448713624494, 637.4141075330601, 0.5627239747362363, 5198.309655616447, 565.2864444330816, 1.4054866119803286, 0.06346598339216598, 0.10020579571493804, 639.9746357657352, 0.5647197772294132, 5199.856710913613, 565.6890723051825, 1.15576444482113, 0.06345459588571321, 0.10037990631517275, 651.3215518713946], "obs_std": [10881.372379600449, 565.7868241771657, 24.36263418912, 3.215364962357389, 0.12264157736650277, 528.5734800406099, 0.8058076587333138, 10885.854799008483, 565.7759689707253, 23.616528476339038, 3.215364394972442, 0.12049427047534945, 528.4615435334688, 0.8068807104688622, 10885.064292064511, 565.8923715668112, 22.569502201396787, 3.2153638344362823, 0.12059325759158308, 528.1452096464952, 0.8105509585372154, 10887.492168257946, 565.9672342445147, 21.30834728049662, 3.2153631648501846, 0.12014309194741826, 528.1126132597183, 0.8015181059181141, 10884.06921621359, 565.9164184404016, 19.83013556810588, 3.2153628120567497, 0.11892176412211815, 527.8870594626068, 0.8060107854505372, 10891.566437524325, 566.0129093239926, 18.090297611190767, 3.007739085884352, 0.11781420671872932, 527.8802327953829, 0.8033851517126864, 10891.705098554488, 566.0378022978223, 16.06342828514656, 2.5421194174430015, 0.11569134591412249, 527.8954396195219, 0.8020181941090878, 10901.200777640723, 565.931801779239, 13.663115234808, 1.9693266510420864, 0.11525562322610088, 528.4413649004639, 0.8063211338622641, 10897.347478016674, 565.8071569189207, 10.359198430106064, 1.9693249190594193, 0.11563076830409681, 531.6154887693923]}