{"obs_size": 14251917, "obs_mean": [5202.2152359664815, 560.5071980842997, 2.3228593037694507, 0.06771850583020722, 0.10356515379180231, 625.9474856310676, 0.5701936862949966, 5203.056835124415, 560.8411068489944, 2.247897528451786, 0.06770892828467419, 0.10355407891520879, 626.902992799959, 0.5709786427327888, 5207.929025395509, 561.1557106317698, 2.1420227889342884, 0.06739824627754484, 0.10358319035600647, 627.9202819618821, 0.5706956852892396, 5204.86079883618, 561.5801780911298, 2.016830928779616, 0.06738710241703817, 0.10358306449027244, 629.0861475085275, 0.5703106591906378, 5211.012789133036, 562.0356409597391, 1.8738745110570034, 0.06707484014607461, 0.10356902428304879, 630.286233776829, 0.5714075999039535, 5210.04275471669, 562.4573595959056, 1.6817797914484065, 0.06646041378294043, 0.10362420071384106, 631.6897410986421, 0.5704755979143276, 5213.735165756885, 563.018994216708, 1.5105414941723279, 0.06524326571759531, 0.1036184955408448, 633.3556123544546, 0.5720629997354266, 5219.487925003704, 563.6242868240112, 1.2941689879333427, 0.06402643823600145, 0.10370066616863008, 635.3107416920791, 0.5713722322407752, 5230.558779044891, 564.1893349505192, 1.078317815070071, 0.06371245284035229, 0.1038104754946294, 660.1316113591336], "obs_std": [10965.632445709267, 556.9845130016422, 22.517450392600377, 4.550919058204616, 0.1686901685337153, 529.5958951872516, 0.9458612391400099, 10963.770867763078, 557.10311775162, 21.947069577789648, 4.550918409491126, 0.16838157728657505, 529.7680327903228, 0.9440294406021396, 10973.604578005281, 556.9929443353265, 21.2339409068309, 4.4064227886677525, 0.16795771442500598, 529.4497289062314, 0.9394934740400298, 10955.243399884139, 557.2048122679105, 20.323108771771516, 4.406422214850889, 0.16696876339878167, 529.2779937748354, 0.935457725258857, 10978.84065054346, 557.246314892592, 18.99105644351849, 4.257024409476741, 0.16683124578998187, 528.9912789773286, 0.9352289648573034, 10970.701142457297, 557.2224033618979, 17.35612371813083, 3.9412763205817973, 0.16730101678123843, 528.6577907342718, 0.9285853078762089, 10974.689110329227, 557.359814966803, 15.475697795952184, 3.218147796677059, 0.1656619904592652, 528.3656160231714, 0.9238142636461107, 10989.518516154538, 557.4593340982972, 13.106227135341328, 2.275805588701074, 0.16605006302458913, 528.3075275073293, 0.9061099230386097, 10977.101393690096, 557.5686197103673, 9.943327075581537, 1.9710372897169381, 0.16690582567221204, 548.6080894324409]}