{"obs_size": 14289583, "obs_mean": [5216.365261959642, 566.9643086855649, 2.7692160086127076, 0.06719173429666214, 0.09995926910897228, 628.8628035544515, 0.5494461231654089, 5222.452875038453, 567.3230913036439, 2.6201868871890803, 0.06718259768560784, 0.0999687655887502, 630.1288007022085, 0.5495627236288445, 5222.85878422022, 567.7082705632488, 2.4419531346715995, 0.06657203933166542, 0.09994918887640093, 631.5462103558921, 0.5494760646269742, 5224.891739096329, 568.191000465164, 2.263239172199776, 0.06656253366330547, 0.09993961492599165, 632.951764865352, 0.550172957041539, 5225.512401727559, 568.7064853467033, 2.0597950269087626, 0.0662519501971541, 0.10000028854320021, 634.9590441564344, 0.5498642652483634, 5226.928946855009, 569.2880636894723, 1.847383440090589, 0.06594019782019545, 0.10000991158391352, 637.3300699396226, 0.551452875566806, 5231.166096752666, 569.9295337029778, 1.615754777448719, 0.06562884149454275, 0.10015614409237764, 640.4965582996143, 0.5548712522962022, 5232.7673405494115, 570.5981052771098, 1.3636256565359535, 0.06531626532356541, 0.10045878905612603, 646.5332758545387, 0.5688869923636398, 5274.211973693007, 569.2885221353206, 1.1208136724493638, 0.06379961571734472, 0.10154359196597969, 658.2291913026426], "obs_std": [10919.285961987462, 557.9719316483788, 25.558638314459426, 4.400606635271148, 0.13006139657521873, 533.8554807245201, 0.8506119450424857, 10938.033582191256, 557.9035455191706, 24.559774469746497, 4.40060615135497, 0.12821661419254024, 533.4353591052002, 0.8487064570305097, 10946.723174723093, 557.8607701712599, 23.392669593706184, 4.0967749465382, 0.12873786966550987, 533.1690145617863, 0.8433720648943112, 10937.084711410289, 557.9148336974777, 22.07954896601729, 4.096774632057642, 0.12793802304343857, 532.3713058624911, 0.8442343545070329, 10945.791690673128, 557.9552670158279, 20.516509945303255, 3.9360739366370097, 0.12679631841760503, 532.2654372822795, 0.8381525683396637, 10939.322264557844, 558.0536769451202, 18.73371130057157, 3.768526539144262, 0.12605731219588398, 532.3550241005386, 0.8377630169960367, 10939.09565832485, 558.1590328383515, 16.627764193900866, 3.59317502535754, 0.12708720217105365, 533.1699713762248, 0.84492451118885, 10942.12239777105, 558.4611555451665, 14.009767757971122, 3.4088150152493415, 0.1290554229495027, 536.87868392933, 0.8884383331945321, 10963.371563120387, 557.8144138816182, 10.639368920137906, 2.272794419233234, 0.13541321886953678, 546.9364851772267]}