{"obs_size": 14251917, "obs_mean": [5259.084941256556, 569.2625613803392, 2.296537090413872, 0.06296072118558614, 0.098125659362737, 638.7512409385118, 0.5418606861800105, 5256.951566243924, 569.5281502832215, 2.2117030993093767, 0.06295358722037986, 0.09812006482363085, 639.5928420678615, 0.5420414267077661, 5264.374195905366, 569.8422011579215, 2.1071693723728533, 0.06294605850918962, 0.09813573098047146, 640.5811954516709, 0.5420805879658599, 5260.329351768955, 570.2149070893411, 1.9813510701753312, 0.06293780282590143, 0.0981189062886775, 641.6781480768701, 0.541793640252081, 5265.040454252048, 570.7100700207559, 1.8294603455801768, 0.06292971109403127, 0.09813081191821404, 642.6628691357539, 0.5417013569473197, 5264.721262519862, 571.1636793141582, 1.6432130498655022, 0.06292073005484894, 0.09807917593443749, 643.9855355397211, 0.5416004369096872, 5265.949785943027, 571.7830085594803, 1.4579819683204722, 0.06291147381535486, 0.09808269525755657, 645.7305451577648, 0.5421620882300022, 5270.91791059834, 572.5555753657561, 1.2471894833516082, 0.06260095729571838, 0.0980830117757504, 648.1325054359551, 0.5420756593657153, 5318.741109227699, 573.1835311698769, 1.0221719646557021, 0.06259086541228948, 0.09804484523317046, 668.0677493847786], "obs_std": [10989.80677925148, 555.7795576532785, 22.66883108804191, 1.60953810847897, 0.1148376164400872, 535.3184261574677, 0.7798070259377443, 10986.041201075082, 555.8262176800417, 22.08735558382753, 1.6095371384507415, 0.11432821022227682, 534.9040171389928, 0.7777865018038139, 11003.421958441922, 555.704777357063, 21.36954191197099, 1.6095362729351401, 0.11303239426323605, 534.3105172546917, 0.7761806776909352, 10984.483446002814, 555.8821967057783, 20.44989321575986, 1.6095353744917558, 0.1121667921124189, 533.8225105219096, 0.7759262178811066, 11003.353140103622, 555.9295238800781, 19.105295672275357, 1.6095347252455163, 0.11198928415304508, 532.8846730199514, 0.7738937229043911, 10993.349162103812, 555.9426904382444, 17.457486128625167, 1.60953375417306, 0.11015627904079357, 532.0259003693299, 0.7733752483314398, 10988.254472276985, 556.103713977723, 15.550317893619782, 1.6095330679364965, 0.10836011479960107, 531.4845219569143, 0.7681432204022453, 10999.801959938934, 556.3428929872678, 13.161013687557823, 1.1385517751144847, 0.10714883898308716, 531.6220395720616, 0.7647275552250242, 11003.410508277459, 556.6584521028461, 9.942229745063598, 1.1385505518047974, 0.10655540576187403, 545.269861553171]}