{"obs_size": 14289583, "obs_mean": [5174.324890933232, 561.7079910589413, 2.7750097396124156, 0.06964767753888344, 0.10109001082431844, 627.6737535220385, 0.5591531470862624, 5182.575885238344, 562.0901015795911, 2.6288006444974634, 0.06933787551456969, 0.10108709426538157, 628.8950141795832, 0.5592800199978171, 5184.092500181514, 562.499454532718, 2.449750982936311, 0.0687273870896798, 0.10109078362853595, 630.2406642765324, 0.559041782185005, 5186.379686623273, 563.006893693119, 2.2745071007320505, 0.06811651624817229, 0.1010825375250628, 631.6653202292844, 0.5597852928248858, 5187.595247128293, 563.5358591639798, 2.0704857517535675, 0.06750514668056465, 0.10116368452508404, 633.6838183228548, 0.5595897806815282, 5188.880694303393, 564.1340446393713, 1.860881384712206, 0.06689289414688318, 0.10117927260158661, 636.073847715643, 0.5614611452972785, 5193.629610748937, 564.7281377630123, 1.6322748536468838, 0.06658143857767661, 0.10137020283607928, 639.3874107012551, 0.5658851514421782, 5195.459273749654, 565.3124835763225, 1.3803528766374777, 0.06596800714773177, 0.10173721903046497, 646.0284175681439, 0.5833801261380788, 5227.582815017966, 563.3399203461711, 1.1465888122837453, 0.06415036349969748, 0.10315177852397894, 659.4648995026221], "obs_std": [10898.829368869889, 556.3943194970315, 25.451783489660688, 5.449072073836946, 0.1394869111994729, 533.9832310762274, 0.8787791138424901, 10912.037211760822, 556.3399000554584, 24.45850196029753, 5.32930605810386, 0.13749020728629513, 533.4372245063241, 0.8764367696589362, 10921.969070822988, 556.3188501207023, 23.29946954697295, 5.081312603025547, 0.13856090941233565, 533.1370614980342, 0.8688895304150454, 10913.411955925827, 556.4106697218115, 21.9923207568672, 4.820577932773109, 0.13756572557290875, 532.5669291122422, 0.8682995280120035, 10921.453646662381, 556.4538503989755, 20.433998500504032, 4.5449099278147225, 0.13780199792770012, 532.6113361490877, 0.8614327567676693, 10917.989311190751, 556.5594479656382, 18.664341849163325, 4.251404377917181, 0.1362579337411885, 532.7499738014145, 0.8603062788851382, 10914.853988694107, 556.6328653451121, 16.57565923058071, 4.0967737920766405, 0.1373246456419911, 534.0516440095616, 0.8718843010371893, 10924.266865471629, 556.8772498933304, 13.978406165366156, 3.768525649397712, 0.1387207414883492, 538.8548482082359, 0.9206164669189645, 10937.55515508647, 555.8201056414433, 10.64022081568829, 2.5409600685713554, 0.14881271543023245, 552.0269898596663]}