{"obs_size": 14276570, "obs_mean": [5253.85202587198, 564.0958882980995, 2.579391898754393, 0.06328684867661513, 0.0958127576494216, 624.3754627380433, 0.5209711998750314, 5255.631729540382, 564.4608808698448, 2.4590950767586333, 0.06327992897370327, 0.09579806576992952, 625.5901111039, 0.5212274649302935, 5257.177828783267, 564.8783448685505, 2.3059402223363175, 0.06327223775039127, 0.09581169104245676, 626.8763609419702, 0.521325861744097, 5259.6905046543125, 565.2982166584832, 2.128087418756746, 0.0632642663987991, 0.09579916164253748, 628.4733317386439, 0.5212993534161169, 5258.606806417842, 565.7505367885983, 1.9374021911425503, 0.06325592223791175, 0.09578441788875128, 630.0329034893314, 0.5215083297318531, 5264.052873659272, 566.3266103833063, 1.732396857228312, 0.06324701459188752, 0.09577565776562642, 631.8309736390413, 0.5218552444319585, 5265.776547049837, 566.912258406606, 1.510201469960922, 0.06293743060028467, 0.09574821080287503, 633.7832149689963, 0.5220353598938594, 5270.456929003829, 567.4109285353554, 1.2734177747175968, 0.06262746637015054, 0.09572662994956149, 636.0184958417426, 0.5225749815957199, 5272.7109408598735, 567.9306596052134, 1.0164571041923933, 0.06261705120208157, 0.09575018300579248, 642.6762492623408], "obs_std": [10859.843598090138, 550.1081308468839, 24.674175926835627, 2.542107525957006, 0.11181388488265097, 523.3072078809599, 0.7419623625741415, 10861.951207936674, 550.0357289526163, 23.91991308733693, 2.542107179940815, 0.11041071553613975, 523.1742859351393, 0.7435600795102203, 10861.805834056973, 550.0825137615949, 22.855411538958663, 2.5421068344426065, 0.11059552749004271, 522.8295627789496, 0.7457814743786, 10864.502015919712, 550.1087019201175, 21.572002985814514, 2.5421064921892036, 0.11006363037568055, 522.7070367771994, 0.7379527114966937, 10860.850075307038, 550.0471305426718, 20.063828803188613, 2.542106144555686, 0.10869599306692952, 522.3549533490622, 0.7397862798428929, 10868.626994272197, 550.0975641238334, 18.291914787106084, 2.542105689495724, 0.10705404497109544, 522.1131755056657, 0.7395735317984317, 10868.638852202104, 550.0987579645962, 16.2088008139734, 2.2738162877382284, 0.10463400023632602, 521.7890075055864, 0.7347496529467591, 10877.917119734584, 549.9731538916368, 13.73109825631661, 1.969309351268145, 0.10369737215929643, 521.7756945409529, 0.7363131125954091, 10875.005381240673, 549.8047910331044, 10.31484692128005, 1.9693085369574237, 0.10271504505154072, 521.1381867689369]}