{"obs_size": 14240282, "obs_mean": [5316.437248473376, 571.3285426510514, 2.131706240087099, 0.0631038546519743, 0.09761985948150427, 638.572960972685, 0.5385580684427806, 5308.650663531809, 571.5745042127676, 2.047010094322571, 0.06309747666430524, 0.09765480140252929, 639.3321760893969, 0.5382794699571563, 5311.02918077501, 571.8454428781679, 1.9576602485821557, 0.06309099176175904, 0.09766723230916374, 640.3721159877855, 0.5388031015818739, 5311.972053785429, 572.1602922610663, 1.8571849209165943, 0.06308363267371565, 0.09767024884619617, 641.588748365977, 0.5389834872652378, 5311.225435111849, 572.460934902834, 1.734667614026183, 0.06307603453991467, 0.09765759368775208, 642.7318227896435, 0.5389083983028209, 5316.140707784139, 572.871966159097, 1.5803781835219275, 0.06306809148134314, 0.09763161548191336, 644.0956334508385, 0.5388283057878029, 5315.166732089243, 573.3920687104372, 1.3986404904060186, 0.06305914378929607, 0.097605167931436, 645.6850494305206, 0.5389180533784724, 5331.938812790266, 573.9916735497231, 1.2093518232293434, 0.06305008102923278, 0.09760976221376737, 647.6372807768342, 0.5393278751081249, 5343.661304517364, 574.6730625137901, 1.0001044923127225, 0.06243816489604057, 0.09758205232796707, 665.5744161970924], "obs_std": [11048.29019888388, 556.2754439283278, 21.424337071373778, 1.9718138501092843, 0.11143796745612594, 531.4780528764659, 0.7691746364058171, 11050.375701662022, 556.2204019080673, 20.85015392993179, 1.9718131746218206, 0.11092346114806305, 531.1378108732927, 0.7675497003145162, 11053.779142914733, 556.1460921403434, 20.199577718416666, 1.9718125658200696, 0.1099948041576656, 530.9877951488577, 0.7643654274026181, 11053.574696950944, 556.1461885955629, 19.43875498883671, 1.9718119525680562, 0.10979737958465853, 530.9476515556975, 0.7635104994271028, 11054.829739323439, 556.119761593196, 18.439634043935147, 1.971811327096238, 0.10873189723922674, 530.558771222458, 0.7650604154683488, 11050.296178966333, 556.1949937720277, 17.010090565748666, 1.9718107866179095, 0.10766538491376174, 530.0257221218388, 0.7602659578304999, 11053.901125618482, 556.371571244941, 15.152591598674505, 1.9718100785546426, 0.1065841828203286, 529.5240303373788, 0.7572723428409237, 11055.628405752503, 556.5957250910128, 12.88262505196634, 1.9718094259938919, 0.10540728844532475, 529.4483296883168, 0.7528839140301717, 11061.050807983684, 556.9331301466364, 9.84397527549946, 1.139002540986899, 0.10306403374116895, 537.8831787543847]}