{"obs_size": 14251917, "obs_mean": [5226.059669972147, 564.2435792321833, 2.310032959074909, 0.06714760771762304, 0.1007183927469548, 632.3291778125946, 0.5580863553303385, 5231.298414288585, 564.5318219296394, 2.2315300460983596, 0.06653609734824581, 0.10073786019677296, 633.3023712069028, 0.5585127670895436, 5232.794550405369, 564.8715313876723, 2.125476944610328, 0.06622630890504881, 0.1007637581042613, 634.3222620545719, 0.5584450652498554, 5234.0201333934865, 565.2772344239726, 2.000928366338367, 0.0656142530675075, 0.10081891720447202, 635.3900624799194, 0.5583221842367191, 5236.778070087398, 565.7860712351891, 1.8527586148586184, 0.06530351864027216, 0.1008064263076326, 636.4773505189494, 0.5586026194230911, 5236.163765431948, 566.2443875444966, 1.6638943378634607, 0.06499232767178684, 0.10078001314896776, 637.827992506506, 0.5580381445527927, 5241.903196840194, 566.8280798295417, 1.484957777960677, 0.06437949173238293, 0.10074777382951339, 639.5073293790027, 0.5590755655537817, 5242.17446245197, 567.5401059380292, 1.2730458646370169, 0.06346560513018125, 0.1008372697605531, 641.6890412437815, 0.5588530739408906, 5282.842194468515, 568.13840966096, 1.0537855363597752, 0.06285163757978084, 0.10083638261224695, 665.8302390299236], "obs_std": [10980.718243966077, 556.7682862108189, 22.58126570693425, 4.406415174444631, 0.13611426490354112, 533.0949409093507, 0.8506952193176665, 10984.156994334258, 556.8459331853011, 22.00979378835216, 4.102182233791871, 0.13672715829506407, 533.1674726815645, 0.8468892043175604, 10996.993071578136, 556.7389937399129, 21.283784491061514, 3.941269162596195, 0.1351121358668469, 532.7850536668262, 0.8443407084382192, 10982.016745231142, 556.9425620119309, 20.367960326433977, 3.597917444321485, 0.1361346476891407, 532.3519099386583, 0.8447501285132468, 11001.328746832394, 557.0229569790332, 19.02575657628327, 3.413313992303937, 0.1351323584755596, 531.8208624678795, 0.8446928479024987, 10990.742180224026, 557.0481143006464, 17.385593978334697, 3.218138024289723, 0.13432895570135858, 531.2747544698161, 0.8387544144525481, 10995.218949760705, 557.207622485949, 15.489079775100098, 2.7870809423819196, 0.13256159489307384, 530.8293535006519, 0.8396447003680931, 11002.213233194494, 557.40029219487, 13.117817707559636, 1.9710234968303526, 0.13282734949138025, 531.0871778136684, 0.8317853882978306, 11007.80724668954, 557.6634126752838, 9.94390720773281, 1.1385685281857998, 0.13181812370517715, 551.8094445478453]}