{"obs_size": 799948, "obs_mean": [1955.8106078778978, 412.52779055638615, 4.190689894843165, 0.07611472245945859, 0.18165150375899955, 479.1301725745484, 1.1212566866846672, 1959.487131354467, 412.8736292859036, 4.085991839469566, 0.07609681383664814, 0.18153536080344446, 480.4861909482556, 1.1215214176421924, 1957.81373244839, 413.12167665898284, 3.974212073784796, 0.07607623325141034, 0.18154711513747923, 481.89161089637497, 1.121317581892892, 1958.1341103472064, 413.3291126423218, 3.8481488796771792, 0.07605755474730766, 0.18138509372233316, 483.148348944355, 1.1211513735893177, 1957.219251017119, 413.7020031302035, 3.691126173201258, 0.0760372115800022, 0.18141305693494847, 484.7385378899951, 1.1211296921800604, 1953.086398158322, 413.97295574212325, 3.471778165580763, 0.07601514927970282, 0.1813253011733166, 486.6068784237766, 1.1207646322011606, 1946.739445340613, 414.42638646512023, 3.224850865306245, 0.07599445910484126, 0.1810568356005586, 488.8130352414541, 1.1209883454925782, 1940.3334286570741, 414.9000335021776, 2.952703175706421, 0.07597242978418504, 0.18092205579737602, 490.98902606837817, 1.1216152112388251, 1939.9094498867116, 415.3924667603394, 2.6581252781430793, 0.07594972253321385, 0.18080158218533893, 504.5383174773054], "obs_std": [4223.978394789035, 504.13465445769134, 24.203475313535336, 0.07011056951779357, 0.24175523421346465, 417.7124749636146, 1.4054972351774708, 4244.721474022833, 504.12434213143973, 23.683961294143433, 0.0700295531114226, 0.242272942375211, 417.674991221894, 1.3988281110980394, 4231.310250654736, 504.06206464214625, 23.043632349496892, 0.06990894611934849, 0.2413975081428227, 418.1193325578631, 1.40284806959145, 4231.096961153894, 503.90868522803027, 22.274620463553916, 0.06981051244173864, 0.24085554629063902, 417.73347415337076, 1.3934196988121772, 4218.949636457222, 503.86502979621844, 21.275171927559057, 0.0697075392433283, 0.24153823196402438, 417.89928918679135, 1.3931795578928212, 4204.719768831621, 503.71306558535247, 19.711579663948466, 0.06960077461511632, 0.2400868707449454, 417.76060813876785, 1.393151071189892, 4184.914593301299, 503.62917818112817, 17.776314971032907, 0.06951507710922308, 0.23914343248667372, 417.9427483478539, 1.391593442536691, 4173.168840025128, 503.49470450984614, 15.433625779280007, 0.06942300893625536, 0.23833860457203832, 417.6272456208178, 1.3937373778936206, 4175.215469273157, 503.5251790854851, 12.357280644416326, 0.06933317921953887, 0.2389344945508126, 415.994381109583]}