{"obs_size": 14276570, "obs_mean": [5192.445437282002, 562.9423173773531, 2.6139705125250674, 0.06784648919131879, 0.10111964004113076, 628.4430241764466, 0.5590484142199728, 5196.903938650173, 563.2874523082224, 2.4960982925170403, 0.06723615164315391, 0.10115268967777284, 629.6502308789808, 0.5589822091721209, 5196.847255604327, 563.7191198586215, 2.3531719453622264, 0.06722680919283149, 0.10115419193755915, 630.764330218298, 0.5591167028215173, 5203.132678384273, 564.1230329133679, 2.1706252972527715, 0.06691640726947023, 0.10114608105602378, 632.1892372482536, 0.5585601457493224, 5200.131353936418, 564.6353724318936, 1.995716478117643, 0.06630473905189437, 0.10112804093154064, 633.7358214906453, 0.5595322458405935, 5204.776773364693, 565.244511741966, 1.7899966168344357, 0.06569269620357711, 0.10119221693873326, 635.6217254978362, 0.5596355848779196, 5206.790705260907, 565.8646651121383, 1.5786695964086612, 0.06477937994056712, 0.10120221444856903, 638.1290085497149, 0.5613559506940715, 5207.447395691876, 566.4126070197533, 1.3523511599775015, 0.06446719224422226, 0.10136568885523686, 641.7040061467661, 0.5657105949118465, 5242.372735359162, 566.8068813447487, 1.098229686822535, 0.06415384281519268, 0.10172225228475743, 661.6459383311656], "obs_std": [10922.21572400888, 556.8899455590496, 24.472373295094265, 4.68690700184229, 0.14044297771702063, 533.1506184374056, 0.8676467141011206, 10926.643465290552, 556.8345832755617, 23.726814845533674, 4.4026104219320645, 0.14032050184410486, 532.9015591400213, 0.8669448213164225, 10933.269394838444, 556.9161712784434, 22.669456022102402, 4.402609980046461, 0.13999000288515068, 532.343502367525, 0.8659812242841355, 10933.189689244447, 556.9763666356557, 21.398435326309773, 4.25334137238501, 0.13973762747928672, 531.9749927692486, 0.8550774600940354, 10935.85093284074, 557.0314849574798, 19.917690988676, 3.937866313102037, 0.13878076009818685, 531.5534027422812, 0.8621836384944481, 10938.321784945196, 557.1642331921275, 18.17121038165151, 3.5948115619995757, 0.1384797328764615, 531.4128041945737, 0.8569052197684263, 10934.644451978385, 557.2935531500024, 16.131209973554835, 3.007738362664917, 0.13614097608337405, 531.5917332674077, 0.8516255289000059, 10939.888016514831, 557.3627883205083, 13.709038808015658, 2.7846771346357695, 0.1371356383080789, 533.3234152387838, 0.8637836310090458, 10946.62366061063, 557.454067199188, 10.353144587971887, 2.54211730123486, 0.1387833565751382, 551.3801019900171]}