{"obs_size": 14251917, "obs_mean": [5248.257637252567, 568.1888186690954, 2.301611916488147, 0.06464693206311202, 0.09936416546131996, 637.3572143354, 0.5510145605675776, 5254.501470502284, 568.4644713409431, 2.2194185526059402, 0.06463859406675682, 0.09937665427598304, 638.2996234818057, 0.5512805335591396, 5256.530642721837, 568.8166485954135, 2.1150793258198175, 0.0646304117968909, 0.09941205073822781, 639.2871316779365, 0.5512170871469896, 5258.32097605094, 569.2236377043173, 1.989919952522878, 0.06431986263448693, 0.09939418585015694, 640.2747015353744, 0.5507370573376569, 5259.670941978953, 569.777322798049, 1.839613576194697, 0.06431052615441898, 0.0993817338801507, 641.2105328076653, 0.550712101677313, 5257.924569077002, 570.2648331449026, 1.6508063441570702, 0.06369820770427644, 0.09934488196738712, 642.4495786408237, 0.5503418514857074, 5262.956574902667, 570.9225960970726, 1.4692210177760647, 0.06368780180302105, 0.09935598294580257, 644.125557093024, 0.5512652441773737, 5265.1274404215, 571.6851636871025, 1.2571528447716893, 0.06307539267574451, 0.09940903537096164, 646.5199421949048, 0.5509303271974285, 5319.450255022515, 572.3470907106741, 1.0345125501362378, 0.06276292857656392, 0.0993745503952901, 669.0097054813507], "obs_std": [11014.960541627284, 557.8941924333601, 22.63519344850376, 3.0103398409965214, 0.12184847608420518, 536.4880377446802, 0.8422335159470967, 11019.591583126634, 557.9663124141222, 22.057814160011727, 3.0103389013639634, 0.12206882308942608, 536.4305315884908, 0.8377429717494185, 11033.566212591273, 557.8649341810627, 21.338093395374123, 3.0103383991432735, 0.12073751820596453, 535.954588730234, 0.8333217842972078, 11017.39444681729, 558.0980584101964, 20.420701768488883, 2.787084151488273, 0.12058480948889815, 535.3081795696013, 0.830228022894725, 11032.19818988035, 558.1996134270214, 19.071898364620047, 2.7870833300184543, 0.11975351584944102, 534.517279842147, 0.8275945392099832, 11019.003730219234, 558.2665081947794, 17.431995227460334, 2.2757938816267576, 0.11885106729422654, 533.6246410140773, 0.8231754185403558, 11018.756055275204, 558.5242466177715, 15.530865617797767, 2.2757927357804664, 0.11706599731050805, 533.1029798937905, 0.81824082085665, 11028.743748369974, 558.8039897248863, 13.150630829791881, 1.6095468167555789, 0.11672567734886678, 533.7561793416974, 0.8083934194423964, 11037.207674932886, 559.1935086811717, 9.926272439021314, 1.138569516643343, 0.11545951061045187, 552.1485830571673]}