{"obs_size": 14251917, "obs_mean": [5202.0585338514375, 561.1914434388019, 2.319713060355319, 0.06740506708101965, 0.10246987172202841, 628.7032750453623, 0.5656073328942743, 5202.772103011998, 561.4950611907157, 2.2439511119802336, 0.0670942813484054, 0.10246251847516419, 629.6847720051469, 0.5661588649443097, 5206.851113791568, 561.8125252202915, 2.137853525248568, 0.06678435559329467, 0.10249664474470417, 630.6830892637114, 0.5660319055324642, 5205.62344779683, 562.2266712611363, 2.012739058191259, 0.06647291760674144, 0.10250659680554007, 631.7644183624305, 0.5657374576346802, 5209.22289313139, 562.6666826645147, 1.867055077573073, 0.0661613351258022, 0.10252509352447087, 632.9019354406356, 0.5663934934507706, 5209.1582617275235, 563.0890587560957, 1.676481276167971, 0.06554814385525241, 0.1025263165523621, 634.2260198046805, 0.5656778718259775, 5212.374138395257, 563.6396372502031, 1.5008576039279489, 0.06493456316403717, 0.10250945495093687, 635.8828926530526, 0.5669240744947115, 5217.325963674196, 564.2373124962768, 1.2873734108892159, 0.06371905572121425, 0.10259040445036342, 637.9603259074987, 0.566691608434174, 5234.897616690476, 564.7757388707778, 1.0702274648385899, 0.0634065493284951, 0.10261460199199757, 663.6232694150053], "obs_std": [10953.007222907181, 555.9904577564256, 22.545016850478486, 4.406422441806822, 0.1561749299742101, 531.510955223603, 0.8834690877679011, 10950.746655155071, 556.0893266544296, 21.97644669079819, 4.257024449792679, 0.15561980869010472, 531.7169780290526, 0.8806173057833434, 10964.178333376873, 555.9841626504992, 21.256624145331468, 4.10218979794196, 0.1548442045758219, 531.3399623222812, 0.8779318892648361, 10949.496257435536, 556.1968454543302, 20.346715075389188, 3.9412769170468165, 0.1548047780194232, 530.964044508961, 0.8759537677963453, 10964.973449708485, 556.2099328853095, 19.005877608623454, 3.7735081162507007, 0.15521245459941532, 530.6124700586122, 0.8758360918956468, 10958.822694714736, 556.1825612692367, 17.368936570579734, 3.413322018455581, 0.15417678991909942, 530.1077556245948, 0.870360309366937, 10960.472242751435, 556.3010398036257, 15.48224464906858, 3.010344187141957, 0.1524399538795604, 529.709230579032, 0.8710733882349737, 10974.08564536623, 556.3784285068443, 13.114515887690196, 1.971037864193012, 0.15238748967972346, 529.7799425100719, 0.8632021100035395, 10967.956469050427, 556.4831777998826, 9.955331829894593, 1.6095625721449038, 0.15227743703838312, 552.7464648682114]}