{"obs_size": 14289583, "obs_mean": [5198.317848635357, 565.3242046321436, 2.7598719990639333, 0.06741762576291423, 0.09992670284472234, 630.9886711610861, 0.5509269796046883, 5211.7112594110795, 565.7249466272037, 2.611892663347839, 0.06740824599220997, 0.0999146727318071, 632.2700108083877, 0.5509261747526567, 5213.963679900194, 566.1693922068964, 2.433826305498208, 0.06679763392480362, 0.09989283779806654, 633.7211642987286, 0.55086660177562, 5215.1461576505935, 566.7198246442881, 2.2553819800059944, 0.06678817754892477, 0.09989195490694132, 635.1327431433974, 0.5515043769297289, 5220.115635042108, 567.3330200748335, 2.0530415758108544, 0.06677769524597743, 0.09996541511750245, 637.0747635027581, 0.5511800081920242, 5219.1731583210785, 568.0239442256643, 1.8404538466937768, 0.06556447187703762, 0.09993796463360721, 639.4191376729045, 0.5527039788355389, 5226.859366012235, 568.7304358706618, 1.6100963198156308, 0.06525301919671873, 0.10011518596742731, 642.4384487893041, 0.5562844767409015, 5225.00471228872, 569.453688116721, 1.3579420057254294, 0.06494072584183196, 0.10042181195420512, 648.2391971920606, 0.570399187576058, 5265.5662309863665, 568.1318300890936, 1.1181939319013017, 0.06342431813147392, 0.10150615382919215, 659.7687026529744], "obs_std": [10920.35492229314, 557.21443475526, 25.462781497233085, 4.544911728810748, 0.12937455728231642, 535.4495955337633, 0.8533190401811687, 10948.06568290111, 557.1600669609547, 24.468163329322234, 4.544911218405007, 0.12742651714276979, 534.9506460526204, 0.8507915343230564, 10955.785805968542, 557.166078508392, 23.30282956959063, 4.251405463602482, 0.12819084340351747, 534.6394853397767, 0.8463223432740858, 10942.262241522589, 557.2832059014975, 21.98373752547682, 4.251405167801617, 0.12742064299662886, 533.7889032793892, 0.8429673062828561, 10953.407362421654, 557.4124928476297, 20.42232646437502, 4.251404769465027, 0.1268851308442338, 533.5705885058372, 0.838768171275269, 10942.360697210894, 557.6120550025385, 18.64403999067225, 3.5931753048003836, 0.12482752962612237, 533.6097492878428, 0.8351145624389459, 10944.721547189485, 557.7835527990457, 16.539858806531935, 3.408815640727199, 0.12696470333633492, 534.3455916958707, 0.8478641507041668, 10942.714597790444, 558.1175155066434, 13.918674956829442, 3.213897765016659, 0.12850095227116484, 538.0455411080411, 0.8900817685328614, 10960.809066581729, 557.4604946432869, 10.571145857988768, 1.9684291220519519, 0.134041466158006, 548.4914141620682]}