{"obs_size": 14251917, "obs_mean": [5279.795183622175, 572.4175264983651, 2.2935104098627574, 0.06299464101903725, 0.09812508480094245, 641.3801414573663, 0.5415991323834267, 5271.290285721081, 572.7227568754435, 2.2090995197347834, 0.06298742128845639, 0.09812249693125528, 642.2534931156721, 0.5417311866888245, 5279.8535843364525, 573.0732705642337, 2.103948963497331, 0.06297958146487331, 0.09812850033606083, 643.2355238086217, 0.5416879192462772, 5278.852159671123, 573.4954582601064, 1.9785953707139885, 0.06297126269042345, 0.09811696687603579, 644.2771998045779, 0.5413937807103854, 5283.174618712872, 574.029444319666, 1.8252876437604848, 0.06296296230135999, 0.09811744411274644, 645.1935614797178, 0.5412712818212869, 5283.939730413832, 574.5199019191593, 1.6394138416607393, 0.06295408971193923, 0.09808721827358373, 646.3812015985864, 0.5410682243659306, 5279.195220746918, 575.1836294724424, 1.4546398916019507, 0.06294465772556145, 0.09808503068338074, 648.0478331874837, 0.5416467544682323, 5288.020938972742, 575.9655570545352, 1.2431914247044802, 0.06263413156125748, 0.09810602488605652, 650.493845558082, 0.5415895120635731, 5332.531955180284, 576.6000031434367, 1.0195942061688965, 0.06262378665537557, 0.09806332410608284, 669.9634158648712], "obs_std": [11029.159619284601, 559.378652479744, 22.674483439471516, 1.6095365688562875, 0.1153435446064853, 537.9813919123645, 0.7824507676478492, 11014.081828365806, 559.4680742443221, 22.093334910906822, 1.6095356168992518, 0.11519080278912154, 537.5342053670097, 0.7798007781249257, 11031.794185733419, 559.3651298932796, 21.36686911599456, 1.6095346228894005, 0.11387581976415699, 536.8919700237528, 0.7789294928073651, 11014.271687673503, 559.5736616510045, 20.444957335682375, 1.6095336789254928, 0.11323780841906259, 536.2940870189111, 0.7785376357743949, 11033.958213866988, 559.6538717945241, 19.090020408399084, 1.6095329400496121, 0.11240391737383576, 535.3304107526883, 0.7776475090332966, 11017.714482701553, 559.7519227473742, 17.444357294166434, 1.609532056713346, 0.11102010180485057, 534.6017972345725, 0.7760957223247257, 11012.63634551961, 560.0072526998141, 15.527076081039992, 1.6095312528061472, 0.10900840693308458, 533.9699144179759, 0.7731396859049975, 11024.780841541808, 560.3020558973302, 13.135534375967627, 1.1385491978112952, 0.10828125264869858, 534.4698465786878, 0.7698676532350298, 11023.87854619531, 560.6898557432722, 9.925309961629077, 1.1385477473520584, 0.10753849548551991, 548.2909659545712]}