{"obs_size": 14289583, "obs_mean": [5225.06938314811, 567.0231252374545, 2.7556916111547833, 0.06547282411726761, 0.09899577615050016, 635.1603139100729, 0.5465080573730217, 5222.395206537692, 567.4167612868757, 2.605589120410302, 0.06546425951653716, 0.0989816257200782, 636.3382637623031, 0.5464390811124892, 5224.112557252414, 567.8538146984415, 2.4291563301742256, 0.06545523326783542, 0.09895987305647796, 637.6659382179771, 0.5462764951224083, 5226.2354025355335, 568.3813662022188, 2.2485852106391064, 0.06544604664524466, 0.0989541175400987, 639.0749344746172, 0.5468286680584474, 5241.772189315435, 568.9782142697936, 2.046204077473779, 0.06543592442922211, 0.09903580860764129, 640.9898249325176, 0.5466208688525485, 5227.527644411124, 569.6799214504721, 1.8333138202843289, 0.065425325881035, 0.09898329415448971, 643.3001628080206, 0.5479056684859686, 5233.546765526928, 570.353771415163, 1.601611187674266, 0.06511414335107671, 0.0990819550161114, 646.5493537127007, 0.5511300865813036, 5236.893884485178, 571.0879561705893, 1.348817106839297, 0.06480214655683833, 0.09932672700295055, 652.3745700068355, 0.5629079640043203, 5282.945956358577, 570.2564076222518, 1.1050611483904043, 0.06388777023780887, 0.10016068158210059, 663.2121229594104], "obs_std": [10971.411586812308, 557.2610630984265, 25.47753847569816, 3.5931771711791614, 0.12346000484198706, 539.0926303563343, 0.8250207949059715, 10952.769902326278, 557.1907669012272, 24.478495266969446, 3.593176641342898, 0.12129065730221619, 538.4056114181504, 0.8239344655958157, 10960.486547669589, 557.174854504703, 23.311874593144097, 3.593176119627087, 0.12206862733578941, 537.846518798241, 0.8176565337268598, 10948.040716554897, 557.2633575910268, 21.99959841302542, 3.593175734114325, 0.12094131313220721, 536.9062514799732, 0.8174009761032093, 10962.95226813665, 557.3781050166391, 20.432001428195626, 3.5931753158285984, 0.12152945686369714, 536.7116603321347, 0.8123021742290564, 10947.594935349915, 557.5495554473571, 18.653484455224348, 3.5931750361254347, 0.11847375959977577, 536.6026353729684, 0.8106992273316174, 10942.45927116454, 557.668911842638, 16.54468036238037, 3.408815338188745, 0.11865051607132679, 537.7553936191515, 0.8250039495662531, 10950.723757736576, 558.0017544781016, 13.921404888653326, 3.213897616317912, 0.11939182399353342, 541.6931020160414, 0.8552118287597035, 10971.958015021648, 557.6123578528754, 10.553283245146153, 2.540960784106719, 0.12457383029404183, 551.6828077738951]}