{"obs_size": 14240282, "obs_mean": [5285.095514248926, 574.8101779866437, 2.1796881550519855, 0.06335384662720282, 0.09778937292751622, 641.2342354393486, 0.5366427539848065, 5280.564829554088, 575.1173831389012, 2.0947654688299013, 0.06334769453000418, 0.0978242243989279, 641.899471971226, 0.5362746761616269, 5284.213120114323, 575.4151075098093, 2.001636343999367, 0.06334129779804339, 0.09784285395310335, 642.8668991538311, 0.5365790965375762, 5284.808793007398, 575.7283896484635, 1.898575182710567, 0.06333418426131704, 0.09784758489867028, 644.1507957288042, 0.5366935351420883, 5283.0944819685565, 576.027465888667, 1.772446711378328, 0.06332678052471971, 0.09782299027912576, 645.510124800424, 0.5370011730807165, 5286.552949368079, 576.4029554330453, 1.6129031714400037, 0.06331880253917126, 0.0978035980462332, 647.130441768867, 0.5370086147170663, 5285.398300105381, 576.8585288549765, 1.4281236144059506, 0.06330975731008104, 0.09776076502178827, 648.903620247965, 0.5372176441449922, 5293.505104947911, 577.4048985125435, 1.2305313897575905, 0.06330037077370486, 0.09776383241827633, 651.0585429574124, 0.5375333571343821, 5311.4506176945815, 578.048080929858, 1.0110992886236383, 0.06268811021383629, 0.0977418756614512, 666.2133688317401], "obs_std": [10971.463276820321, 561.2156347311916, 21.856279516990064, 1.9718124980208303, 0.11093628074602373, 532.4192589159239, 0.7596735408371154, 10972.168589485047, 561.2593662118425, 21.278627033236162, 1.9718119152504876, 0.11042366544065017, 531.877194146145, 0.7577720677689455, 10978.556905511225, 561.2298776506833, 20.6145464303486, 1.971811350985935, 0.10935416107048007, 531.6642950191846, 0.7548548678312248, 10973.626891766176, 561.2375830723674, 19.84271873766049, 1.9718108277072017, 0.10956440819410769, 531.8387555931948, 0.753794782575957, 10977.425907666458, 561.1741004515338, 18.818409609174523, 1.971810259297829, 0.10832290849481713, 531.8947949302908, 0.7568032897267029, 10974.583069504435, 561.1857848229441, 17.377834472756117, 1.9718097187366201, 0.10739619355437187, 531.9319800188508, 0.7515043848862146, 10979.758745687359, 561.284511289457, 15.521199145253231, 1.9718090898296083, 0.10575707442856068, 531.8138183158767, 0.7489722412004249, 10981.14446061992, 561.4291080948102, 13.233020534612448, 1.971808464551198, 0.10452677870946085, 531.9357016494749, 0.7454965573250096, 10994.506694390957, 561.693037196817, 10.09354140699556, 1.139001077545311, 0.10242267672353676, 535.2419297528711]}