{"obs_size": 330382278, "obs_mean": [5223.151246199381, 549.8445652765918, 2.31304108569649, 0.06055431941448644, 0.09158673025738359, 618.1296669281813, 0.4980582525327894, 5224.119408719058, 550.1150393091006, 2.2093626674491325, 0.06035419047562704, 0.09158079130330057, 619.004477848796, 0.4981123511993669, 5225.512531402998, 550.3918873184837, 2.072651956834077, 0.06012749999109679, 0.09157467599275985, 620.0298390098623, 0.4982175930973175, 5226.8225977562, 550.7201629259306, 1.9182937802735291, 0.05990029431213449, 0.09157235150709556, 621.1879445721559, 0.49826817727220934, 5228.363885085636, 551.0760405859295, 1.7512144492205484, 0.059607916379568804, 0.09155671490341522, 622.4115056624856, 0.49826723628200054, 5231.2533596820485, 551.4717758135923, 1.570689975083954, 0.059367094371543236, 0.09155088593073077, 623.7863408050282, 0.4983823135759323, 5233.194519476026, 551.8902754009106, 1.3750335270707226, 0.05909989264981209, 0.09153950842583601, 625.2465255678852, 0.49848028605179023, 5236.505038860184, 552.3267322801138, 1.1631273030934184, 0.05880642693800088, 0.09153046050848379, 626.8412440987685, 0.49859246401575186, 5239.2002555334575, 552.7838566056496, 0.9376536685784339, 0.058655552084380586, 0.09151795338914326, 631.4463747610508], "obs_std": [10760.497056203629, 520.1187925922198, 23.36215449524352, 3.0629841689038457, 0.10121117034781162, 489.61590205333806, 0.7354130678775511, 10762.21503964214, 520.1206746860513, 22.655689576248303, 2.9230764464001973, 0.10083775545399516, 489.5257112500758, 0.7338491218989763, 10764.59041952934, 520.121360395737, 21.635121225538207, 2.7559415289117526, 0.10056900555302248, 489.34728381372304, 0.7329878642594411, 10765.559440720812, 520.1038945519315, 20.430613968347064, 2.577993536301045, 0.1005389363914698, 489.16770291565007, 0.7304091368124179, 10765.433117713026, 520.0720553703618, 19.030464309617884, 2.3276003040400766, 0.10018324400347149, 488.96905328794867, 0.7282461986644911, 10771.430607614628, 520.0438230570688, 17.38863239494504, 2.1006492039254696, 0.1001242249376807, 488.7297769336115, 0.7261289711980121, 10769.353617250772, 520.0351105170442, 15.419759712726355, 1.8155067725902387, 0.09970749595117273, 488.47743928392856, 0.7244979951287691, 10773.764617252918, 520.0090187155928, 12.983702291237542, 1.43796258512675, 0.09938638321303957, 488.13521624947487, 0.7208697890627079, 10773.083799259952, 519.9885809899666, 9.781414562536236, 1.2056410425188477, 0.09902945732776133, 486.6644878122436]}