{"obs_size": 14240282, "obs_mean": [5283.846268426498, 570.200640408666, 2.14102894872447, 0.06551178530861398, 0.09950886250349567, 638.7578196255791, 0.5516353570105289, 5284.037065400353, 570.4628512272438, 2.052818055148066, 0.06550409493246831, 0.09955487384709195, 639.0880854716697, 0.5505032269024283, 5284.144424557361, 570.825641374237, 1.9672782463156275, 0.06519466339747475, 0.0995920154980782, 639.8004677218325, 0.5509451042472759, 5288.621015151924, 571.1321027912229, 1.8660534952889276, 0.0651865968147343, 0.09959084493607694, 640.7597458432758, 0.5505869942744493, 5287.665802521101, 571.5211191042424, 1.7447910090544556, 0.06487603130985169, 0.09956407631113019, 641.7093011657524, 0.5502757031778253, 5289.0989678782935, 571.9431898188532, 1.5931675369911915, 0.06486677024676306, 0.09956101478601403, 642.7105983341647, 0.5500502665607744, 5290.097754230986, 572.4572549195306, 1.4082569432262648, 0.06455497471427309, 0.09951327494764532, 644.046624422134, 0.5498397483280572, 5289.258766555645, 573.1193421590948, 1.2244174658900715, 0.06454473859893495, 0.09952591586816834, 646.0054626637773, 0.5504748172122264, 5340.483968978166, 573.7176260273498, 1.013876691486868, 0.06363037856435079, 0.09954538722386305, 668.9360110134963], "obs_std": [11048.169745155838, 559.9038156701812, 21.387408307706668, 3.599387660927294, 0.12449816908933127, 537.1874090081767, 0.8310662768415614, 11051.347541808249, 559.8973020113353, 20.815320333855716, 3.5993868989599584, 0.12425886445076473, 535.7909603278177, 0.8272143653862722, 11058.802394040002, 559.9055601625628, 20.169243753343363, 3.414707838584939, 0.12486879262195112, 535.1188599065224, 0.8253911217154855, 11057.567213682447, 559.9139208808363, 19.399956483406104, 3.414707454731188, 0.12349935455234513, 534.7002885751011, 0.8208267595703354, 11061.75612258791, 559.9312872309034, 18.401492546454087, 3.2194521483762326, 0.12334502502957392, 534.1482373882626, 0.822156610063358, 11051.94026850896, 559.9915265025462, 16.980138543292284, 3.2194514773105536, 0.12256052978875089, 533.2265274644762, 0.8165205908933189, 11051.838363858315, 560.1561512978167, 15.140515249401576, 3.0115626660110837, 0.1215043594676323, 532.4824180198334, 0.8132177351083855, 11048.766465672805, 560.3654976338696, 12.878335729436248, 3.0115620218206316, 0.12078974942357916, 532.4202511396916, 0.8055632613475358, 11075.431364081718, 560.7014583633301, 9.865839761644018, 2.2767187242769853, 0.1190000377938492, 550.9004456461507]}