{"obs_size": 14276570, "obs_mean": [5201.347173355909, 564.7461790892348, 2.591426512110402, 0.06546704927052409, 0.09807373498095148, 632.9200288734668, 0.5394955384241487, 5203.88968077334, 565.1043823551455, 2.4735541520127033, 0.06545989561365834, 0.0980470399161706, 634.1630694922258, 0.5397674130410935, 5205.131983469491, 565.5010324608783, 2.3228427416389232, 0.06545198364530744, 0.0980610867841511, 635.4913297466617, 0.5399382864371569, 5207.580294138479, 565.9002309378234, 2.1489922999712117, 0.06544374254117667, 0.09805783281250299, 637.1221234397783, 0.539952037148986, 5206.539404096459, 566.3105827940464, 1.9625937462569791, 0.06513441490582764, 0.09805066598223604, 638.8074399771104, 0.5402484152706178, 5211.462409388381, 566.8814164746854, 1.7623127263761533, 0.06512530417818085, 0.09803502871277994, 640.7803923136976, 0.5407957006479925, 5213.048907689644, 567.4125088168936, 1.5464907887538815, 0.0648155454939172, 0.09804029130820675, 642.9912018431094, 0.5412223006646611, 5217.21613671889, 567.8670506291077, 1.3158086291034892, 0.06420466156290291, 0.09803191839279413, 645.5752706566562, 0.542034136490781, 5219.445522813017, 568.3390690480977, 1.0650603051012952, 0.06389342864309104, 0.0980783724719598, 654.0602445954439], "obs_std": [10845.04090596554, 555.2798824876779, 24.509892086019107, 3.41035968547749, 0.1136263677177195, 528.4591327182233, 0.7595852016500793, 10847.781688416204, 555.2428387071154, 23.759713969628727, 3.410359404263797, 0.11209168332200911, 528.3372049108862, 0.7613277642169067, 10847.738561075443, 555.2960611937391, 22.695061726844454, 3.410359124852288, 0.11205573540382613, 528.038345005804, 0.7628790610489737, 10850.127787354839, 555.337281511038, 21.423247299725052, 3.410358839031426, 0.11143930178532487, 527.9610250971866, 0.7557422744407188, 10846.597661503783, 555.2600291283604, 19.930765188486852, 3.2153515632547873, 0.11031674714430655, 527.8014509530432, 0.757341640203515, 10854.176532773463, 555.3097339537684, 18.17299722741054, 3.215351182665227, 0.10849640415421341, 527.7284670098097, 0.7577950296772653, 10854.208776077568, 555.2957714817418, 16.122841236129364, 3.0077272894547096, 0.10631810227233614, 527.6655765319662, 0.7539907198869877, 10863.109310396145, 555.1585023317564, 13.684668059054287, 2.542105989804366, 0.10553713922877148, 528.0265437071981, 0.7554713669983371, 10860.80989080198, 555.0201883692636, 10.312122707756535, 2.2738159746032984, 0.10476721437702434, 528.9390978106944]}