{"obs_size": 14264008, "obs_mean": [5266.862734399537, 569.9771194744143, 2.4436340753594648, 0.06292870468448471, 0.09788793282154666, 634.6092252686605, 0.5383833578893418, 5272.2765342909015, 570.2493166717237, 2.343739291228665, 0.06292155233789326, 0.09793600399172585, 635.77139086714, 0.5387358505407777, 5269.966128992784, 570.5895828157135, 2.222295164164238, 0.06291370025851983, 0.09790905444430567, 636.8395216573983, 0.53837945898519, 5274.821075298407, 571.0026611033869, 2.069388561756275, 0.06290587176620556, 0.09786232068223724, 638.1714350744802, 0.5384169183724817, 5277.630826457164, 571.5080643533009, 1.8903076891151491, 0.06289688022729165, 0.09784924270913266, 639.6791123778999, 0.5382822978646944, 5274.110384268375, 572.020464514602, 1.7059917521078227, 0.0628878644083156, 0.0978485723371732, 641.523181521486, 0.5390111576634335, 5284.235219363517, 572.6338826366335, 1.4992091283179314, 0.06287869860765137, 0.09787213105271686, 643.5929648549929, 0.5389786885285288, 5291.437487193655, 573.355531208339, 1.2781697822940088, 0.06256793298840878, 0.09783492691759531, 646.4300781747537, 0.5400403906812449, 5312.175167907462, 573.9801874760585, 1.0436367534286295, 0.06255768120405751, 0.09788692207688152, 662.0578939416323], "obs_std": [10982.399059923584, 556.5934690518678, 23.63515236998983, 1.608849487453751, 0.11138546738767863, 531.0167141966886, 0.7723370056773831, 10987.613002839564, 556.6372254611133, 23.007417811206782, 1.608848701632361, 0.11068473131347059, 530.9844057241754, 0.7725242252908873, 10982.089444202356, 556.6375800844602, 22.179007943397764, 1.6088478839956695, 0.11006060267647205, 530.528489002614, 0.7725275024668599, 10989.523897325482, 556.539770321824, 21.016696053352533, 1.6088472848375612, 0.10848477946212169, 530.4426401982765, 0.7686803484934235, 10990.297045863643, 556.6182518501823, 19.538710863579144, 1.6088463633972732, 0.10839628664438679, 529.8584714295749, 0.7636132164515912, 10979.86450455275, 556.6670999891415, 17.878348683548808, 1.6088456694911688, 0.10764158003199793, 529.4403936898572, 0.7650977004108865, 10991.05533821045, 556.7970225880673, 15.911644610588754, 1.608844850023551, 0.10705454597279208, 529.4813882428689, 0.7590463413071413, 10997.046904168677, 557.1360189105017, 13.502741373503014, 1.1380605410531148, 0.10622854632718995, 530.0696393428684, 0.7586520734686504, 11012.741610385361, 557.4082854633625, 10.26906834848005, 1.138059214691274, 0.10582771058812288, 537.5471809592356]}