{"obs_size": 330400366, "obs_mean": [5213.330852116136, 549.3541228159536, 2.446123077236543, 0.060739816098831535, 0.09164379484914942, 616.7020006034345, 0.4977167094494105, 5214.381458187146, 549.6331486600106, 2.309785552719395, 0.06056501736401708, 0.09164006176770367, 617.6990744373489, 0.4977542848832761, 5216.204641995831, 549.967521643121, 2.156089049247605, 0.060389861581535254, 0.09163549972765114, 618.8352789089529, 0.4977622608967383, 5218.013404706584, 550.3306823970051, 1.989684406100204, 0.060188443137960915, 0.09161937444692447, 620.0719469792208, 0.49788948290822355, 5219.78846203217, 550.7209085627949, 1.8110425125860787, 0.05994768337878725, 0.09161235723231895, 621.4347106684208, 0.49792375587368765, 5222.824526841138, 551.1370689734644, 1.6168073161274887, 0.05970656632686177, 0.09159733298449144, 622.9233619434851, 0.49798313365767355, 5226.071040331792, 551.5835001526599, 1.40672096894711, 0.059426239254339555, 0.09158436316140717, 624.5169546894675, 0.4981541815593358, 5228.965860159518, 552.0462586594103, 1.1824086508427167, 0.059106448665614784, 0.09158064532993226, 626.2331960550315, 0.4983691950233797, 5231.886325613835, 552.5208331851543, 0.9464253135845497, 0.05877319101583048, 0.09157973161376254, 629.1179871423111], "obs_std": [10746.08263554761, 520.0200070623786, 24.190183578155857, 3.1703820449306157, 0.10132879113045443, 489.6941654515959, 0.7374345191070406, 10747.846169541588, 520.0055544079661, 23.245683775617803, 3.0537732710253644, 0.1012564894986783, 489.50543585983604, 0.7356660163236592, 10750.599029503226, 520.0044008281191, 22.13354485084697, 2.932531348389196, 0.10118567394648323, 489.3421308996338, 0.7329740194945362, 10750.60034796911, 519.9873430589214, 20.866832073737136, 2.786088566927281, 0.10077301312047024, 489.1663890123423, 0.7320925273470394, 10750.369967184148, 519.9575151946987, 19.396189897151416, 2.599490093343719, 0.10046330430373011, 488.93866476768153, 0.7293761124486485, 10756.239591795767, 519.9505894092864, 17.678677001907747, 2.39841773520677, 0.1001663570477552, 488.70499850303713, 0.7259963993948807, 10758.936667165435, 519.9281525266947, 15.622857345422062, 2.1400879358556906, 0.09988336071515866, 488.37121649035805, 0.7246345902217908, 10761.410145813736, 519.9435477108941, 13.109216954639985, 1.8000152989018148, 0.09954256965271177, 488.0164999471259, 0.7225958809369897, 10760.996086464793, 519.9254593707174, 9.824992298202856, 1.3580511432805336, 0.09937635391917528, 486.9550334788053]}