{"obs_size": 14276570, "obs_mean": [5244.719399862737, 571.3362122694735, 2.608940452783827, 0.06386341786907497, 0.09773517251307569, 637.5870062929707, 0.536333531723704, 5249.464546518259, 571.633434641514, 2.4890989922649487, 0.06385623495027863, 0.09773123250731798, 638.8059833768145, 0.5362534878476158, 5242.8404171423745, 572.045144877236, 2.337873522841971, 0.06384821576065537, 0.09772717171512521, 640.1981499104662, 0.5363348841493976, 5250.741890456549, 572.4252082257854, 2.161347718674724, 0.06383975190848358, 0.09771649474866842, 642.0247590459462, 0.5363866316629775, 5247.163751365124, 572.9257449793612, 1.9738026010449288, 0.06383125667818668, 0.09769218450629308, 643.8291374343653, 0.5368277240962392, 5252.900349062358, 573.5558190797929, 1.7689211064002068, 0.06382197999779356, 0.09766400139886594, 645.9444125305965, 0.5374754334550057, 5257.649409798573, 574.2327065954917, 1.5475556103461825, 0.06351175737548317, 0.09764743638780196, 648.4709066825727, 0.5383369146090893, 5259.731343483633, 574.8798563660598, 1.3131282934206185, 0.06320130640091393, 0.09768281977575909, 651.571718683177, 0.5400087720650523, 5299.812102606526, 575.4815407342239, 1.0575574525253613, 0.06319017654857557, 0.09776311260162708, 663.1665246069543], "obs_std": [10921.628675307491, 556.4076013030103, 24.710802817116686, 2.542103617570044, 0.11475248496422027, 535.7479738148336, 0.7645153996005776, 10933.945086054364, 556.293899940227, 23.9586397115698, 2.54210322600849, 0.11334438595469887, 535.4584075614463, 0.7643170070946388, 10926.72172249847, 556.3276248650948, 22.899193358681504, 2.542102820160813, 0.11322166092505864, 535.3500934342752, 0.7660135156907462, 10932.678804001793, 556.3519766053683, 21.62663495011396, 2.542102354859208, 0.1126062018923043, 535.5312266439024, 0.7583495104098261, 10929.114963162281, 556.3927892218838, 20.126504944540805, 2.542101971424152, 0.11146660636079002, 535.4176376119782, 0.760000898620782, 10935.566138525726, 556.5433430575963, 18.352335302069665, 2.5421014094810706, 0.10951838399857533, 535.4837837964201, 0.7612567728878569, 10931.721944119625, 556.7303790438334, 16.271801642772168, 2.2738114499105886, 0.10702012817449219, 535.493465608487, 0.7578139522654456, 10952.690047968854, 556.8640698932109, 13.804619295678718, 1.9693037205534798, 0.1068273457830201, 535.9136503185767, 0.7621783900446464, 10966.675705867634, 557.0532249578574, 10.403766846063828, 1.9693026911427205, 0.1061043720280268, 541.368648476138]}