{"obs_size": 799948, "obs_mean": [2973.519475088371, 564.9722481961328, 2.7959504867816407, 0.06243769593273615, 0.11877863508252891, 502.38383228072513, 0.5610233427673026, 2972.33954409111, 565.134604999325, 2.64261301984629, 0.062427795869231924, 0.11867431697685614, 503.68263790560707, 0.5609733032647468, 2968.0068221250867, 565.2598793921605, 2.4665378249586225, 0.062418439853590704, 0.1186648092500995, 505.252561318978, 0.5608022671474253, 2968.1791414674212, 565.55385600064, 2.270918859725882, 0.062409126348213204, 0.11845915603138525, 506.9083027863375, 0.5612701538100361, 2963.2599511901226, 565.8707728502353, 2.0586088095726223, 0.06239915420627418, 0.11830897665723517, 508.8491435168235, 0.5608054623551293, 2964.6673698263958, 566.1023091500948, 1.8353255461605005, 0.06238746735287864, 0.11815697017555786, 510.9699796203172, 0.5620744498393194, 2965.471677768192, 566.7335951836869, 1.5972888237735452, 0.06237575859805984, 0.11814724521593374, 513.214876566929, 0.5619255589114257, 2968.100579636811, 566.955859630876, 1.3273425272642723, 0.06236369058488912, 0.11796631440793354, 515.5270528959301, 0.5622356353164024, 2965.8990457145796, 567.5817478136079, 1.0677606544425389, 0.06235219608274646, 0.1177470315595498, 518.258785780244], "obs_std": [4319.938788141032, 480.9942477023587, 24.446443935896998, 0.05991627154102614, 0.17245896883028522, 383.1544959159017, 0.8737698319555691, 4321.8932469220035, 480.89717676441325, 23.496532770849427, 0.059887765249479176, 0.1717431969773711, 383.1743159296484, 0.87582691854829, 4313.17796295518, 480.6893801825188, 22.402191575503856, 0.0598679056822885, 0.1713174273692139, 383.4207063108432, 0.8739374119972091, 4314.321381833683, 480.5633269747737, 21.09491985547999, 0.059844947885796584, 0.16980721051756736, 383.0539247225318, 0.8730391656352944, 4294.224892815685, 480.3978862162473, 19.5896811316022, 0.05982085230489649, 0.16877379133960196, 382.83627062477115, 0.8648574208623419, 4293.614484932856, 480.4038245245312, 17.87048742661658, 0.05978734740915204, 0.16729749182589157, 382.3375569945112, 0.8735263393455139, 4298.567418761036, 480.44730160313316, 15.79443460262359, 0.05975636400180798, 0.16669265711339182, 382.08702749471803, 0.8714678300414063, 4301.854829449128, 480.2836720060814, 13.14862122770666, 0.059724293268474615, 0.16506817824434797, 381.15076395436546, 0.8746013831982199, 4297.3505206314485, 480.14750546293453, 9.950224268609329, 0.05969277691846921, 0.16368450033601015, 379.8012572794674]}