{"obs_size": 14276570, "obs_mean": [5223.747513316181, 568.1856293213284, 2.6062717445436823, 0.06536632733647461, 0.09977926903380908, 632.4517096074236, 0.5494200624520159, 5228.160155701795, 568.5068007231429, 2.4875736258779244, 0.06505703539422224, 0.09977698258377203, 633.5375903047144, 0.5490495426422835, 5228.798295719097, 568.9461786689661, 2.341402241574832, 0.06504798680222852, 0.09977969212065695, 634.6861312240003, 0.5488760998615684, 5236.068763945443, 569.3649005328311, 2.159836151120332, 0.06503858234373461, 0.0997403464022516, 636.111704371752, 0.5486107633696692, 5234.230521069842, 569.8912268843286, 1.9808257865859937, 0.0650289149509365, 0.09973881379484037, 637.6148983585003, 0.5493789057175927, 5236.6429073380505, 570.5521882356896, 1.7751371652995083, 0.06471804462984407, 0.09977016583759366, 639.4752531562286, 0.5494648975209484, 5241.848428426292, 571.2470954157756, 1.5598893851954636, 0.0641057138479409, 0.09977961692892644, 641.9699121877258, 0.5508262034929078, 5241.830423163788, 571.8976939138741, 1.3315432908604798, 0.0637939250841828, 0.09991370937809356, 645.5296723875103, 0.5542639667651741, 5285.26933545148, 572.3909498570034, 1.0769525873511634, 0.06378122020373891, 0.10020325039221652, 663.0928376883664], "obs_std": [10948.840975961633, 558.4295868581609, 24.57426749603294, 3.410370946274075, 0.12812769095919385, 534.9344606292235, 0.8394059724673142, 10958.63619367898, 558.3546581216301, 23.823911732778214, 3.2153643965948904, 0.12742060584541226, 534.3741560972791, 0.8387571032062178, 10964.366731793245, 558.4171778306616, 22.7658763089402, 3.2153639904239912, 0.12727403901996387, 533.7712119053854, 0.8380607688839512, 10966.133289225698, 558.4595160187164, 21.48588416522936, 3.215363485488965, 0.127010351340414, 533.2477187678734, 0.8293620130467424, 10967.907764535597, 558.5088095443854, 19.989665631336944, 3.215362896918235, 0.12573720264222193, 532.6756349549757, 0.834420111006651, 10964.63695887801, 558.6665653623357, 18.230939382363193, 3.007739414199804, 0.1245369451608278, 532.3357396525435, 0.8317828193852361, 10967.166236996003, 558.8525933714476, 16.16924790045114, 2.542119919172499, 0.12221282982119772, 532.4669698558172, 0.8258444875404185, 10967.42483618795, 559.00239025343, 13.736187870487736, 2.2738321028418413, 0.12414241986586423, 534.0895732704097, 0.8332150983023383, 10979.519798176158, 559.2133813025005, 10.356749727371849, 2.2738306183954293, 0.12488037673141891, 548.5551544232964]}