{"obs_size": 14240282, "obs_mean": [5293.494504299165, 572.0560625133687, 2.151820940062844, 0.06331365464694579, 0.09799248586355241, 640.1496479812242, 0.5414080689554125, 5306.016507391645, 572.2916060229705, 2.065675174129277, 0.06330730287392612, 0.09801154379850156, 640.8503868789493, 0.5409433233836525, 5298.804648959653, 572.6450144737304, 1.9761293350791787, 0.06330058786589467, 0.0980321387724628, 641.8091690877175, 0.5414396333584172, 5305.339742025589, 572.964908911214, 1.8749167326882994, 0.0632932914445176, 0.09805034377942869, 643.0426887689375, 0.5415593892733591, 5302.410622971287, 573.3763018176185, 1.751966990541339, 0.06328560570226897, 0.09803540773694024, 644.2623442725749, 0.5413604887178821, 5302.329380843005, 573.817682051521, 1.596279202897808, 0.06327768046729108, 0.09800316255282077, 645.7150774929341, 0.5412896173685707, 5311.479272548528, 574.3553544094142, 1.4131184340310115, 0.0632686275858243, 0.09796623106585962, 647.3824264588246, 0.5413779351420488, 5305.139632130641, 575.0651421790664, 1.2231576593778128, 0.06325944237607918, 0.09796668919751632, 649.5883664539759, 0.5418042701682768, 5350.535769786933, 575.7859025544578, 1.0095089409044007, 0.06264738741733562, 0.09794811792631694, 667.7891221288028], "obs_std": [11054.260210012628, 558.8099128530303, 21.531491581959493, 1.9718174671962936, 0.1122041438571256, 533.7027852863841, 0.7745060111163016, 11069.913968505522, 558.7856083861807, 20.950785757358265, 1.971816841372088, 0.11159863299697752, 533.0715254442358, 0.7726017272261071, 11069.790064991808, 558.7595280209393, 20.300494711082305, 1.9718162099142313, 0.11087983330335513, 532.7264632466527, 0.7692762828660427, 11070.747561857394, 558.7598584870841, 19.53913110751392, 1.9718156327671819, 0.11074351254075034, 532.6587966308543, 0.7687193138868191, 11071.43444132563, 558.8039336664153, 18.530955726516474, 1.9718149893869286, 0.10969759298849918, 532.461750505551, 0.7702138181551894, 11061.191016102848, 558.8985037730212, 17.106837773120663, 1.971814472566, 0.10869615928161612, 532.1414796840289, 0.7644904471693447, 11071.15056422119, 559.1425265953507, 15.254627964700928, 1.9718138038925987, 0.10758536782673866, 531.8457345613347, 0.761157700060497, 11054.732718760453, 559.4615630808959, 12.986283839801711, 1.971813173464938, 0.10632649340724486, 531.955878332702, 0.7578934263738156, 11074.823794833654, 559.9754840441698, 9.910138418035952, 1.139009180896513, 0.10423076861425261, 541.4685057489299]}