{"obs_size": 14276570, "obs_mean": [5231.125328459924, 568.0866438507287, 2.609296350594015, 0.06632000780860545, 0.09997555074678327, 630.9732935916259, 0.550582697244538, 5237.183863056718, 568.405580542105, 2.4904170959831387, 0.0660106302457871, 0.09999867164634098, 632.0495010597045, 0.5501476081440001, 5234.986145411939, 568.8211799472843, 2.34487205260087, 0.06600129803700028, 0.09999494822159714, 633.1446487788005, 0.550078378279976, 5242.473456895169, 569.2111728517425, 2.1630754445920832, 0.06569122546802887, 0.09995876769476102, 634.576676615831, 0.5496914845793099, 5238.783539960419, 569.7110123089789, 1.9841472426500202, 0.06538064850913765, 0.09994576101129356, 636.1320309021478, 0.5505678697334506, 5243.299670256686, 570.3284036711899, 1.7787629661746485, 0.06506946124609053, 0.09999756799119178, 638.0369830384989, 0.5506673599471354, 5246.291860272134, 570.9751204946285, 1.5635863516236743, 0.06415647618700425, 0.10001050977811902, 640.5480940596567, 0.5519773884764039, 5243.726388951694, 571.5890459683243, 1.3346963591394851, 0.06384469984786913, 0.10012583095939784, 644.2249454565075, 0.5555407525757627, 5292.576941478938, 572.0723109962687, 1.0807972082930282, 0.06383174123701241, 0.10041825590145324, 662.5773918715266], "obs_std": [10960.430650903454, 559.2237216874191, 24.582092248242105, 3.9378688892472042, 0.12913981820509757, 533.7957217254892, 0.8435694716791717, 10970.881805474932, 559.1449367926615, 23.831878238357806, 3.7702453568539185, 0.12907164097039933, 533.2765040251317, 0.8420231948271545, 10975.791271206921, 559.1965584180592, 22.774245034168842, 3.770244720098984, 0.12863000623871507, 532.6674039710557, 0.8427039453896148, 10978.628216332547, 559.225587983905, 21.499403669249663, 3.5948135098368508, 0.1282378611165888, 532.119222948273, 0.8336337558986977, 10980.651622560224, 559.2415520126518, 20.00183223848066, 3.410369680346736, 0.1269190923068972, 531.5461843701455, 0.8386409910036065, 10980.106271776305, 559.3741853296721, 18.244669189146464, 3.215362924473435, 0.12591999357105638, 531.2775743799886, 0.834269734310368, 10977.023636746224, 559.5081036971594, 16.181856512501664, 2.5421204873262746, 0.12398177752403028, 531.3049484564209, 0.8277927555958625, 10975.68994872578, 559.6048718741876, 13.738477721327921, 2.2738324720516014, 0.12547838415252605, 533.0066069717938, 0.8362209800703174, 10991.5394214697, 559.7968737333404, 10.372417374237912, 2.273830690745136, 0.1257695571100518, 548.0177337827746]}