{"obs_size": 14240282, "obs_mean": [5230.665154208076, 562.7603194936729, 2.1635723225143995, 0.06796223819732841, 0.1018980736495948, 631.572682593649, 0.5645791416209629, 5233.67408911286, 563.0506786312237, 2.0739583668357136, 0.06795422638485167, 0.10190877519033774, 632.383056257548, 0.5637572420265572, 5234.605969626861, 563.4276531883288, 1.9921823177378086, 0.06734281190190775, 0.10192601684622614, 633.3738829857531, 0.5646505392239074, 5236.6027883949455, 563.7326576116963, 1.890292551790758, 0.06703295104648363, 0.10194627020426955, 634.4711051329789, 0.5643440639026921, 5239.068383230012, 564.1299198990581, 1.7688405327928196, 0.06641969403429807, 0.10193582056064664, 635.5831385091426, 0.5641886355902473, 5239.075170753771, 564.5262183010138, 1.6215327056023188, 0.06580642862965216, 0.10194568251752387, 636.770413534173, 0.5644860065973762, 5241.320669411884, 564.9918849921653, 1.4341414025368318, 0.06549426899636684, 0.10193791383323761, 638.1170930006352, 0.5639756058201937, 5240.594009510717, 565.5684100216554, 1.2541314841939226, 0.06518208429925204, 0.10189010158562765, 639.9973564257587, 0.565034061053034, 5267.862561894327, 566.128912194295, 1.0434577068066488, 0.06366388094857311, 0.10196646433279927, 665.1079840582275], "obs_std": [11002.653237602797, 556.9437928983926, 21.301366297359465, 4.692878429102944, 0.1494766027360718, 531.5970318534303, 0.8737352895204471, 11004.70031042526, 556.9574973222578, 20.73290134033104, 4.692877838660794, 0.148173406191487, 531.3900000300061, 0.8687650845741177, 11011.556188586495, 556.9745114428325, 20.087424851788775, 4.408219187252951, 0.14835959908631643, 531.2989801287754, 0.8660663151359751, 11008.064910218769, 556.983032869279, 19.32938250423866, 4.25876087810377, 0.14752503851089946, 531.141288701363, 0.8628272904290829, 11014.559865249663, 557.0069219371243, 18.33733770037448, 3.942884220593713, 0.14739937642090747, 530.8808066292125, 0.8620378795632605, 11009.69496060789, 557.0409966885136, 16.924019455258712, 3.5993923881948446, 0.14733710024669974, 530.3624752220303, 0.8576088475391356, 11010.968647214024, 557.1307253441453, 15.077723196974766, 3.414713478417314, 0.14656567994947908, 529.8664709971971, 0.8521079054798493, 11008.792117460614, 557.2422110279192, 12.829431695283931, 3.219458411584234, 0.14486668967050428, 529.7396550981384, 0.8515950692473097, 11021.274914897587, 557.4246752925211, 9.831754679536985, 1.971838717836431, 0.14433298764006153, 550.6986480406799]}