{"obs_size": 14264008, "obs_mean": [5237.528575670941, 569.3083343054772, 2.4414530614396743, 0.06312758730534421, 0.09899763412779962, 636.5819743064741, 0.547881376188286, 5248.541215629167, 569.547551010908, 2.3414894327036277, 0.06311986527476213, 0.09908018584334834, 637.6099660862549, 0.5479226556098858, 5245.15558468177, 569.9389397426024, 2.220514178062716, 0.06311166929849796, 0.09903339110564248, 638.6296864961097, 0.5473263230783807, 5253.4799974748, 570.3547047926501, 2.0709216511936894, 0.06310299439471222, 0.09901237990324993, 639.7671885728442, 0.5473578083383487, 5253.077819962925, 570.9130236045858, 1.8889704071955091, 0.0630933369032133, 0.0989835061020024, 641.1142682734029, 0.547020556774833, 5249.772826455543, 571.4557184067759, 1.70872513531961, 0.06308384157174679, 0.09900710111912556, 642.6063024750082, 0.5478541832001713, 5258.6538522165965, 572.0696383512966, 1.5015691241900593, 0.06307429656840687, 0.0990452842987759, 644.3182552028876, 0.5474172896566469, 5251.794549225397, 572.888845477372, 1.283737221684116, 0.06276297658968831, 0.09902977034862784, 647.1245081769432, 0.5486244352920021, 5314.223618906082, 573.4629913976491, 1.0512520043454827, 0.06275174885608065, 0.09913714120792802, 667.1121175801759], "obs_std": [10970.314898269622, 558.2210857047556, 23.572584345056313, 1.6088701418426, 0.11886665223715515, 535.9523198578715, 0.8223250977739833, 10988.907949814999, 558.2466344016575, 22.94469833966249, 1.6088696096970163, 0.11825735768908541, 535.6523008696333, 0.8215011242926201, 10987.114439004754, 558.2922829274852, 22.11326031849877, 1.6088692331683774, 0.11799526247031496, 535.1559012227178, 0.8211376888538248, 10993.367352557209, 558.2426305286587, 20.95897781420352, 1.6088679918151307, 0.11769898312005637, 534.8868076591812, 0.8180717653925428, 10997.858156465005, 558.369230290365, 19.473524591897228, 1.608866423829986, 0.11699940233255368, 534.0295525146505, 0.8105559447776208, 10977.741063979944, 558.4502698197779, 17.817046955942164, 1.6088655419374573, 0.11776788193742793, 533.0918392186123, 0.813350151539903, 10986.590177956314, 558.5745638498316, 15.868754149827918, 1.6088647592056877, 0.11594812600392732, 532.6350972516561, 0.8023826052208681, 10978.032053003803, 558.9687271584238, 13.475897231111654, 1.1380890735811628, 0.11475493675327061, 533.0009630442771, 0.8029336773814519, 11004.21244114753, 559.310345675358, 10.253500208398417, 1.1380866099189273, 0.11592329599584696, 550.0377389747966]}