{"obs_size": 14251917, "obs_mean": [5276.693924841706, 571.3381145848659, 2.2933654469079494, 0.06289127330906541, 0.09776898768790156, 639.3817810411048, 0.5391328723708195, 5276.686745970563, 571.5713624349622, 2.2082625796936646, 0.06288409179783425, 0.09775940961626464, 640.1959663270521, 0.539195977635888, 5280.363922920473, 571.9009039976868, 2.103916195975601, 0.0628764554020427, 0.09775223780885098, 641.1809010035181, 0.539183656556556, 5279.803750379888, 572.2802536669277, 1.9781969681692642, 0.06286817626766374, 0.09774303306544735, 642.3163295088848, 0.5388857722087831, 5285.494989193837, 572.8241166433962, 1.8240828233843909, 0.06286008925375532, 0.09774249251570821, 643.3730834483498, 0.5388808973558125, 5285.395866742543, 573.3296877886673, 1.6387365292683083, 0.06285134688057144, 0.09771271950496166, 644.7237553495443, 0.5387394363158666, 5286.7829966654745, 574.0331605916596, 1.452439064864046, 0.06284224380734967, 0.09771073391839127, 646.482998416275, 0.5392106713784967, 5294.463626047761, 574.8631940531228, 1.2405599892281158, 0.0625316907444187, 0.09770166861756278, 648.8664699845365, 0.5391541451581876, 5340.509188026459, 575.557279347052, 1.014899539479496, 0.06252134000290076, 0.09767150437509504, 668.0689198979078], "obs_std": [10990.114316238565, 556.2917457703396, 22.696408277281062, 1.6095336281042467, 0.11432947871284668, 535.7239259111221, 0.7759601670517284, 10993.787066137233, 556.3009957838185, 22.11674795848131, 1.6095326476035003, 0.11370769863866571, 535.2873165418191, 0.7728160531122475, 11004.278793905087, 556.1549725038318, 21.400042009889088, 1.6095317104154627, 0.11218816906072772, 534.5922385745819, 0.7720697560685993, 10991.415505092311, 556.315071741646, 20.480810000397888, 1.6095308024522696, 0.11122628916508344, 534.1078045741849, 0.7714556663503628, 11010.014829247883, 556.3719349781655, 19.125182041930227, 1.6095301145657683, 0.11129218230352725, 533.189904116104, 0.7706354822202607, 10997.319596049341, 556.4228428965945, 17.47922926238944, 1.6095292991037993, 0.1092479744927471, 532.3132310137623, 0.7686938116694373, 10993.631114745678, 556.6539153754138, 15.563305525025726, 1.6095286180524442, 0.10735574390276731, 531.7130264318436, 0.7629817601809664, 11003.657113240939, 556.9356800026188, 13.160115774668455, 1.1385454530599641, 0.10609847937163622, 531.8335462343945, 0.7608814573901725, 11009.90384472695, 557.3135570460615, 9.922637247562644, 1.1385440256169412, 0.10566262072509938, 545.1086818413592]}