{"obs_size": 14289583, "obs_mean": [5195.022219954573, 565.9801599528831, 2.7795007034145085, 0.06719708296617898, 0.09981521631142024, 631.4892174277833, 0.5511108643268618, 5215.190307959063, 566.3699714680266, 2.631236054963955, 0.06718807287883079, 0.09980984254697922, 632.734167182485, 0.5511808694487865, 5209.028065983543, 566.8262355871407, 2.453309309305947, 0.06657726116249169, 0.09978741051981735, 634.1166191227544, 0.5511428689697007, 5216.600592205005, 567.3337585848376, 2.2745689639788647, 0.06656740828658901, 0.09980514649342816, 635.5288102930588, 0.5519137785896594, 5209.162396474692, 567.9174894746753, 2.0703259850199967, 0.0665574839400214, 0.09988744083413799, 637.537607816222, 0.5515885792468902, 5215.178839911695, 568.5093130429349, 1.8563468926979885, 0.06624608735937927, 0.09985980823541156, 639.8280875140557, 0.5530029620178979, 5214.896747737649, 569.1579634619148, 1.6239536171209474, 0.06593493575334645, 0.09998625743613258, 643.0753440290508, 0.5566056318788751, 5213.4334463455925, 569.7955414794118, 1.3700167457650794, 0.0656223217926029, 0.1002635792294291, 649.3560685875855, 0.5706297798193786, 5262.390165977193, 568.5238105268712, 1.1250533343065363, 0.06410647588989134, 0.10132139018675397, 661.2955691567317], "obs_std": [10913.118830963956, 557.5977743948508, 25.52254392025909, 4.400608620561427, 0.12613165944414184, 536.4859331981686, 0.8487765062960654, 10955.423733295964, 557.5513456076002, 24.529224279746217, 4.400608112278654, 0.12383118380583709, 535.9070564773011, 0.8465959865455851, 10946.969720309451, 557.5662833576681, 23.369620890424347, 4.096776945276938, 0.1245376641304136, 535.5979103621922, 0.8419988647605683, 10940.790843730612, 557.6763026000865, 22.059931918505733, 4.096776353936779, 0.12429656790157402, 534.8995425355374, 0.8428090395690208, 10936.35438029793, 557.778819086411, 20.49782835701988, 4.096776187408428, 0.12417780318743003, 534.8210699600925, 0.8362932355405992, 10933.036558198874, 557.9226684896672, 18.717465734881518, 3.9360753531174204, 0.12192823124020329, 534.857913423999, 0.8327744546795087, 10931.105157377526, 558.051220785941, 16.613603429767608, 3.768528401974183, 0.1230091410681469, 535.8365972219112, 0.8436236231458234, 10931.758129931071, 558.3306279927662, 14.000111949238372, 3.5931768191782227, 0.12319665480392249, 539.9049608055399, 0.8825108900721782, 10956.440069026396, 557.7541011673667, 10.617497519558349, 2.5409642884678725, 0.13108970545286622, 550.3913535381855]}