{"obs_size": 14289583, "obs_mean": [5214.412068596008, 567.3191361847298, 2.759388500000315, 0.06530297225483031, 0.09935774849210041, 633.0477180600736, 0.5479764836385018, 5238.246123975381, 567.7322336138149, 2.609379503936539, 0.06529439011069081, 0.0993354961354013, 634.2368556700342, 0.5479976243533894, 5221.531588146316, 568.1878155576688, 2.432098963279754, 0.06498444096409926, 0.09930026988394294, 635.5542303516226, 0.547906014122363, 5225.041729394527, 568.686871548316, 2.2523603382967856, 0.0649752046243824, 0.09931056750298446, 636.9561612478541, 0.5485161599887519, 5224.015829332177, 569.2618441699803, 2.0496246811401, 0.06496527277220744, 0.09936388159094627, 638.912487377273, 0.5482151753484009, 5225.9711233871, 569.8443000750967, 1.8361553307748728, 0.06495480961047631, 0.0993339757704617, 641.2516240305984, 0.5495212553788746, 5235.227360334582, 570.4633212879619, 1.6045902809060277, 0.06464345159667077, 0.09943964919948971, 644.3838550874897, 0.552871901370437, 5231.328799653666, 571.1909080201989, 1.3518160746888135, 0.06433090903857068, 0.09969560650790174, 650.2916688361476, 0.5655229031526503, 5279.281636183279, 570.2170969579728, 1.1103297416026765, 0.06311627993994648, 0.10064108862365015, 661.4933976569274], "obs_std": [10945.670809550209, 557.9309116986749, 25.495448858889567, 3.4088168981260365, 0.12395633510365076, 536.5997188468078, 0.8299973831707275, 10976.639163178083, 557.9086608124512, 24.497220471031916, 3.4088165225506977, 0.12164689865918873, 536.025484970575, 0.8286491473687414, 10960.153624494655, 557.8988584189655, 23.327963562204246, 3.213898351091092, 0.12215112348204618, 535.6022988861046, 0.8239542991332697, 10950.477463621066, 557.9699483806481, 22.01463842786129, 3.2138979008732425, 0.12161726637922468, 534.7436875801028, 0.8231518699678233, 10952.572505361091, 558.0210372435009, 20.449398242713265, 3.213897642883281, 0.12118266944602481, 534.497442304169, 0.8175278632170161, 10950.306974483532, 558.082528867874, 18.665805469921732, 3.2138971823040197, 0.11905173560948246, 534.5157215379526, 0.8184435821797434, 10947.867084446121, 558.1570244258513, 16.55109006275953, 3.0063679940150374, 0.11977005370852846, 535.3636221701461, 0.8304089367090365, 10949.147881884415, 558.4893932763649, 13.935101016041854, 2.7834081729578894, 0.11954140568042769, 539.2359921718776, 0.867148111595569, 10967.081378136707, 558.0651549880125, 10.582002311481306, 1.6074269468366327, 0.12592842418701505, 549.1239320872066]}