{"obs_size": 14276570, "obs_mean": [5229.386403584934, 568.6257005709354, 2.5998238372382163, 0.06410943284746236, 0.09908184323482463, 634.3684299666784, 0.545872565189016, 5236.488309953645, 568.9309205222263, 2.481425930738266, 0.06410137353503645, 0.09907731361398459, 635.5192081813265, 0.5454755318679794, 5235.241433035644, 569.3988564480125, 2.333849797255223, 0.06409240676045408, 0.09906131987627335, 636.6081156143214, 0.5454012626282467, 5240.6188284769105, 569.8210865074735, 2.1538865427760308, 0.06408301162422737, 0.09905021083537553, 638.0569341380052, 0.5449694040655807, 5237.304925564244, 570.3733147387642, 1.9729014041888213, 0.06407360870468863, 0.09903517521512582, 639.6011997001622, 0.5455631189424687, 5242.10356668923, 571.0720675904646, 1.7676247165810834, 0.06406401566588449, 0.09906413366831193, 641.5446704181717, 0.5456292215147251, 5247.711252655317, 571.7864486357716, 1.5518109742045885, 0.06375285132178801, 0.09903197141007977, 644.1514318059069, 0.5468795593059487, 5247.648641921467, 572.5036716802424, 1.3226806578891148, 0.06344134021190616, 0.09911738826658029, 647.9671087058974, 0.5501318161155349, 5296.214004990733, 573.0774141127736, 1.0684232277080559, 0.06342896787933618, 0.09932452780422793, 665.0581029851414], "obs_std": [10950.26429493162, 557.8778818854431, 24.56655918145236, 2.5421231354864733, 0.1221239713942888, 536.4803887078, 0.8129647038850008, 10959.508098556726, 557.778579877967, 23.811148615493845, 2.5421225706659403, 0.12118429823512027, 536.016943194402, 0.8115072904043105, 10965.393443277686, 557.8476736030566, 22.752105805062822, 2.5421217383570602, 0.12068430785528039, 535.2309713840808, 0.8128943007799866, 10961.99480890276, 557.9102857629248, 21.47365865734342, 2.542120991994593, 0.12088120446465973, 534.5792233786532, 0.8009656737128888, 10962.4528409624, 557.9882250267997, 19.975047094590597, 2.542120432871506, 0.12001630950530508, 533.9035894509132, 0.8032570921284716, 10960.67454959227, 558.2083781110466, 18.222732757489144, 2.542120151028651, 0.11842891290794348, 533.507004391677, 0.7996323455134503, 10960.748666821994, 558.4370585349071, 16.156355697666065, 2.27383223110345, 0.1154628812555275, 533.6233237185347, 0.7986859560322831, 10963.907332022909, 558.6779219394473, 13.71613976739455, 1.9693275631770877, 0.11660321043592774, 535.7996799091475, 0.8103568607507069, 10968.389370562114, 558.9827964931624, 10.322888779102243, 1.9693259779365926, 0.11605231169473197, 549.7132115561102]}