{"obs_size": 14264008, "obs_mean": [5268.316931377786, 564.7860716286756, 2.419010841833516, 0.06232655895461708, 0.09566983388035158, 626.0832151525241, 0.5212352966291038, 5270.870631727327, 565.0780453151737, 2.319571049034746, 0.062320075111927185, 0.09569193462328475, 627.1868887212281, 0.5216421819869926, 5271.785900993661, 565.4142819465608, 2.1962714126352147, 0.062312713989934015, 0.09567413810213882, 628.2422146356521, 0.5215547611162239, 5273.659936676039, 565.8022956100417, 2.040628552648035, 0.06230522379173732, 0.09564362892989127, 629.6249357819031, 0.5216584876424547, 5277.408385630263, 566.2126249508553, 1.8605887629900375, 0.062296847989999106, 0.09563368903642003, 631.1781364879575, 0.5217185185257843, 5275.402762340934, 566.6685073367878, 1.6698205020636556, 0.06228825197554087, 0.0956355223587939, 632.9036566867184, 0.5220807033338657, 5281.083845150794, 567.1589724290677, 1.4624184170395866, 0.06227955445924664, 0.09564689602417549, 634.6093375916519, 0.5220549618312044, 5283.573374584213, 567.7414622874579, 1.2344893525017653, 0.061969540144546205, 0.09561381545881037, 636.7009459419793, 0.5223650761412822, 5286.9907459218075, 568.275060137375, 0.9947056956221562, 0.06196015422510468, 0.0956162516540947, 644.7309290048023], "obs_std": [10882.32682531643, 550.2641191432979, 23.7091782509527, 1.6088503525690467, 0.10750854921036553, 522.7911278394967, 0.7411616867366733, 10887.292243635511, 550.3225359679182, 23.081558465455476, 1.608849717843422, 0.10683412366347632, 522.7406674634956, 0.7417164801762423, 10885.432707586566, 550.3231971880904, 22.249064273651, 1.6088490447940076, 0.10627772159087345, 522.5176557739239, 0.7432587817853938, 10890.346107278301, 550.175238539513, 21.09069600430381, 1.6088484763552007, 0.10509094473645338, 522.6075276107193, 0.7396906462984588, 10895.089968867775, 550.1117881759801, 19.6009302408444, 1.6088477623502742, 0.1049229731077385, 522.2054891109885, 0.7364371009490764, 10886.985474369354, 550.0140567680302, 17.924700737076634, 1.6088471379152747, 0.10417143017137988, 521.9606967506212, 0.7376188642911046, 10895.771197884907, 549.9118653521822, 15.94613472088401, 1.6088464798270894, 0.10338722955531726, 521.6809405839765, 0.732250792590692, 10897.61632543471, 549.9484598970979, 13.506550841081175, 1.1380629572658014, 0.10260240822605031, 521.4792751181011, 0.7308442395549085, 10899.064366871697, 549.8682471742881, 10.230226035760822, 1.1380620202279945, 0.10176241342692141, 520.800698899228]}