{"obs_size": 14264008, "obs_mean": [5233.010064472538, 567.8647340915682, 2.456392901630454, 0.06413589923681509, 0.0998610933190729, 634.1823828916799, 0.5518340976814281, 5239.189882934647, 568.1175625392247, 2.356242859650668, 0.06412790293914061, 0.09991479745174098, 635.175232581525, 0.5518726576009082, 5237.187072490993, 568.5314454394585, 2.2349216994269776, 0.06381783097535586, 0.09988894295635688, 636.1294488642525, 0.5512557742536758, 5244.720028958514, 568.9499944195207, 2.0863674501584684, 0.06380864865247725, 0.09985166681342275, 637.2241136639293, 0.5511952535360745, 5244.730027630735, 569.4714059330308, 1.9029446702497643, 0.06349730029730244, 0.09981320152246152, 638.5705615646955, 0.5508628053209574, 5242.8871479518075, 570.0589375721045, 1.7244826278841123, 0.06348752340703426, 0.09984316045083655, 640.1749158065511, 0.5518348735503109, 5256.108958378014, 570.6403970749316, 1.5158179243870307, 0.06347756228474652, 0.0998959676162555, 641.7998901199453, 0.5514032960441838, 5248.720500854887, 571.4688649922236, 1.296811457200529, 0.06286432234818741, 0.09990521713160765, 644.6135925989826, 0.5528433177407485, 5297.026357827295, 572.0461597469658, 1.064426492189292, 0.06285286410839946, 0.10005406613120359, 665.2850841449276], "obs_std": [10979.939801333248, 559.078592278084, 23.603836247135753, 2.5432412382628633, 0.12637799109373482, 535.9923114172158, 0.8440740611714155, 10985.950892257188, 559.1097283917882, 22.97586613196584, 2.5432406513886225, 0.12471318993085595, 535.7171412022604, 0.8427894719414274, 10987.857498588499, 559.1791618621617, 22.14860301786349, 2.2748345421577603, 0.12506677731339488, 535.084335572764, 0.8428598991968994, 10994.592922607782, 559.1099462559108, 20.989879504123166, 2.27483354032729, 0.1232700090680991, 534.7061165831591, 0.8367060867082101, 10998.46130124485, 559.2030888993264, 19.50657613192284, 1.9701936980775343, 0.12332676368862526, 533.7318597173835, 0.829226383547473, 10986.630463191788, 559.3202734246046, 17.857506631241968, 1.9701929994063976, 0.12307464509720317, 533.0790502708895, 0.829477654926192, 10995.266445680481, 559.4500030079755, 15.906838947311991, 1.9701921955750834, 0.12263902328000209, 532.5868519645239, 0.8214214666207692, 10989.469740041754, 559.8615545939059, 13.515178415005384, 1.1380938793861881, 0.12228748272406736, 533.2587947365449, 0.8217091483971509, 11005.240137802108, 560.1767097186555, 10.291782771878317, 1.138091869589696, 0.12378166846044426, 550.4835245726872]}