{"obs_size": 14240282, "obs_mean": [5235.179079210209, 561.6384796312319, 2.1975062712943463, 0.0642043626930363, 0.09987973774016534, 634.7659103778543, 0.5642658592716081, 5235.328058783116, 561.9813084459984, 2.112031770157361, 0.06419771277521863, 0.09986456484190541, 635.5403160849869, 0.5638390651954793, 5239.1429820821295, 562.2964772748181, 2.0267647087325935, 0.06388927444281776, 0.0998733574920781, 636.494173984109, 0.5649306954033706, 5237.629164089613, 562.6491916381993, 1.930912533895045, 0.06388159147193279, 0.09992101449255102, 637.6670162612825, 0.5644526585920172, 5241.025694212943, 562.938244621841, 1.8096748364955133, 0.06387355330997782, 0.09988649358608281, 638.8944298751894, 0.5646475360530135, 5242.642895512917, 563.3122013314061, 1.662641793189208, 0.06386479833047665, 0.09988563278950606, 640.3639170782284, 0.564973279953316, 5242.799801723491, 563.7166789955425, 1.481681682989143, 0.06385540458202424, 0.09984088691867203, 641.8153186006625, 0.5649223292066908, 5245.977072703145, 564.1851775126363, 1.301223950480756, 0.06384610227438735, 0.09984496318942204, 643.5778002265224, 0.5661330949064135, 5246.9814922796, 564.6841613108504, 1.097800591308515, 0.06293249142672265, 0.09992053861573862, 658.9752847127113], "obs_std": [10997.185434640078, 562.3684924733669, 21.176745758515604, 2.788222607754434, 0.11929529435018416, 530.9671507255266, 0.8067819441802849, 10996.543566014163, 562.4382741198166, 20.613086373515124, 2.7882220878065525, 0.11796286047036743, 530.7507622871382, 0.8056962266938803, 11003.754353101403, 562.4473748990297, 19.97432357672652, 2.545353990092342, 0.11681259076690594, 530.5523284793219, 0.8038357710863584, 10998.88811402483, 562.5260061326242, 19.231189248867647, 2.54535346254362, 0.1175790294288735, 530.6064404303565, 0.8019105096074558, 11002.762797863956, 562.4603082580603, 18.245644816556812, 2.5453526842435905, 0.11629159351362749, 530.5912328556539, 0.8027340339303531, 11003.923653197828, 562.4433517226679, 16.847902870469316, 2.5453519591136, 0.11552632737825302, 530.5141110883916, 0.8014108836807577, 11003.122265506183, 562.4680552106431, 15.022807755985214, 2.545351232557126, 0.11420808106777672, 530.3193091227923, 0.7990203969707427, 11006.150870367312, 562.465279418368, 12.797660369435368, 2.5453505829339997, 0.11276866313396758, 530.2519479940092, 0.7964401632225371, 11006.94325961064, 562.4711662792182, 9.856080447300272, 1.6102022472494895, 0.11156808916393589, 536.1570043712499]}