{"obs_size": 14276570, "obs_mean": [5229.737914674868, 568.4195123198358, 2.6061670975591475, 0.06505889485787536, 0.09934275102226975, 633.5455831736937, 0.5476756810634855, 5234.553706958572, 568.7389157199524, 2.4876955038920414, 0.06475006047692813, 0.09934705217625817, 634.6104040160852, 0.547254143817495, 5234.862752861249, 569.19513146365, 2.340167351121453, 0.06474133952644776, 0.09934817392812173, 635.6864270848864, 0.5471615002063256, 5242.588203667588, 569.6455339762983, 2.159614459215344, 0.06443096808919074, 0.09930306418439448, 637.07607292176, 0.5468173686677278, 5236.957035410566, 570.1832718923382, 1.979091966767928, 0.06442161481512004, 0.09930268746309533, 638.5405594927461, 0.5475014046091301, 5242.960720355505, 570.8378525093912, 1.773587073085482, 0.06441181592063767, 0.0993354429900188, 640.3651918213722, 0.5475382930214014, 5243.1455254929315, 571.502558317579, 1.5590442942527512, 0.06410072900109062, 0.0993270237766497, 642.8430744824045, 0.5487270492142434, 5242.673304793339, 572.1520313352577, 1.3291567932633679, 0.06378921082851795, 0.09939554166820244, 646.5032543444281, 0.5520894434728119, 5293.438899115026, 572.661642187164, 1.0728822819486752, 0.0637767354785565, 0.09965626749415323, 663.8254459884922], "obs_std": [10974.685616096456, 558.6994479435834, 24.575093285340433, 3.215364893693941, 0.12306328933438661, 536.1150794417059, 0.8255145139745718, 10978.890049788091, 558.6333300366192, 23.825310892791766, 3.007741455999708, 0.12239311102411556, 535.5442124494922, 0.824152172707267, 10989.615302316184, 558.7467553166259, 22.759999422671164, 3.0077408463969997, 0.1220019305165841, 534.8999580124159, 0.8263328134812424, 10991.342662339572, 558.8583085381415, 21.48880641616714, 2.784679442311889, 0.12181808674044133, 534.2974676784413, 0.8161125937822715, 10992.99303726294, 558.9521972855654, 19.993254080593427, 2.7846789510112577, 0.12086521258028364, 533.5700324987745, 0.818993145073208, 10990.255472061506, 559.1288590273034, 18.23894850148991, 2.7846786942336084, 0.11953663252415836, 533.1709494534423, 0.81562888793013, 10982.601710456393, 559.3057232385354, 16.18354648404944, 2.5421202308056516, 0.11681470720937151, 533.2924250770382, 0.8121988343495176, 10982.248314191273, 559.4553002530924, 13.750494800281338, 2.2738322147069, 0.11798787556709835, 535.103993549919, 0.822889234010132, 10988.498180204544, 559.682364645411, 10.36524843247004, 2.2738310686384247, 0.11811683749844479, 549.905936169091]}