{"obs_size": 14289583, "obs_mean": [5197.911268460975, 564.1908726097886, 2.7685087101562025, 0.07055402892240495, 0.10053976677786852, 628.1608413856931, 0.5552537874618394, 5206.441129106093, 564.5595784705542, 2.620109628111611, 0.07024407853134042, 0.10054623667107648, 629.3835799348369, 0.5554259353824745, 5207.706357136712, 564.9794306103964, 2.4427910877455274, 0.06933274886727675, 0.10053562637454222, 630.7539039989698, 0.5552060887991279, 5210.538495594957, 565.4671733247919, 2.265644490815442, 0.06872192578503548, 0.1005307296730072, 632.1560014041423, 0.5560485372456668, 5209.938629110914, 566.0089347603775, 2.0624916066480035, 0.0681103186484942, 0.10062651144802498, 634.1406507682327, 0.5556887469704692, 5212.217795614977, 566.607284971157, 1.8517178562873389, 0.06719761566562892, 0.10062380734462271, 636.4905721171888, 0.5574323984822086, 5214.946857621613, 567.2241378912177, 1.6231386878119536, 0.06658526832757228, 0.10080137720071985, 639.6954712292164, 0.561400054851183, 5216.926158605522, 567.8631544391462, 1.3721278640531358, 0.0659721805435547, 0.1011317864617189, 646.0022044903618, 0.577247597078274, 5255.450661660004, 566.250738037632, 1.1346057474175417, 0.06415554455396644, 0.10239589770534281, 658.551222615709], "obs_std": [10925.087577536156, 557.7775923986494, 25.456436834281764, 5.793534145355378, 0.13264519732125496, 533.5797029804744, 0.8635775938320581, 10939.118635113438, 557.7089938892847, 24.458814300642395, 5.681034530148119, 0.13064070689689503, 533.0282475998614, 0.8615615086956605, 10950.49342353874, 557.6844691845909, 23.29675573972996, 5.329306389446884, 0.13146710710417386, 532.7525750242661, 0.8552460442649162, 10943.171882766057, 557.7420078011852, 21.988129373210008, 5.0813129792934495, 0.13052794037656856, 531.9581726998819, 0.8574976651864199, 10949.084653719116, 557.8041176015106, 20.425164082822697, 4.820578458962772, 0.130736519071206, 531.8343737792046, 0.8465076674947625, 10944.335596925011, 557.9300177582788, 18.65467733591989, 4.400605470213385, 0.1286577849728574, 531.9506866145243, 0.8472152925879431, 10940.010910091283, 558.0294435407362, 16.55889788069164, 4.096774579982784, 0.12986818908385545, 532.8498503198556, 0.8561093633687737, 10947.9944944976, 558.324632850705, 13.958212321799492, 3.7685266552887158, 0.13162225446351988, 536.6833531189711, 0.9068017847257704, 10963.446256116169, 557.4941117577453, 10.615327151579015, 2.540961764775658, 0.1400765088904466, 547.9420090912099]}