{"obs_size": 14289583, "obs_mean": [5223.436173352459, 569.0099184839753, 2.7746723609779234, 0.06569763331554862, 0.09910633179981485, 633.289345799993, 0.5453781628897393, 5228.134813712566, 569.3873795337483, 2.6235550050690772, 0.06568908752880315, 0.09909586875201255, 634.5975875408458, 0.545519195486705, 5229.299743423206, 569.8136141551506, 2.44656159665401, 0.06568025504201878, 0.09909036513178884, 635.9872409420202, 0.5454311025731531, 5230.590317681907, 570.3009744231165, 2.2653206185232975, 0.06567120133506317, 0.09907875377748931, 637.4660412626893, 0.5459658018012546, 5230.311068081786, 570.8724596092133, 2.061043418831746, 0.06566143014656886, 0.09913710034225667, 639.519324531679, 0.5456999977536487, 5233.040164449858, 571.4894311471511, 1.8459445597537731, 0.06565067516043668, 0.09909794890606675, 641.9855733464967, 0.5469800719867454, 5235.355296626817, 572.1975974386376, 1.6130943079304694, 0.06533952276354804, 0.09918868884291385, 645.3231783616565, 0.5499054856954618, 5240.762992881464, 572.9368882213007, 1.3593015275533233, 0.06502796279017418, 0.09939007573055145, 651.3253971311811, 0.5604841880270834, 5280.933863747009, 572.3672354189762, 1.1119468636698495, 0.0638135083699155, 0.10012386461270467, 661.9715587115467], "obs_std": [10931.857807244272, 558.8314613284548, 25.615257164671803, 3.5931713926353135, 0.12084473411900394, 536.5011349448687, 0.8160578348732296, 10945.26378468473, 558.7561977685982, 24.61183436952502, 3.5931709923939965, 0.11865017263440521, 536.0491777411752, 0.8149198213944626, 10951.583828308576, 558.753005438013, 23.44179765487219, 3.593170575331554, 0.11936993905399387, 535.6324777871645, 0.8087968637884392, 10941.180161847633, 558.8160650165879, 22.130684198317752, 3.5931702319581933, 0.11825265686479901, 534.8205528535492, 0.8064207686148697, 10946.053084344428, 558.8950527261011, 20.55965493419929, 3.593169811498581, 0.11823559727736885, 534.7152978435473, 0.8037821237594538, 10943.557795336219, 559.0495215857311, 18.773292160561713, 3.5931693070715816, 0.11587104877846047, 534.762916938117, 0.8013430799764074, 10938.633401657713, 559.2292348642837, 16.659105949336137, 3.408809363295266, 0.11643390336318077, 535.7403843461639, 0.811372117607194, 10945.1810044478, 559.6359881425667, 14.030756966907939, 3.2138911934794976, 0.1155885729490641, 539.4164199445438, 0.83687559479901, 10953.676183383988, 559.5134694053118, 10.638802894710613, 2.2727865603404522, 0.12018019399079666, 547.9063380275429]}