{"obs_size": 14240282, "obs_mean": [5243.8709195441215, 561.4547850948456, 2.197808372053306, 0.06568437908337289, 0.10103760597002213, 634.1558860185995, 0.5649716301966496, 5245.819948535247, 561.806038532102, 2.110909952485492, 0.06567752299021401, 0.10105112542820543, 634.944468349667, 0.5645253298354653, 5248.698669097132, 562.1313524549586, 2.026486413681976, 0.0650669844373257, 0.10104763169921799, 635.8789380974896, 0.565608570040963, 5247.603501701134, 562.4635442612724, 1.9297755479842322, 0.06475739768167, 0.10109468692600371, 637.0363577814398, 0.5650372673799581, 5251.855157025592, 562.7781713873362, 1.8095864955483325, 0.06474877574503982, 0.10105914132178075, 638.2821601433105, 0.5653745358413541, 5251.589904723829, 563.1395594553534, 1.6620554986200413, 0.06473974830653813, 0.10107182906511335, 639.7243456948801, 0.5655416984017659, 5254.17343495688, 563.5376857003255, 1.4807684286027483, 0.06442882194847856, 0.10102277188991081, 641.1373832574345, 0.5655760740552828, 5255.176786770092, 563.9812852723, 1.3011737408009196, 0.06441926309887148, 0.10103728170102187, 642.8744144324298, 0.5666660171476955, 5257.604990340716, 564.4635675754174, 1.0974270032012006, 0.06320335043716951, 0.10109441437753885, 660.331976636132], "obs_std": [11084.846689552583, 560.9384644684804, 21.190560013726653, 3.5994014781995824, 0.1254330883338318, 530.8423029349781, 0.8199613572241443, 11088.0271241084, 561.0216831839992, 20.626185534718164, 3.599401075607653, 0.1243875588500606, 530.6560969760453, 0.8176863605302815, 11089.495553754356, 561.0389955990536, 19.986063984514466, 3.2194689272844506, 0.123069941273693, 530.4884584622184, 0.8168273920464781, 11086.33550166175, 561.0846966041759, 19.24120846457347, 3.011581655087494, 0.12330554524724792, 530.5844743096137, 0.8146442790827826, 11093.932799284334, 561.0343081329252, 18.255940961980965, 3.011580828505695, 0.12244771743557085, 530.6537781245614, 0.8164662451389649, 11089.208442105779, 561.0108117186938, 16.853878840868454, 3.011580118012304, 0.12136439937498203, 530.5777232389469, 0.8130874667969564, 11099.815826027472, 561.0263462191137, 15.029745487631711, 2.788235639283172, 0.12035295671210362, 530.324795136545, 0.8112849879910574, 11095.78441507027, 560.986125619888, 12.804283922448255, 2.7882349486350484, 0.11934273587957765, 530.1588687064085, 0.8076556431632577, 11100.425325254908, 560.981739110645, 9.863597715953835, 1.6102302098023857, 0.11776591418049294, 539.2393252048827]}