{"obs_size": 799948, "obs_mean": [1862.3290614173318, 393.2146264507193, 4.396237005405351, 0.07426157536113628, 0.1806626710686192, 431.88670711096876, 1.0873039935096958, 1860.1731404799714, 393.5398038372494, 4.263573382269848, 0.07424027998443752, 0.18057716154049983, 433.03303680991445, 1.0877965542761154, 1857.1346725504277, 393.6886597628846, 4.08949831739063, 0.07421815224738491, 0.18056330323970968, 434.4065854422137, 1.0867812107787842, 1851.9374125301165, 394.1287208668563, 3.8992509513118354, 0.0741975002525055, 0.1803366538174923, 436.1416249456289, 1.0871694247626802, 1848.4224186214062, 394.4221274382835, 3.6865683769445012, 0.07417622132687508, 0.18020088700140166, 438.0489596965589, 1.086523925305236, 1845.5553230368942, 394.77907939016035, 3.455723372019181, 0.07415458242784653, 0.17997275899433848, 440.1084320755874, 1.0862206268408503, 1844.959883585735, 395.09372734227725, 3.205535859830889, 0.0741301686497013, 0.17977225921559492, 442.32986713804144, 1.0863425972689063, 1846.8217725018364, 395.50382774880364, 2.9195647717101614, 0.0741053091163317, 0.17977485762074844, 445.0019239075536, 1.0867050195763803, 1848.1168384970115, 395.8105151834869, 2.626338211983779, 0.07407931187776143, 0.17954028128953242, 451.7653562456627], "obs_std": [3986.1487974065653, 478.51545233775386, 24.842065101931198, 0.07020625889115434, 0.2395645342206998, 369.4951599627446, 1.3792168821559856, 3970.076802021617, 478.483177872363, 24.154481486206, 0.07007876143835927, 0.2400538801971494, 369.4486940933389, 1.3801468827720997, 3969.278380967117, 478.29535352891924, 23.175143445873644, 0.06997961217648034, 0.2392815445083047, 369.7138808395701, 1.368946415438089, 3950.4343434045436, 478.2568691881338, 21.963778176474722, 0.06988385972085508, 0.23841162570417715, 369.6007124434674, 1.3766874113731253, 3931.978847446231, 478.1407934334174, 20.668979514942684, 0.06979436149519225, 0.23752672059915575, 369.6567321027188, 1.3740731905714032, 3918.293150050557, 478.0265457776192, 19.176773702083707, 0.06971538822365965, 0.2364523852242377, 369.2499338196614, 1.3659103514573023, 3908.2969182900865, 477.79149485494094, 17.270844973389572, 0.06960087557192259, 0.2354147647296456, 369.16191716102674, 1.360902786111161, 3911.5106791540393, 477.7341171318668, 14.819722202747569, 0.06950810554194793, 0.235529849401915, 368.8514209847329, 1.3656684160980257, 3906.727846183441, 477.46198747081894, 11.842403755450398, 0.06940709964022597, 0.23365974906990467, 368.29428831721583]}