{"obs_size": 14251917, "obs_mean": [5239.100010606319, 564.7598156093667, 2.2953668618754937, 0.06349863762103783, 0.09776230842636797, 636.18801571943, 0.5398471919953026, 5239.35921325923, 565.0425159646944, 2.207965917848104, 0.06349175695375629, 0.09774088629522608, 637.1099692554093, 0.5398510060085278, 5245.090033960833, 565.3534269109202, 2.105546222308199, 0.0634848435636488, 0.09774655640360592, 638.1957655924249, 0.5400766651952921, 5241.692576021427, 565.7051260542704, 1.9811983187945872, 0.0634769454229986, 0.09774117345315833, 639.3962235513051, 0.5403085692261658, 5246.939458525275, 566.1005422638934, 1.8259580798849724, 0.06346905675721418, 0.09775541245223356, 640.8265984054392, 0.5406046597099934, 5246.697826959115, 566.4510510410635, 1.6446249301058937, 0.06346054149796872, 0.09773670988765937, 642.4445392184556, 0.5407645483761974, 5248.755897534658, 566.9276340158312, 1.4544113609418299, 0.0634515680120158, 0.09772599841951043, 644.2217425674417, 0.541094837978644, 5254.31947212175, 567.4897303289094, 1.2469700041054126, 0.06314139276773194, 0.097730738783001, 646.2218019464062, 0.5414308340414804, 5253.474976119525, 567.9642869797796, 1.0224882028151019, 0.06313200907113858, 0.09773163344629278, 658.1088946764145], "obs_std": [10923.392452699227, 554.3141950698298, 22.648305034341043, 1.9710121640387384, 0.11132769361067013, 528.2007409308804, 0.7570535771200912, 10920.152115773612, 554.3610728359548, 22.07051424264871, 1.971011419281635, 0.11052929585624838, 528.2277615864781, 0.7540444696931577, 10932.228682116198, 554.2482973956459, 21.356711312014784, 1.9710108410145162, 0.10937885210809675, 527.9640037459337, 0.7539860813902637, 10917.093087933268, 554.3788512232283, 20.439678949578354, 1.9710101656681234, 0.10825217285238142, 527.8915890312464, 0.7552026968479255, 10931.779277734959, 554.3110527471687, 19.092323033841218, 1.9710096342342767, 0.10820886854790877, 527.8229224151517, 0.7551646635908327, 10928.59040684802, 554.1899485377613, 17.437367511053168, 1.9710090064272405, 0.10659939612813284, 527.7294030875506, 0.7549284048417764, 10930.417901216546, 554.1803919065927, 15.514643381280793, 1.9710084471140337, 0.10399848406324139, 527.6034468881995, 0.7499953040199346, 10942.45465621269, 554.1669812917247, 13.122455645222566, 1.6095273441796356, 0.1032681236559191, 527.4976446240985, 0.7484945526830513, 10931.005519114824, 554.0970528621024, 9.913721167237773, 1.6095265946772943, 0.10271015043402641, 529.5882456359348]}