{"obs_size": 328347746, "obs_mean": [5249.5047919479075, 550.7607328512009, 2.011857209459876, 0.06035202289311208, 0.09148000754753735, 620.7336344667135, 0.4986987489673876, 5251.237948956396, 550.9680378070872, 1.933883645420243, 0.06005981381179532, 0.09147501860998002, 621.4782152561447, 0.49878256157650563, 5252.755934463109, 551.2173301716532, 1.845330008752367, 0.059806426190126875, 0.09147160579705, 622.2901187961303, 0.4988984247182027, 5253.3450750995535, 551.4830590126851, 1.7409464476725842, 0.05959190509439175, 0.09147552980563158, 623.2075001338334, 0.49902621109639017, 5255.1100013855585, 551.7640415354037, 1.6028638125629155, 0.059403011978393226, 0.0914664861791342, 624.2429802671278, 0.49907236996994014, 5255.942837400542, 552.0838841421502, 1.4468956823598844, 0.059200633330969775, 0.09145174695080692, 625.4331868042196, 0.4991478030632713, 5257.869963085298, 552.4628679071245, 1.278061762604577, 0.059037038150806645, 0.09144171649103662, 626.6763223475276, 0.4991941445772921, 5260.322189639689, 552.8565659470065, 1.095969463423696, 0.058781589947087334, 0.0914377081541924, 628.031528962993, 0.49925005413701107, 5263.110904449266, 553.2995300872263, 0.8990936121729918, 0.058551991951820405, 0.0914242087322928, 633.9191598911676], "obs_std": [10817.754826432802, 520.00827877193, 21.245991237234115, 2.941680763402891, 0.10061982725301397, 489.0469621706546, 0.7313203931258493, 10819.725977203518, 520.0114231121707, 20.677412703542952, 2.7235175058829824, 0.10040019752863291, 488.9982824474973, 0.7295196020022876, 10820.468738717509, 520.0172232099367, 20.004943664116073, 2.519949503111448, 0.100257529709537, 488.8951702164739, 0.7282528589762738, 10820.10897327769, 520.0349758036882, 19.157620835202803, 2.3347977985594537, 0.10010639363576358, 488.79891556150744, 0.7268767339766335, 10824.188180643378, 520.0311751450512, 17.930116811112924, 2.1598086365568205, 0.09992879040480024, 488.68431016492383, 0.7249412005651019, 10823.417145560836, 519.9914081657199, 16.43246768780652, 1.9550158272583613, 0.09965179588508659, 488.52509428248817, 0.7232451305377269, 10825.374354236188, 519.9780106217843, 14.639996860420098, 1.7742426022137867, 0.09934941723362002, 488.24044234196776, 0.7210011802790909, 10827.541676954766, 519.9567485049323, 12.416466776386681, 1.4424057069407463, 0.09901350507020168, 487.97031406553083, 0.7190871777573377, 10829.062073611718, 519.9601414350826, 9.437112695541757, 1.0608905309957988, 0.09886165298922565, 486.351761094498]}