{"obs_size": 14289583, "obs_mean": [5188.505044787916, 562.7662677770234, 2.794378744292258, 0.06532465349808449, 0.10039569003203229, 620.4917990628595, 0.5372124290120874, 5191.993114585767, 563.176921327935, 2.641666310346495, 0.06531648444073694, 0.10038244202626477, 621.9492955438013, 0.5374651326074287, 5195.390034262528, 563.5499759510127, 2.4693906743114895, 0.0653080229164922, 0.10038781294968546, 623.4088551817533, 0.5376738536037035, 5194.395252010874, 564.0262086024484, 2.28310049355534, 0.06529912632748747, 0.10038690298464283, 624.8372740286368, 0.5378626300011607, 5195.927613708529, 564.4971338211899, 2.083007880635845, 0.06528970674155568, 0.10043537179335517, 626.8090268243673, 0.5378917046774466, 5198.744019594409, 564.9965647702946, 1.8658588567630001, 0.06527981606161075, 0.1003812317848606, 628.8547701115818, 0.5383287394740586, 5201.124059753213, 565.5331297631287, 1.629950293161109, 0.06496962139882813, 0.10038515944111108, 631.1959981020665, 0.5390442067483638, 5207.357860551707, 566.1307667270626, 1.3768149847339841, 0.06465844907833401, 0.10041748848899279, 634.2299813116053, 0.540464611318605, 5211.448186199937, 566.5093200410397, 1.1104876188479396, 0.06374607319626621, 0.10049607454493273, 639.2073297635557], "obs_std": [10843.993947342264, 553.7762554416607, 25.636161133089907, 3.213900323592182, 0.12098307091491614, 523.8906225773325, 0.7678636323718239, 10850.768513100144, 553.7381071076285, 24.648619933380413, 3.213899905937864, 0.11960664252874413, 523.7723872643554, 0.767381488174367, 10858.18948789156, 553.6913003594893, 23.484843747515118, 3.213899447854645, 0.11986855536288055, 523.7214037323924, 0.7637742827840732, 10850.61856715791, 553.7222510340042, 22.17884463394822, 3.2138990194382018, 0.11855661936166713, 523.1783957727138, 0.7618572002513744, 10853.888778626375, 553.6660717126131, 20.61988798971318, 3.21389858130827, 0.11836534908593467, 523.1229546235362, 0.7593843440327176, 10857.772763018445, 553.6144813513553, 18.841519375786177, 3.213898078982658, 0.11650291748554968, 522.9483868829002, 0.7581486954516417, 10855.24652669043, 553.5013390037433, 16.73322810878109, 3.006369339718559, 0.11529411195144124, 522.8576076429056, 0.7611324495710645, 10867.486869318136, 553.5318538024424, 14.106854405916769, 2.7834100819485523, 0.11453262267780374, 522.720186819509, 0.7583132818933382, 10869.793783043413, 553.4164032416276, 10.673625706514917, 1.9684305987941337, 0.11346981199841397, 522.1737327818901]}