{"obs_size": 14276570, "obs_mean": [5224.286302364536, 567.9671740481081, 2.597219570246915, 0.06472430400124818, 0.09934242001902448, 633.1191794673389, 0.5482206611952664, 5232.167113921358, 568.2803904579321, 2.4788381943281896, 0.06441541266208199, 0.09934577104668754, 634.2383643806544, 0.5477878531048076, 5229.525722630316, 568.7508101035473, 2.332423824490056, 0.06440644587068883, 0.09934684459278402, 635.3666003979464, 0.5477329260460064, 5241.408304698115, 569.1730063313528, 2.1518230919611643, 0.06439698701271382, 0.09931852707309899, 636.7560524780537, 0.5473977781078093, 5231.199627354662, 569.7371650893737, 1.9720219912766161, 0.06408658064570846, 0.0993165441788189, 638.2256199370494, 0.5481331160776393, 5237.453478700268, 570.3821945327203, 1.7668928180928611, 0.06407644523643298, 0.09934175204702624, 640.0669868272231, 0.5481883605096034, 5239.641070110962, 571.0580586233248, 1.5529464710361103, 0.06376487570607678, 0.09933969673240858, 642.6217032447278, 0.5494014808179152, 5237.418757396636, 571.6907757955867, 1.3251781765508102, 0.06345357313536083, 0.09943286427475323, 646.370785069619, 0.5528262456598926, 5290.468573326032, 572.1839891514559, 1.0719403189981906, 0.06344109587233486, 0.09969182998108127, 664.1303176985274], "obs_std": [10954.206098643865, 557.687302089747, 24.508642701472905, 3.007740914565089, 0.12315014605665067, 534.9882049436123, 0.8261531737308098, 10961.257594680645, 557.6181437520006, 23.759454836682405, 2.784680236590575, 0.12256933214585689, 534.5009299637873, 0.824174964415671, 10967.49658817273, 557.6963886826388, 22.693698909968, 2.7846797118026534, 0.12256263680253415, 533.9012314250224, 0.8265556267675861, 10968.263573899285, 557.801714108109, 21.417699110765707, 2.784678984812699, 0.12200457853132361, 533.3056039608763, 0.8166970355662038, 10963.551186385757, 557.8984144959595, 19.921402490695908, 2.542119706310195, 0.12162422558808722, 532.5842743678817, 0.8195086058952331, 10962.568027253126, 558.0701537662294, 18.16608426020693, 2.542119052111414, 0.11926547586240084, 532.1814923401586, 0.815137814665142, 10959.643714262193, 558.260194325701, 16.106272160973628, 2.2738307702770433, 0.11684433819838785, 532.3266396759963, 0.8117847935733559, 10958.764949710692, 558.4169030936946, 13.676698889438649, 1.9693261585039332, 0.11819040130533615, 534.216813754114, 0.8227328357476614, 10968.480480807933, 558.6584163844323, 10.314772357692878, 1.9693245421696273, 0.11976549292496282, 549.2489150726049]}