{"obs_size": 14289583, "obs_mean": [5215.366948319886, 566.921449562244, 2.7559629976606037, 0.06595882712750242, 0.09942103343190603, 631.776702183265, 0.5482360934535646, 5223.905911381495, 567.2798271300148, 2.606771030337274, 0.06594980451683564, 0.09940299173383838, 633.0474004536965, 0.5483311004247292, 5221.887564537512, 567.6824411881018, 2.4296949743040086, 0.0659405706059509, 0.09938310802708544, 634.4382481956716, 0.5482230771185307, 5225.129593837033, 568.1496123434813, 2.2499814725174274, 0.0659313248924126, 0.09938787356789895, 635.8367674398856, 0.5488670763171011, 5224.0182259755675, 568.7149305196659, 2.047059805734009, 0.0659215169464426, 0.09946113882203607, 637.8372857321796, 0.5486098863767035, 5226.451312576483, 569.3036240455723, 1.8349785994454841, 0.06591116591268613, 0.09942170072604624, 640.227609643524, 0.549934780532122, 5231.147599157038, 569.9714050438, 1.605180081182215, 0.0655997493666617, 0.09952753386568303, 643.5140356185813, 0.5534253022639387, 5231.849346327842, 570.6756321720513, 1.354964452076733, 0.06528788828254169, 0.09978470151683255, 649.6674549954753, 0.5658680666189216, 5279.741352766709, 569.7627916783856, 1.1116543428874026, 0.06407273488128386, 0.10068617600688622, 661.1052306169714], "obs_std": [10935.4919757792, 557.0653676996113, 25.480683867991424, 3.7685288109454764, 0.12414238654777388, 535.7583793033687, 0.8311645480172516, 10952.317906031272, 556.9732422284131, 24.48493136268214, 3.7685281326773805, 0.12175600502648383, 535.2556663776242, 0.829656240687974, 10954.81215028812, 556.9255805632778, 23.31626814687475, 3.7685274327229923, 0.12264583505561866, 534.8726064259973, 0.8230036490738968, 10945.402770483091, 556.9694258558179, 22.001100860941143, 3.768527088538736, 0.12156013397217437, 533.9729847527403, 0.8241964566624883, 10949.640782024298, 557.0284900704735, 20.43814675832536, 3.7685269217364867, 0.12198016921952166, 533.7663608671596, 0.8187659550274816, 10947.772101622011, 557.147388735585, 18.66191637675263, 3.7685266975667138, 0.1194781107958154, 533.8061722406729, 0.816646038069231, 10943.45318801426, 557.2518491210407, 16.562786286816596, 3.5931751156049443, 0.12017046806243324, 534.8191486636152, 0.8304645107238909, 10950.018260369743, 557.5730695197068, 13.9620381283573, 3.408815412118634, 0.12010716671922211, 538.8290007227826, 0.8634226697191386, 10966.602864800323, 557.1780052430375, 10.59810769633564, 2.540961010066119, 0.1256702331095613, 548.8729951861584]}